campaign_id,variant,n_controls,control_upcs
397,K5,5,"7800000162,2950011762,6647947330,7800000109,8813099464"
397,K10_primary,10,"7800000162,2950011762,6647947330,7800000109,8813099464,7336070919,7840000753,3120000839,8939615612,8939615651"
397,K20,20,"7800000162,2950011762,6647947330,7800000109,8813099464,7336070919,7840000753,3120000839,8939615612,8939615651,4300098080,4100000991,1200000566,7840000267,6647987430,8939615152,74879400003,3828100385,4100000990,7336037341"
397,lowcross_K10,10,"5400073508,5096833008,7336070661,7840000764,7910332074,7478000006,6647987450,7802316151,1200010430,1660051572"
604,K5,5,"2950011762,7800000162,6647947330,7800000109,1200000050"
604,K10_primary,10,"2950011762,7800000162,6647947330,7800000109,1200000050,7840000753,3120000839,8813099464,7336070919,8939615612"
604,K20,20,"2950011762,7800000162,6647947330,7800000109,1200000050,7840000753,3120000839,8813099464,7336070919,8939615612,4100000991,6647987430,1200000566,8939615651,3828100385,8939615152,7840000143,7279600281,4300098080,7840000267"
604,lowcross_K10,10,"7802316151,7336037905,7910332074,1660000006,7840000257,7910332034,1200000295,1200000567,5400073508,4900000164"
954,K5,5,"2950001682,7800000079,8390000003,4100000992,4100000990"
954,K10_primary,10,"2950001682,7800000079,8390000003,4100000992,4100000990,470,1200000490,5490000029,1200000494,8390000004"
954,K20,20,"2950001682,7800000079,8390000003,4100000992,4100000990,470,1200000490,5490000029,1200000494,8390000004,1660000064,1200000085,7478000005,2950005682,1660000006,3828100329,4900000050,4900001968,4100000991,3828100331"
954,lowcross_K10,10,"8939615615,6647947031,1660051348,7297900217,7235000011,7143400153,7800000161,7840000732,2500000701,7840000257"
1613,K5,5,"7800000038,4100000991,1200000494,1200000085,4900001968"
1613,K10_primary,10,"7800000038,4100000991,1200000494,1200000085,4900001968,1200000490,4100000990,2950001682,470,4100000992"
1613,K20,20,"7800000038,4100000991,1200000494,1200000085,4900001968,1200000490,4100000990,2950001682,470,4100000992,8390000003,7800000162,2950011762,6647947330,7800000109,3120000839,1200000131,7840000753,8939615612,7336070919"
1613,lowcross_K10,10,"7336070918,4150880000,7840000273,4900000164,1200010799,1200000120,2500000717,3828100333,1660055220,7241005100"
4605,K5,5,"7170210213,4900000524,7802328263,7840000259,6647987850"
4605,K10_primary,10,"7170210213,4900000524,7802328263,7840000259,6647987850,7840000263,3828100389,3828100381,8939615150,4900000522"
4605,K20,20,"7170210213,4900000524,7802328263,7840000259,6647987850,7840000263,3828100389,3828100381,8939615150,4900000522,2950007254,3828100365,4900000044,3828100373,3828100377,2950002254,1200000134,1200000129,4150880000,4100000147"
4605,lowcross_K10,10,"7802328265,5096833001,7336084102,3828100207,7747000001,3120000894,1660051344,2950090762,1060849929,7840000738"
4779,K5,5,"4900000044,1200000129,2950001762,7241005100,7840000263"
4779,K10_primary,10,"4900000044,1200000129,2950001762,7241005100,7840000263,7336061905,1200000131,1060849935,3828100333,1200000134"
4779,K20,20,"4900000044,1200000129,2950001762,7241005100,7840000263,7336061905,1200000131,1060849935,3828100333,1200000134,7336023905,4100010288,1660051470,1060849933,1660055220,1690000301,7840000732,7336074661,1660051344,7802328263"
4779,lowcross_K10,10,"1660000064,7336070991,1060849928,7336070958,4100000997,1660051170,74879400006,1200000910,7800000109,4900000045"
5147,K5,5,"1200000131,1200000130,4900000045,4100000991,4900001968"
5147,K10_primary,10,"1200000131,1200000130,4900000045,4100000991,4900001968,3828100329,3828100331,7478000005,1660000006,4100000990"
5147,K20,20,"1200000131,1200000130,4900000045,4100000991,4900001968,3828100329,3828100331,7478000005,1660000006,4100000990,1660000064,1200000134,4100000992,3828100389,4100000995,3828100333,4900000044,1660000036,1200000129,7336037341"
5147,lowcross_K10,10,"1200000566,3828100365,7336070924,4900000403,7572000040,8939615612,3120000894,1200000203,7336084103,6647947031"
8361,K5,5,"7800000103,5490002050,7800000161,5080060121,7800000162"
8361,K10_primary,10,"7800000103,5490002050,7800000161,5080060121,7800000162,2950081294,5490000036,1200000848,4171021798,5490002073"
8361,K20,20,"7800000103,5490002050,7800000161,5080060121,7800000162,2950081294,5490000036,1200000848,4171021798,5490002073,5096800012,5490002076,4171080001,1200000131,7800000109,475,5080080007,4100000991,7206301217,7833577742"
8361,lowcross_K10,10,"2950021254,3120000827,2950000001,4900002504,2950000084,1200000129,2950005254,7241004640,3120000883,2950094254"
8620,K5,5,"7800000038,1200000130,4900000045,4900000929,1200000131"
8620,K10_primary,10,"7800000038,1200000130,4900000045,4900000929,1200000131,1200000085,7800000162,2950011762,7800000109,6647947330"
8620,K20,20,"7800000038,1200000130,4900000045,4900000929,1200000131,1200000085,7800000162,2950011762,7800000109,6647947330,1200000494,3120000839,7840000753,8939615612,7336070919,8813099464,8939615651,4300098080,1200000566,6647987430"
8620,lowcross_K10,10,"7840000213,2500000717,4150880000,6647987450,7478000006,3828100333,7840000273,4900000164,1200010799,1200010430"
9003,K5,5,"7800000079,2950001682,4100000990,4100000992,8390000003"
9003,K10_primary,10,"7800000079,2950001682,4100000990,4100000992,8390000003,5490000029,1200000490,470,1200000494,1200000085"
9003,K20,20,"7800000079,2950001682,4100000990,4100000992,8390000003,5490000029,1200000490,470,1200000494,1200000085,4100000991,4900001968,8390000004,1660000064,7478000005,2950005682,3828100329,4900000050,1660000006,3828100331"
9003,lowcross_K10,10,"3120000827,7840000758,7800000825,7840000732,7336070918,2500000703,6647947031,3828100207,7833577746,7143400153"
9451,K5,5,"5490000030,7279600271,4100000994,7336037341,7336071016"
9451,K10_primary,10,"5490000030,7279600271,4100000994,7336037341,7336071016,1200000121,7336070919,3828100397,2500000703,4100000997"
9451,K20,20,"5490000030,7279600271,4100000994,7336037341,7336071016,1200000121,7336070919,3828100397,2500000703,4100000997,4100000995,8390000004,2500000701,3828100385,1200000294,7336023341,7336070943,3120000809,2500000714,1200010430"
9451,lowcross_K10,10,"7840000143,2950080762,7020210603,6647987050,1690000083,6647947430,4900002398,1060880028,7020200005,74879400006"
10888,K5,5,"7800000103,8390000004,5490002050,7800000161,5080060121"
10888,K10_primary,10,"7800000103,8390000004,5490002050,7800000161,5080060121,4100000992,7800000162,4100000990,2950081294,1200000848"
10888,K20,20,"7800000103,8390000004,5490002050,7800000161,5080060121,4100000992,7800000162,4100000990,2950081294,1200000848,5490000036,4171021798,8390000003,5490002073,5096800012,5490002076,4171080001,1660000064,7800000109,475"
10888,lowcross_K10,10,"2950021254,1060849929,2950000001,4900002504,3120000883,7840000271,2950005762,2950089933,2950000084,2950005254"
11066,K5,5,"2950000001,3828100207,7800000103,3828100211,7800000161"
11066,K10_primary,10,"2950000001,3828100207,7800000103,3828100211,7800000161,5490002050,5080060121,2500000703,7800000162,5490000036"
11066,K20,20,"2950000001,3828100207,7800000103,3828100211,7800000161,5490002050,5080060121,2500000703,7800000162,5490000036,4100000990,3828100315,3120000894,1200000848,1200000070,1200010430,4150880012,4171021798,3828100393,7336070943"
11066,lowcross_K10,10,"7747000001,3828100385,2950085254,2950091762,1299337915,8390000004,4900000554,6647947830,7833577742,1660051348"
11156,K5,5,"4930130102,10967015,4900000572,4900000551,4900000569"
11156,K10_primary,10,"4930130102,10967015,4900000572,4900000551,4900000569,4300000690,4900000639,4930110102,4900000935,4930110003"
11156,K20,20,"4930130102,10967015,4900000572,4900000551,4900000569,4300000690,4900000639,4930110102,4900000935,4930110003,4900000550,4900000663,4900000243,7618332374,7802328260,4930110105,4930110101,4930130001,1200000863,7170245367"
11156,lowcross_K10,10,"1060810010,4154526485,7170240367,7802328264,1690000303,4930110007,7370700005,5491300008,7802348533,2950005682"
11513,K5,5,"2950082932,2950081932,7370700005,1115605702,4900001478"
11513,K10_primary,10,"2950082932,2950081932,7370700005,1115605702,4900001478,7802348527,7802341030,1060810010,7802310185,10967051"
11513,K20,20,"2950082932,2950081932,7370700005,1115605702,4900001478,7802348527,7802341030,1060810010,7802310185,10967051,7818000005,1200000735,1200000752,3680016394,1200000757,7818000004,7802342626,3680016395,3680016397,7370700008"
11513,lowcross_K10,10,"4133104060,7370700009,3680016390,5353712051,4300000690,2950093312,4900001968,10967017,1200000395,4171015288"
13483,K5,5,"3828100207,7800000103,2950000001,2500000703,7800000161"
13483,K10_primary,10,"3828100207,7800000103,2950000001,2500000703,7800000161,5490002050,3828100211,2950005254,5080060121,7800000162"
13483,K20,20,"3828100207,7800000103,2950000001,2500000703,7800000161,5490002050,3828100211,2950005254,5080060121,7800000162,7336070943,3828100315,5490000036,1200010430,2950081294,3120000885,1200000848,1200000070,3120000844,3828100393"
13483,lowcross_K10,10,"7572000020,6647987051,7833577742,7747000001,7840000267,2950085254,2950091762,6647947830,4900000522,8939615608"
13564,K5,5,"4900000551,4900000569,7618316369,7618316374,7618316363"
13564,K10_primary,10,"4900000551,4900000569,7618316369,7618316374,7618316363,4930130102,4900000243,4900000634,10967015,1200000472"
13564,K20,20,"4900000551,4900000569,7618316369,7618316374,7618316363,4930130102,4900000243,4900000634,10967015,1200000472,4900000550,4900000572,7618316378,4900000639,4300000690,4930110102,4900000935,4930110003,4900000663,7618316370"
13564,lowcross_K10,10,"10967016,7618316376,4154526485,7618316379,4154508611,7618316371,7802328264,7170240367,1060810010,4930110007"
13591,K5,5,"2950082932,2950081932,7370700005,1200000013,1115605702"
13591,K10_primary,10,"2950082932,2950081932,7370700005,1200000013,1115605702,4900001478,7802348527,1060810010,7802341030,7802310185"
13591,K20,20,"2950082932,2950081932,7370700005,1200000013,1115605702,4900001478,7802348527,1060810010,7802341030,7802310185,7818000005,7370700008,10967051,7818000004,3680016394,3680016395,1200000735,1200000757,7802342626,4171015288"
13591,lowcross_K10,10,"1200000395,1115605633,7370700009,3680016390,1060870003,4300000690,5353712051,2950093312,4900001968,7840000057"
14053,K5,5,"2950005254,7800000103,3828100207,7800000161,3828100315"
14053,K10_primary,10,"2950005254,7800000103,3828100207,7800000161,3828100315,5490002050,7336070943,1200010430,3828100211,3828100393"
14053,K20,20,"2950005254,7800000103,3828100207,7800000161,3828100315,5490002050,7336070943,1200010430,3828100211,3828100393,3120000885,7800000162,5080060121,3120000844,3120000809,1200000130,5490000036,1200000121,4100000994,2950081294"
14053,lowcross_K10,10,"71416183711,6647987350,3828100329,1299323915,6647987051,4900000522,1690000302,1200000297,2950081254,7572000020"
14130,K5,5,"4900000551,4930130102,4900000935,10967015,4900000569"
14130,K10_primary,10,"4900000551,4930130102,4900000935,10967015,4900000569,4900000572,4300000690,4930110102,4900000639,4930110003"
14130,K20,20,"4900000551,4930130102,4900000935,10967015,4900000569,4900000572,4300000690,4930110102,4900000639,4930110003,4900000550,4900000663,7618332374,7618316369,7802328260,7618316374,4900000243,7618316363,4930110105,4930110101"
14130,lowcross_K10,10,"4154508611,4154526485,7802328264,1060810010,7170240367,4930110007,7370700005,1690000303,1200000473,4900000634"
14153,K5,5,"1200010038,2950082932,2950081932,7370700005,1200000050"
14153,K10_primary,10,"1200010038,2950082932,2950081932,7370700005,1200000050,1115605702,4900001478,7802348527,7802341030,7802310185"
14153,K20,20,"1200010038,2950082932,2950081932,7370700005,1200000050,1115605702,4900001478,7802348527,7802341030,7802310185,1060810010,7818000005,10967051,3680016394,7818000004,1200000752,1200000735,3680016395,1200000757,6647987730"
14153,lowcross_K10,10,"7818000006,7370700009,1115605633,3680016390,1200000395,1060870003,4300000690,5353712051,2950093312,4900001968"
14704,K5,5,"2500000703,1200010430,5490000030,4100000997,2500000701"
14704,K10_primary,10,"2500000703,1200010430,5490000030,4100000997,2500000701,2500000714,1200000294,7235000011,7279600271,7336070341"
14704,K20,20,"2500000703,1200010430,5490000030,4100000997,2500000701,2500000714,1200000294,7235000011,7279600271,7336070341,7279600005,1200000121,7336070943,7336023341,3120000894,4100000994,7336070919,7279600281,8939615612,3120000844"
14704,lowcross_K10,10,"6647987050,1660055220,1060880028,7800000530,6647947430,2950089762,2950091762,1200000203,1660051470,7840000764"
14917,K5,5,"5490000030,7279600271,7336070919,2500000703,7336023341"
14917,K10_primary,10,"5490000030,7279600271,7336070919,2500000703,7336023341,4100000994,1200010430,1200000121,7336037341,4100000997"
14917,K20,20,"5490000030,7279600271,7336070919,2500000703,7336023341,4100000994,1200010430,1200000121,7336037341,4100000997,2500000701,7336071016,2500000714,4100000995,3120000809,3828100397,7336070341,7336070943,8390000004,7235000011"
14917,lowcross_K10,10,"7840000753,1200000910,4900000403,7840000143,1690000083,4900002398,6647987050,1690000013,8939615611,2950090762"
15348,K5,5,"3680016391,7800000038,7370700006,3680016393,7279600006"
15348,K10_primary,10,"3680016391,7800000038,7370700006,3680016393,7279600006,10967017,7800000079,1060820016,4900000640,3680016390"
15348,K20,20,"3680016391,7800000038,7370700006,3680016393,7279600006,10967017,7800000079,1060820016,4900000640,3680016390,10967016,7370700005,5490000029,4300000690,1200000782,10967015,4900000990,4900000259,4154526485,4900000993"
15348,lowcross_K10,10,"1060810010,10967051,7802348527,4900001873,5353712001,2950020312,7802341026,4100010728,2950007254,2950081932"
15356,K5,5,"3828100361,2950082932,2950091312,2950093312,2950090312"
15356,K10_primary,10,"3828100361,2950082932,2950091312,2950093312,2950090312,7370700005,1200000755,2950085312,2950081932,4900001478"
15356,K20,20,"3828100361,2950082932,2950091312,2950093312,2950090312,7370700005,1200000755,2950085312,2950081932,4900001478,7279600271,7818000005,1115605702,1200000729,1060810010,7802310185,7802341030,7370700008,2950080312,10967051"
15356,lowcross_K10,10,"2950021312,7802341027,10967015,4171015288,3680016391,1115605633,7802310183,1200000395,7818000004,3680016390"
15944,K5,5,"4900000989,7800000079,3680016393,5490000029,5490000030"
15944,K10_primary,10,"4900000989,7800000079,3680016393,5490000029,5490000030,4900000640,3680016391,4900000990,7370700005,10967017"
15944,K20,20,"4900000989,7800000079,3680016393,5490000029,5490000030,4900000640,3680016391,4900000990,7370700005,10967017,1200000668,10967016,1060820016,7370700006,7279600006,4300000690,1200000166,4900001879,7370700008,10967015"
15944,lowcross_K10,10,"7802341026,6647987830,2950035254,10916745,4154508611,2950005312,5353712051,1060810010,4900001873,2950081932"
15951,K5,5,"3828100361,2950093312,1200000755,4900000640,2950082932"
15951,K10_primary,10,"3828100361,2950093312,1200000755,4900000640,2950082932,2950091312,2950080312,7279600271,2950085312,4900000989"
15951,K20,20,"3828100361,2950093312,1200000755,4900000640,2950082932,2950091312,2950080312,7279600271,2950085312,4900000989,4900000248,4900000193,7370700005,4900000990,2950081932,1200000757,1200000735,2950090312,1115605702,7818000005"
15951,lowcross_K10,10,"3680016397,7818000004,1200000494,10967016,7802348533,3680016391,1200010038,1115605633,7802342627,7802310183"
16836,K5,5,"2950085932,1660000026,2950081932,7336070919,2950089932"
16836,K10_primary,10,"2950085932,1660000026,2950081932,7336070919,2950089932,2950080932,2950093932,7020211704,7336070943,1660051572"
16836,K20,20,"2950085932,1660000026,2950081932,7336070919,2950089932,2950080932,2950093932,7020211704,7336070943,1660051572,2950002932,7336070997,7478000005,7747010202,7336070916,2950086932,7336070918,1660000036,7747010201,3828100333"
16836,lowcross_K10,10,"7514000032,6647987970,4900000045,7802316155,5737910501,2950094932,1200000203,1690000302,6647987330,7802316151"
17039,K5,5,"3828100361,2950093312,1200000755,2950082932,2950091312"
17039,K10_primary,10,"3828100361,2950093312,1200000755,2950082932,2950091312,2950085312,7279600271,2950080312,7370700005,2950081932"
17039,K20,20,"3828100361,2950093312,1200000755,2950082932,2950091312,2950085312,7279600271,2950080312,7370700005,2950081932,2950090312,4900001478,1200000757,1115605702,1200000743,7802310185,1200000735,7818000005,7802341030,7370700008"
17039,lowcross_K10,10,"3680016391,7802341027,4171015288,7802342626,1115605633,7818000004,7802342627,3680016393,10967015,1060870004"
17279,K5,5,"2950085932,1660051572,2950081932,7478000005,2950089932"
17279,K10_primary,10,"2950085932,1660051572,2950081932,7478000005,2950089932,1660000026,2950080932,7336070943,7747010202,2950093932"
17279,K20,20,"2950085932,1660051572,2950081932,7478000005,2950089932,1660000026,2950080932,7336070943,7747010202,2950093932,2950002932,7747010201,1690001753,7336070916,2950086932,7336070918,7336070997,7478000007,4300095265,1660051344"
17279,lowcross_K10,10,"2950035932,6647987430,7802328264,1200000203,7802316155,7514000032,1690000302,5737910501,2950021932,4154508603"
18198,K5,5,"1660051572,2950002932,7747010201,2950093932,1690001753"
18198,K10_primary,10,"1660051572,2950002932,7747010201,2950093932,1690001753,7747010202,2950086932,4300095265,2950081932,7478000007"
18198,K20,20,"1660051572,2950002932,7747010201,2950093932,1690001753,7747010202,2950086932,4300095265,2950081932,7478000007,7336070997,7336070918,1660051344,7336070916,2950083932,1690001751,1690001752,7336070938,7478000005,1660051397"
18198,lowcross_K10,10,"2950094932,7802316151,6647987330,1200000203,4900002319,7514000031,1690000302,2950035932,7802328264,1660000036"
18573,K5,5,"1660051572,1690001753,7747010202,2950093932,7478000007"
18573,K10_primary,10,"1660051572,1690001753,7747010202,2950093932,7478000007,7747010201,1660051344,4300095265,2950086932,2950081932"
18573,K20,20,"1660051572,1690001753,7747010202,2950093932,7478000007,7747010201,1660051344,4300095265,2950086932,2950081932,7336070918,2950002932,7478000005,7336070916,1690001751,7336070997,1690001752,1660000026,1660051397,2950083932"
18573,lowcross_K10,10,"2950094932,5096833001,6647987430,1200000203,7802316152,4154508644,7802328264,1660000036,2950035932,7297900217"
19394,K5,5,"1200000090,5490000036,7800000162,7833577742,5490002050"
19394,K10_primary,10,"1200000090,5490000036,7800000162,7833577742,5490002050,475,7800000161,4900001834,4100010288,5096800012"
19394,K20,20,"1200000090,5490000036,7800000162,7833577742,5490002050,475,7800000161,4900001834,4100010288,5096800012,1200000131,4900001968,1660000064,7020210605,2950005762,7840000041,1060830007,4171011288,1200000130,1299337915"
19394,lowcross_K10,10,"5020000778,1200000820,1200000295,1200000297,2950020574,4300095265,7618316398,7085939715,4640010274,7336061905"
19441,K5,5,"7800000162,1200000090,5490000036,7800000161,7833577742"
19441,K10_primary,10,"7800000162,1200000090,5490000036,7800000161,7833577742,7840000041,1200010430,5490002050,4171011288,4900001834"
19441,K20,20,"7800000162,1200000090,5490000036,7800000161,7833577742,7840000041,1200010430,5490002050,4171011288,4900001834,1660000064,3828100397,3828100385,1660000006,4100010288,1200000801,475,3828100389,7241004950,5096800012"
19441,lowcross_K10,10,"7618316399,7336070905,7478010521,6647947930,1660051703,1200000120,1690000083,7478000020,1200000131,4900001968"
20485,K5,5,"4900001601,2950020933,7686000235,2950005682,2950001682"
20485,K10_primary,10,"4900001601,2950020933,7686000235,2950005682,2950001682,4900001478,1200000494,4900001178,1200000394,1660051312"
20485,K20,20,"4900001601,2950020933,7686000235,2950005682,2950001682,4900001478,1200000494,4900001178,1200000394,1660051312,7802348526,7241004950,7802342627,7802310180,7802310200,4154500084,1200000396,7802328267,4930110102,4930110105"
20485,lowcross_K10,10,"7802328269,7802310181,7802328265,7802310187,7802348532,1200000887,4900000666,7840000046,7802348531,7802348534"
20495,K5,5,"4900001601,2950035933,2950020933,7802310185,7802348533"
20495,K10_primary,10,"4900001601,2950035933,2950020933,7802310185,7802348533,7802348535,2950005682,1200000395,7241053010,7802310200"
20495,K20,20,"4900001601,2950035933,2950020933,7802310185,7802348533,7802348535,2950005682,1200000395,7241053010,7802310200,7170240367,4900000546,4900000638,4900000280,7802310189,7802348527,7802310191,2950001682,7840000046,7802348526"
20495,lowcross_K10,10,"7802310182,4930110101,7370700006,3828100209,7802310181,7370700005,3828100337,4930110102,2950035312,4900001178"
20505,K5,5,"4900001601,7686000235,4900001478,7802310181,7802310189"
20505,K10_primary,10,"4900001601,7686000235,4900001478,7802310181,7802310189,7802348528,7802310191,4900000546,7840000052,7802348535"
20505,K20,20,"4900001601,7686000235,4900001478,7802310181,7802310189,7802348528,7802310191,4900000546,7840000052,7802348535,7802348529,7840000017,7840000045,4930110101,7802348530,1200000395,7802310182,2950020312,7802348527,7802310188"
20505,lowcross_K10,10,"2950035312,2950001331,4900001267,7800001103,4900000410,4900000551,4900000951,4930190001,4900000170,1200000394"
20525,K5,5,"7514000145,4900001601,4900001855,7802310184,7802348527"
20525,K10_primary,10,"7514000145,4900001601,4900001855,7802310184,7802348527,7802310183,2950021312,7802348526,7802310187,7514000146"
20525,K20,20,"7514000145,4900001601,4900001855,7802310184,7802348527,7802310183,2950021312,7802348526,7802310187,7514000146,7241053010,4930110101,4171015288,7802310185,4900001302,7802328260,7802348530,7802342626,7802348533,2950020312"
20525,lowcross_K10,10,"2950035312,7802310188,4930110105,7802348531,7802341027,7802328263,4930110102,4900001267,4930110007,1200000056"
20558,K5,5,"1690001751,1690001752,7840000055,1690001753,7840000022"
20558,K10_primary,10,"1690001751,1690001752,7840000055,1690001753,7840000022,1660051397,7840000056,7802348533,7840000058,7802348531"
20558,K20,20,"1690001751,1690001752,7840000055,1690001753,7840000022,1660051397,7840000056,7802348533,7840000058,7802348531,2400000747,7840000057,2950021312,7840000035,7802310183,1200000782,7143472109,7802310187,7802348526,7802310185"
20558,lowcross_K10,10,"4900001873,7802310184,2950035312,4900001386,7840000036,7802328265,7802328267,7802328260,2950020312,4900001480"
20562,K5,5,"1690001751,1660051397,7840000036,6647987770,7802328260"
20562,K10_primary,10,"1690001751,1660051397,7840000036,6647987770,7802328260,7802328265,1690000302,2950020312,1690000303,1690000337"
20562,K20,20,"1690001751,1660051397,7840000036,6647987770,7802328260,7802328265,1690000302,2950020312,1690000303,1690000337,10967017,2950021312,4900001900,7802328264,7143472109,1660051470,7802328263,10967015,7686000282,4930110102"
20562,lowcross_K10,10,"7802328269,2950035312,10967016,7802310184,4154500084,7802348527,4900001873,4900001478,7802348526,4900001267"
20573,K5,5,"2950005312,4930130102,1200000395,4930110101,2950021312"
20573,K10_primary,10,"2950005312,4930130102,1200000395,4930110101,2950021312,2950035312,2950020312,4930110105,2950081932,4930110102"
20573,K20,20,"2950005312,4930130102,1200000395,4930110101,2950021312,2950035312,2950020312,4930110105,2950081932,4930110102,7514000145,1200000782,4900001879,4900001873,7802342627,4930110002,2950000014,5491300008,4930110006,2950086294"
20573,lowcross_K10,10,"7514000145,1200000782,4900001879,4900001873,7802342627,4930110002,2950000014,5491300008,4930110006,2950086294"
20577,K5,5,"3828100329,3828100333,1660051312,4900001386,4930110105"
20577,K10_primary,10,"3828100329,3828100333,1660051312,4900001386,4930110105,4930130102,7686000282,7370700005,7800000544,4154500084"
20577,K20,20,"3828100329,3828100333,1660051312,4900001386,4930110105,4930130102,7686000282,7370700005,7800000544,4154500084,4171013288,1660051209,10967051,7802348533,4171012288,4930110101,7370700006,7800000844,4900000254,5491300008"
20577,lowcross_K10,10,"1660053102,7802328263,10967017,7802328265,7618332370,4930110102,7802328260,4900001879,7802328269,10967016"
20591,K5,5,"4900001879,7170222320,7802310187,4900001890,4900001968"
20591,K10_primary,10,"4900001879,7170222320,7802310187,4900001890,4900001968,4900001891,7840000057,7802348527,4900001873,4900000990"
20591,K20,20,"4900001879,7170222320,7802310187,4900001890,4900001968,4900001891,7840000057,7802348527,4900001873,4900000990,2950091312,2950093312,1690001649,4900000546,1690001645,2950080312,4900000989,2950090312,1200000395,2950035312"
20591,lowcross_K10,10,"7802328269,7802328260,7802310183,7802328267,7802328265,7802328263,2950020312,2400000750,4900000993,7802310185"
20606,K5,5,"2950080932,7020270499,2950005932,4171011288,7020270399"
20606,K10_primary,10,"2950080932,7020270499,2950005932,4171011288,7020270399,1660051307,2950002933,1660051209,7800000531,1060870002"
20606,K20,20,"2950080932,7020270499,2950005932,4171011288,7020270399,1660051307,2950002933,1660051209,7800000531,1060870002,1660051312,2950035933,4171013288,7800000544,1660051219,7800000831,7279600281,1660051304,4171012288,2950081932"
20606,lowcross_K10,10,"2950035312,1200000395,4900001907,1660051305,7170226367,7143400721,7020211704,1200000782,7370700006,4640010249"
20612,K5,5,"5737912105,4900000640,4900001905,4900000989,4900001906"
20612,K10_primary,10,"5737912105,4900000640,4900001905,4900000989,4900001906,4900001907,4900001879,7370700006,4900001964,2950090762"
20612,K20,20,"5737912105,4900000640,4900001905,4900000989,4900001906,4900001907,4900001879,7370700006,4900001964,2950090762,1060831117,7514000032,2950091762,2950085762,7802348526,4900001873,7370700005,7514000033,2950007762,4900000990"
20612,lowcross_K10,10,"2950020762,7802310185,2950086932,4640010249,7840000036,4640054031,3680016391,7143400081,4900001478,3680016393"
20625,K5,5,"7020211703,2950001682,4900001834,7020270499,4900000044"
20625,K10_primary,10,"7020211703,2950001682,4900001834,7020270499,4900000044,7020270399,7020211704,4900001905,7747010201,2950035933"
20625,K20,20,"7020211703,2950001682,4900001834,7020270499,4900000044,7020270399,7020211704,4900001905,7747010201,2950035933,2950007933,1060880027,2950020933,4900001907,1060880028,2950021933,4900001879,1060880029,1060849927,1060880026"
20625,lowcross_K10,10,"6647987330,1060849935,1060849929,1060831118,1060849937,1060849928,1060831119,1200010430,7840000057,7800000825"
20832,K5,5,"2950020933,2950035933,7241053010,4900001601,7802310185"
20832,K10_primary,10,"2950020933,2950035933,7241053010,4900001601,7802310185,7802348533,7802348535,1200000395,7802310200,4900000638"
20832,K20,20,"2950020933,2950035933,7241053010,4900001601,7802310185,7802348533,7802348535,1200000395,7802310200,4900000638,4900000280,1200000020,7802310189,4100000814,4900000546,7802348527,7840000046,7802348534,7802342627,7802341030"
20832,lowcross_K10,10,"7802348528,7802348531,1200000396,4900001267,4640054031,7370700005,1200000855,7802310184,7802310181,7802328260"
20847,K5,5,"7802348527,7802348529,4900001571,4900000666,7802310188"
20847,K10_primary,10,"7802348527,7802348529,4900001571,4900000666,7802310188,7802348530,7802310185,7840000046,4930110102,7840000017"
20847,K20,20,"7802348527,7802348529,4900001571,4900000666,7802310188,7802348530,7802310185,7840000046,4930110102,7840000017,7802348531,7802348535,1200000395,7802310191,7802310189,2950021312,7686000235,4900000546,2950020312,4640054031"
20847,lowcross_K10,10,"7802310182,1200000056,4930110105,7840000049,2950005312,5080000139,7380000024,4930110002,3010400150,4900001267"
20862,K5,5,"1690001751,1690001752,4900001601,3828100345,2950020933"
20862,K10_primary,10,"1690001751,1690001752,4900001601,3828100345,2950020933,2950035933,2400013237,4900001178,2950021933,1690001753"
20862,K20,20,"1690001751,1690001752,4900001601,3828100345,2950020933,2950035933,2400013237,4900001178,2950021933,1690001753,3828100341,4900001301,1690000302,7840000058,7840000056,7840000055,7802310188,7840000057,7802310182,7802348529"
20862,lowcross_K10,10,"7802328260,7802310194,7802310187,1200000020,7802310185,4900001571,2950021312,7802328272,4930110105,7802342627"
20885,K5,5,"7802310184,7802348527,7514000145,4900001601,7802310187"
20885,K10_primary,10,"7802310184,7802348527,7514000145,4900001601,7802310187,7802348526,7802310183,2950021312,7514000146,4930110101"
20885,K20,20,"7802310184,7802348527,7514000145,4900001601,7802310187,7802348526,7802310183,2950021312,7514000146,4930110101,7802310185,1660050570,4930190001,4900001302,7802328260,7802348533,7802348530,7802342626,4930110105,7241053010"
20885,lowcross_K10,10,"7802348531,2950020312,1690000302,7802310188,4930110102,7802328263,7020211205,2950035312,1690000337,4900000675"
20920,K5,5,"4900001879,10967015,10967016,7802328265,10967017"
20920,K10_primary,10,"4900001879,10967015,10967016,7802328265,10967017,4930110101,7802328263,4930110105,7802328267,7370700005"
20920,K20,20,"4900001879,10967015,10967016,7802328265,10967017,4930110101,7802328263,4930110105,7802328267,7370700005,7802328269,4900001386,1660051571,10967051,2950021312,7514000146,2950020312,7802328260,7370700009,7170224367"
20920,lowcross_K10,10,"4900001873,7802348526,4133104063,7802328264,4900001855,7370700006,4900001301,10916645,4900000675,4930110102"
20933,K5,5,"1690001751,1690001752,4900001879,1690001753,7840000055"
20933,K10_primary,10,"1690001751,1690001752,4900001879,1690001753,7840000055,1660051397,7840000022,7840000056,7802348533,7802348531"
20933,K20,20,"1690001751,1690001752,4900001879,1690001753,7840000055,1660051397,7840000022,7840000056,7802348533,7802348531,7840000035,7840000058,2400000747,7840000057,1200000782,2950021312,7143472109,7802348526,7802310183,7802310187"
20933,lowcross_K10,10,"1200000395,2950035312,4900001873,4900001386,7840000036,7802328267,7802328265,2950020312,7802328260,7802348527"
20941,K5,5,"1660051397,7840000036,6647987770,4900001900,7802328265"
20941,K10_primary,10,"1660051397,7840000036,6647987770,4900001900,7802328265,7802328260,1690000302,2950020312,1690000303,1690000337"
20941,K20,20,"1660051397,7840000036,6647987770,4900001900,7802328265,7802328260,1690000302,2950020312,1690000303,1690000337,10967017,7686000282,7143472109,1660051470,2950021312,7802328264,4930110102,7802328263,10967015,7802328269"
20941,lowcross_K10,10,"7802328263,10967015,7802328269,7802310184,2950035312,4154500084,4900001873,10916745,1200000020,7802310194"
20967,K5,5,"2950081932,4930110105,4930110101,4930110102,4930130102"
20967,K10_primary,10,"2950081932,4930110105,4930110101,4930110102,4930130102,7514000145,1200000395,2950021312,2950020312,5491300008"
20967,K20,20,"2950081932,4930110105,4930110101,4930110102,4930130102,7514000145,1200000395,2950021312,2950020312,5491300008,1200000782,1200000020,7802342627,4930110002,2950035312,4930130001,4930110003,4930110006,5491300007,2950086294"
20967,lowcross_K10,10,"1200000020,7802342627,4930110002,2950035312,4930130001,4930110003,4930110006,5491300007,2950086294,4133104060"
20976,K5,5,"4171012288,1660053102,1660051209,7686000282,4930110105"
20976,K10_primary,10,"4171012288,1660053102,1660051209,7686000282,4930110105,2950005312,7800000844,4154500084,4930130102,10967051"
20976,K20,20,"4171012288,1660053102,1660051209,7686000282,4930110105,2950005312,7800000844,4154500084,4930130102,10967051,7370700005,4900001873,7802348533,7370700006,5491300008,7802310183,7800000544,4930110101,7802328260,4171013288"
20976,lowcross_K10,10,"10967017,7802328263,1660051312,7802328264,1200000020,4930110102,7802328265,2950000014,4900001870,7802348526"
20991,K5,5,"4900001964,4900001879,1200000782,1060810010,4900000990"
20991,K10_primary,10,"4900001964,4900001879,1200000782,1060810010,4900000990,1060810005,4900000170,1200010038,4900000897,7279600271"
20991,K20,20,"4900001964,4900001879,1200000782,1060810010,4900000990,1060810005,4900000170,1200010038,4900000897,7279600271,7802348533,2950035312,2400000750,4900000546,4900001873,7618332374,10967017,10967015,2950020312,4900000989"
20991,lowcross_K10,10,"7370700005,4300000690,4930110101,7618332370,7618332376,2950005312,4900000993,1200000020,4900000259,7020211205"
21006,K5,5,"4900000990,4900000546,4900001879,1690001649,1690001645"
21006,K10_primary,10,"4900000990,4900000546,4900001879,1690001649,1690001645,7802310187,7840000056,7802328265,7802328263,7802328267"
21006,K20,20,"4900000990,4900000546,4900001879,1690001649,1690001645,7802310187,7840000056,7802328265,7802328263,7802328267,7840000057,7802328269,7802328260,7802328264,7802348533,7802348527,7802310185,4900001968,4900001873,4900000993"
21006,lowcross_K10,10,"2950081932,2950085312,4900000259,7170222320,7802348526,4900001891,1060810010,4900000989,1200000782,7370700005"
21032,K5,5,"2950035933,4171012288,7747020299,7800000531,7800000831"
21032,K10_primary,10,"2950035933,4171012288,7747020299,7800000531,7800000831,7747020199,2950020933,1660051307,4171013288,1660051219"
21032,K20,20,"2950035933,4171012288,7747020299,7800000531,7800000831,7747020199,2950020933,1660051307,4171013288,1660051219,2950021933,2950081932,2950085932,4171019288,4900001873,1660051209,1660051304,2950007933,7800000021,7800000844"
21032,lowcross_K10,10,"1060870003,1115605702,7020211703,7802341027,7747010201,4900000993,7818000006,1200000782,1200010430,7020270499"
21044,K5,5,"5737912105,4900001905,4900001906,4900001907,7370700006"
21044,K10_primary,10,"5737912105,4900001905,4900001906,4900001907,7370700006,2950090762,4900001879,2950085762,1060831117,2950091762"
21044,K20,20,"5737912105,4900001905,4900001906,4900001907,7370700006,2950090762,4900001879,2950085762,1060831117,2950091762,7514000032,7802348526,7370700005,4900001873,4900000989,7514000033,1060810005,2950080762,1060831116,2950007762"
21044,lowcross_K10,10,"4640010249,4640054031,7840000036,3680016391,7143400081,4900001478,2950020312,3680016393,4900000640,2950086932"
21069,K5,5,"7020211704,2950001682,7747010201,1060880027,4900001905"
21069,K10_primary,10,"7020211704,2950001682,7747010201,1060880027,4900001905,7020211703,2950035933,2950020933,2950007933,1060880026"
21069,K20,20,"7020211704,2950001682,7747010201,1060880027,4900001905,7020211703,2950035933,2950020933,2950007933,1060880026,4900000044,7279600006,1060880028,4900001907,2950021933,1060880029,4900001879,1060849927,1060880037,1060849926"
21069,lowcross_K10,10,"1060831118,1060849937,1060849928,1060849929,1060831117,7020200006,6647987330,7686000082,1660050570,7800000825"
21128,K5,5,"2950035933,7802348533,4900000638,7802310183,7802348534"
21128,K10_primary,10,"2950035933,7802348533,4900000638,7802310183,7802348534,4900001601,7802342626,7802310200,7802348535,7802310189"
21128,K20,20,"2950035933,7802348533,4900000638,7802310183,7802348534,4900001601,7802342626,7802310200,7802348535,7802310189,7802310181,2950020933,7802348526,7802348529,7802310185,4900000546,7802310180,7802342627,7802341030,7241053010"
21128,lowcross_K10,10,"1200000395,7802348527,7802341027,7802328272,7802310187,4930110102,4900000114,7802348531,4900000951,7370700005"
21141,K5,5,"7802348529,4900001571,7802310185,7802348527,7802348530"
21141,K10_primary,10,"7802348529,4900001571,7802310185,7802348527,7802348530,4900000666,4930110102,7802310188,7840000046,7802348531"
21141,K20,20,"7802348529,4900001571,7802310185,7802348527,7802348530,4900000666,4930110102,7802310188,7840000046,7802348531,7802310191,7802310189,7840000017,7686000235,1200000395,1200000020,7840000045,4900000546,4640054031,7840000052"
21141,lowcross_K10,10,"1200000056,2950005312,3010400150,7380000024,4930110101,5080000139,4171041278,7802310182,2950000014,2950085254"
21165,K5,5,"4900001601,7514000145,7802310184,2950021312,2950000014"
21165,K10_primary,10,"4900001601,7514000145,7802310184,2950021312,2950000014,7241053010,4930110101,7802348527,4900001551,7802348526"
21165,K20,20,"4900001601,7514000145,7802310184,2950021312,2950000014,7241053010,4930110101,7802348527,4900001551,7802348526,4171015288,7802310183,7514000146,4900001550,7802310187,1200000056,4900001855,1660050570,7802348530,7802310185"
21165,lowcross_K10,10,"4900001267,4900001302,7802348533,7802348531,2950020312,7802342626,7802310188,7020211205,4930110102,4930110105"
21217,K5,5,"1690001751,1660051397,7840000036,6647987770,4900001900"
21217,K10_primary,10,"1690001751,1660051397,7840000036,6647987770,4900001900,1690000302,1690000303,1690000337,7802328260,7802328265"
21217,K20,20,"1690001751,1660051397,7840000036,6647987770,4900001900,1690000302,1690000303,1690000337,7802328260,7802328265,2950020312,1660051470,10967017,7802328264,2950021312,7143472109,10967015,7802328263,4154508611,4900001386"
21217,lowcross_K10,10,"4900001386,2950035312,7802328269,4930110102,4154526485,10967016,2950005312,4133104063,4900001267,7802310184"
21244,K5,5,"4900001873,4900001879,2950000014,1200000395,2950081932"
21244,K10_primary,10,"4900001873,4900001879,2950000014,1200000395,2950081932,4930110101,4930130102,2950035312,2950020312,4930110105"
21244,K20,20,"4900001873,4900001879,2950000014,1200000395,2950081932,4930110101,4930130102,2950035312,2950020312,4930110105,2950021312,7514000145,1200000782,4930110102,7802342627,2950005312,4900001533,4930110002,4171015288,5491300008"
21244,lowcross_K10,10,"1200000782,4930110102,7802342627,2950005312,4900001533,4930110002,4171015288,5491300008,4930110006,4133104060"
21250,K5,5,"3828100333,4171013288,7800000544,1660051312,4900001879"
21250,K10_primary,10,"3828100333,4171013288,7800000544,1660051312,4900001879,7686000282,4154500084,7800000844,4930110105,4900001386"
21250,K20,20,"3828100333,4171013288,7800000544,1660051312,4900001879,7686000282,4154500084,7800000844,4930110105,4900001386,1660051209,4930130102,3828100329,7370700005,10967051,7802348533,7802328260,4171012288,7370700006,7802328263"
21250,lowcross_K10,10,"4900000254,10967017,1660053102,4900001870,4930110101,7802328265,5491300008,4930110102,4930110007,10967016"
21277,K5,5,"4900001879,4900000546,1690001649,1690001645,7840000057"
21277,K10_primary,10,"4900001879,4900000546,1690001649,1690001645,7840000057,7802328263,7802328265,7802328267,7802328260,10916745"
21277,K20,20,"4900001879,4900000546,1690001649,1690001645,7840000057,7802328263,7802328265,7802328267,7802328260,10916745,7802328269,7802328264,7802348527,10967051,4900000993,2400000750,7802310187,10967016,7802310185,4900001968"
21277,lowcross_K10,10,"10967015,4900001890,1200000020,1660051574,1060820016,7802348533,7802348526,7170222320,2950085312,1200000782"
21297,K5,5,"7020270499,1660051307,2950080932,4171013288,2950002933"
21297,K10_primary,10,"7020270499,1660051307,2950080932,4171013288,2950002933,2950005932,3828100361,1660051304,1660051209,2950080312"
21297,K20,20,"7020270499,1660051307,2950080932,4171013288,2950002933,2950005932,3828100361,1660051304,1660051209,2950080312,4171011288,2950035933,7800000531,1660051219,1660051312,7747020299,4171012288,7800000831,7747020199,1060870002"
21297,lowcross_K10,10,"1060870004,4900001886,1060870003,6647987530,2950082932,1200000782,7747010201,1115605702,7170210367,7802341027"
21305,K5,5,"5737912105,4900001905,4900001906,4900000989,4900001907"
21305,K10_primary,10,"5737912105,4900001905,4900001906,4900000989,4900001907,7370700006,4900001964,4900000640,2950090762,4900001879"
21305,K20,20,"5737912105,4900001905,4900001906,4900000989,4900001907,7370700006,4900001964,4900000640,2950090762,4900001879,2950085762,7802348526,2950091762,7514000032,7370700005,4900001873,2950080762,7514000033,1060810005,2950007762"
21305,lowcross_K10,10,"7279600271,7802310185,2950020762,2950020312,4640010249,4640054031,7143400081,3680016391,4900001478,2950086932"
21320,K5,5,"7020211703,2950001682,7020211704,7747010201,4900001905"
21320,K10_primary,10,"7020211703,2950001682,7020211704,7747010201,4900001905,2950007933,1060880027,2950020933,2950035933,4900001834"
21320,K20,20,"7020211703,2950001682,7020211704,7747010201,4900001905,2950007933,1060880027,2950020933,2950035933,4900001834,7020270499,1060880026,1060880028,1060880029,1060880037,4171031288,2950021933,1060849926,4900001907,7747010313"
21320,lowcross_K10,10,"7514000031,1060831120,7020200005,1060831118,1060849928,1060849929,2950021932,7279600006,7840000057,1060831117"
21395,K5,5,"4900001601,7686000235,4900001478,7802310181,7802310189"
21395,K10_primary,10,"4900001601,7686000235,4900001478,7802310181,7802310189,7802310191,4900000546,7802348528,7802310188,7802348527"
21395,K20,20,"4900001601,7686000235,4900001478,7802310181,7802310189,7802310191,4900000546,7802348528,7802310188,7802348527,4900000666,7840000052,7840000017,7802348535,7840000045,1200000395,2950020312,4930110101,7802348530,7802348529"
21395,lowcross_K10,10,"7840000049,7802310185,7800001015,4900000280,4900000572,7802348531,2950005331,2950035312,2400013233,4900000675"
21418,K5,5,"7514000145,7802348527,4900001601,7802310184,7802310187"
21418,K10_primary,10,"7514000145,7802348527,4900001601,7802310184,7802310187,7802310183,2950021312,7802348526,7514000146,4900001855"
21418,K20,20,"7514000145,7802348527,4900001601,7802310184,7802310187,7802310183,2950021312,7802348526,7514000146,4900001855,4900001302,7802310185,7241053010,7020210104,7802328260,7802342626,7802348533,4171015288,7802348530,4930110105"
21418,lowcross_K10,10,"4930110101,7802341027,7802328263,7802348531,2950020312,4930110102,1690000303,4900001267,1200000056,2950021932"
21449,K5,5,"10967015,10967016,10967017,7802328265,4171015288"
21449,K10_primary,10,"10967015,10967016,10967017,7802328265,4171015288,4930110101,7802328267,10967051,7514000146,7802328260"
21449,K20,20,"10967015,10967016,10967017,7802328265,4171015288,4930110101,7802328267,10967051,7514000146,7802328260,4900001386,7802328263,7370700005,4930110105,7802328269,2950020312,7170224367,4900001879,7370700009,2950035312"
21449,lowcross_K10,10,"4900001855,4133104063,4133104060,7370700006,4900001873,7802348526,4900001301,5491300008,4900000675,4930110102"
21468,K5,5,"1690001751,1660051397,7840000036,1690000337,1690000302"
21468,K10_primary,10,"1690001751,1660051397,7840000036,1690000337,1690000302,1690000303,7802328264,6647987770,1660051571,7802328260"
21468,K20,20,"1690001751,1660051397,7840000036,1690000337,1690000302,1690000303,7802328264,6647987770,1660051571,7802328260,7802328265,7800000038,1660051470,2950020312,10967017,7143472109,4900001900,7802328263,10967015,4900001386"
21468,lowcross_K10,10,"4900001386,2950021312,4154508611,7802348527,4133104063,2950035312,7802328269,4930110102,7802310184,2950005312"
21493,K5,5,"2950000014,4930130102,2950035312,4900001879,1200000395"
21493,K10_primary,10,"2950000014,4930130102,2950035312,4900001879,1200000395,2950021312,4930110101,4930110102,2950020312,4930110105"
21493,K20,20,"2950000014,4930130102,2950035312,4900001879,1200000395,2950021312,4930110101,4930110102,2950020312,4930110105,7514000145,2950081932,2950005312,1200000782,4900001873,7802342627,4930110002,5491300008,4133104060,4171015288"
21493,lowcross_K10,10,"2950081932,2950005312,1200000782,4900001873,7802342627,4930110002,5491300008,4133104060,4171015288,4930110007"
21501,K5,5,"4900001879,4900001386,4930110105,4930130102,7686000282"
21501,K10_primary,10,"4900001879,4900001386,4930110105,4930130102,7686000282,7370700005,4154500084,7802348533,4930110101,7370700006"
21501,K20,20,"4900001879,4900001386,4930110105,4930130102,7686000282,7370700005,4154500084,7802348533,4930110101,7370700006,10967051,4930110102,7170245367,4930110007,10967017,10967016,10967015,7802310184,7370700009,4133104063"
21501,lowcross_K10,10,"7170245367,4930110007,10967017,10967016,10967015,7802310184,7370700009,4133104063,7802310188,7370700008"
21532,K5,5,"4900001879,4900001873,4900001890,7840000057,4900001891"
21532,K10_primary,10,"4900001879,4900001873,4900001890,7840000057,4900001891,7802348527,7170222320,2950035312,4900001968,2950093312"
21532,K20,20,"4900001879,4900001873,4900001890,7840000057,4900001891,7802348527,7170222320,2950035312,4900001968,2950093312,2950020312,2950091312,2950081932,2950080312,1060810010,4900000640,4900000989,7802348533,7802310187,1690001645"
21532,lowcross_K10,10,"2950021312,7802310185,1200000782,4300000690,7370700005,4900000993,7802328269,7802328260,7802328267,7802328265"
21555,K5,5,"1660051307,7020270499,7020270399,4171011288,1660051219"
21555,K10_primary,10,"1660051307,7020270499,7020270399,4171011288,1660051219,7800000531,2950005932,1660051209,4171013288,2950035933"
21555,K20,20,"1660051307,7020270499,7020270399,4171011288,1660051219,7800000531,2950005932,1660051209,4171013288,2950035933,1060870002,1660051304,2950080932,7800000831,2950000069,4171012288,2950081932,7747020199,1060870001,2950020933"
21555,lowcross_K10,10,"4900001906,4640054031,4900000550,2950080312,4900001907,6647987730,1200010430,7143400721,7143472599,2950035312"
21566,K5,5,"4900000640,5737912105,4900000989,4900001905,4900001906"
21566,K10_primary,10,"4900000640,5737912105,4900000989,4900001905,4900001906,4900001907,7370700006,4900001879,4900001964,2950090762"
21566,K20,20,"4900000640,5737912105,4900000989,4900001905,4900001906,4900001907,7370700006,4900001879,4900001964,2950090762,4900000990,1060831117,7370700005,7514000032,2950091762,4900001873,7514000033,2950085762,7279600271,6647987330"
21566,lowcross_K10,10,"7802310185,7802341027,1060820016,7720800034,4640010249,3680016391,3680016393,3680016394,7143400081,4900001478"
21584,K5,5,"7020211704,2950001682,7020211703,7747010201,4900000044"
21584,K10_primary,10,"7020211704,2950001682,7020211703,7747010201,4900000044,7020270499,7020270399,1060880026,4900001905,2950007933"
21584,K20,20,"7020211704,2950001682,7020211703,7747010201,4900000044,7020270499,7020270399,1060880026,4900001905,2950007933,1060880027,2950035933,4900001907,4900000182,6647987430,1060849927,1060880029,7020200005,2950020933,1060880028"
21584,lowcross_K10,10,"2950011762,7514000032,6647987230,1690000901,1060810010,1060849928,1060849929,7514000031,7020200006,1060831119"
21611,K5,5,"1200000056,7370700008,7370700009,4171015288,4900000675"
21611,K10_primary,10,"1200000056,7370700008,7370700009,4171015288,4900000675,4900001267,2950005312,7800001015,2950005331,7370700006"
21611,K20,20,"1200000056,7370700008,7370700009,4171015288,4900000675,4900001267,2950005312,7800001015,2950005331,7370700006,4930110101,2950021932,1200000020,2950000014,2950001331,7800001103,7802328267,1784200100,2950021312,4930190001"
21611,lowcross_K10,10,"4930110102,7802328263,7802348526,2400000358,7802310182,2950035312,7802310181,7833577786,7802310183,7802310191"
21636,K5,5,"4900000675,1200000056,4900001267,2950001331,7800001103"
21636,K10_primary,10,"4900000675,1200000056,4900001267,2950001331,7800001103,2950005331,1200000020,7800001015,4171015288,4930110101"
21636,K20,20,"4900000675,1200000056,4900001267,2950001331,7800001103,2950005331,1200000020,7800001015,4171015288,4930110101,4930190001,4930110102,4930110105,4930110006,4900000280,4930110003,2950021312,4900001015,4930110007,2950021254"
21636,lowcross_K10,10,"7840000049,4930130001,7833577741,4930110002,2950020312,4900000546,7833577749,3010400110,5080001257,3010400150"
21681,K5,5,"1200000056,7370700008,4900000675,7514006502,7370700006"
21681,K10_primary,10,"1200000056,7370700008,4900000675,7514006502,7370700006,1200000020,4900001267,4930110006,4930190001,4930110007"
21681,K20,20,"1200000056,7370700008,4900000675,7514006502,7370700006,1200000020,4900001267,4930110006,4930190001,4930110007,5353712001,5490000066,4133104063,7833577749,4930130001,2950021254,7833577741,7802348533,4133104060,4930110002"
21681,lowcross_K10,10,"7802310187,7833577746,5353712051,7802328264,4930110003,7833577744,2950035312,7833577742,4900001386,7279600281"
21711,K5,5,"2950005312,1690000302,2950000014,1690000303,1200000020"
21711,K10_primary,10,"2950005312,1690000302,2950000014,1690000303,1200000020,7020211205,1690000301,4133104063,1690000337,4133104060"
21711,K20,20,"2950005312,1690000302,2950000014,1690000303,1200000020,7020211205,1690000301,4133104063,1690000337,4133104060,7370700008,5491300007,1200000056,1784200212,4900001267,1784200312,7370700009,2950021254,4900000254,7833577743"
21711,lowcross_K10,10,"5353712051,4930130001,5491300008,7833577741,4900001873,4171012288,4930110002,4930110003,4154508611,4930110105"
21739,K5,5,"2950005312,4300000690,2950000014,4133104063,1200000020"
21739,K10_primary,10,"2950005312,4300000690,2950000014,4133104063,1200000020,7370700008,4133104060,7370700009,4930110007,4930110006"
21739,K20,20,"2950005312,4300000690,2950000014,4133104063,1200000020,7370700008,4133104060,7370700009,4930110007,4930110006,7279600271,2400000745,7833577746,7833577749,7833577745,7686000000,4900000113,4930110002,5491300007,7618332370"
21739,lowcross_K10,10,"2400000358,7833577748,7618332376,7833577744,4171051397,4900000460,7370700006,4900001267,7618332374,4930110105"
21770,K5,5,"1200000020,1200000056,7020211205,2950000014,4133104063"
21770,K10_primary,10,"1200000020,1200000056,7020211205,2950000014,4133104063,5353712051,4900001873,4900000993,7370700009,5491300007"
21770,K20,20,"1200000020,1200000056,7020211205,2950000014,4133104063,5353712051,4900001873,4900000993,7370700009,5491300007,2950035312,7370700008,4300000690,2950020312,4900001968,1784200312,7802310187,2950081312,2950085312,7170222320"
21770,lowcross_K10,10,"7206301217,4900001891,1784200212,10967015,4900000225,2950093312,2950021312,6647987730,7802328264,2950091312"
21806,K5,5,"7800000021,7800000062,5490000066,5490000024,4171012288"
21806,K10_primary,10,"7800000021,7800000062,5490000066,5490000024,4171012288,7800000831,4900000993,7800000531,7020211205,7747020299"
21806,K20,20,"7800000021,7800000062,5490000066,5490000024,4171012288,7800000831,4900000993,7800000531,7020211205,7747020299,4133104063,7747020199,2950035933,2950005312,4900000990,2950000014,1060870001,5353712051,4300000690,4171019288"
21806,lowcross_K10,10,"7514000062,7800000544,3680016395,1660051304,7279600006,4133104060,2950085932,10967016,1060810010,7020211703"
22170,K5,5,"4900000675,4133104060,2950080254,1200000056,4171015288"
22170,K10_primary,10,"4900000675,4133104060,2950080254,1200000056,4171015288,4930110002,4930110102,4171041278,4640054031,2950021254"
22170,K20,20,"4900000675,4133104060,2950080254,1200000056,4171015288,4930110002,4930110102,4171041278,4640054031,2950021254,7800001103,2950001331,2950085254,2950005331,7840000046,4900001267,4900000170,4930110003,4133104063,4930190001"
22170,lowcross_K10,10,"7800001015,7802348527,4930110007,2950020312,4900001571,7833577741,4900000546,7020211205,7833577744,2950021312"
22206,K5,5,"1690000337,1690000303,1690000301,2950035932,7840000055"
22206,K10_primary,10,"1690000337,1690000303,1690000301,2950035932,7840000055,4900000675,7802328265,4900000546,2950035312,1690000302"
22206,K20,20,"1690000337,1690000303,1690000301,2950035932,7840000055,4900000675,7802328265,4900000546,2950035312,1690000302,1690001753,3010400150,7802328260,7802328269,1200000056,4930110006,2950020312,2950021254,7840000056,4900001267"
22206,lowcross_K10,10,"4900001015,2950021932,5490000048,7833577784,2950000014,7802348530,4930110007,7833577747,1660000020,7802348526"
22379,K5,5,"2950000014,2950081312,1200000056,5353712001,5353712051"
22379,K10_primary,10,"2950000014,2950081312,1200000056,5353712001,5353712051,7020211205,2950021312,1200000020,6647987730,4171051397"
22379,K20,20,"2950000014,2950081312,1200000056,5353712001,5353712051,7020211205,2950021312,1200000020,6647987730,4171051397,4133104063,7370700009,1784200212,5491300007,4900000993,2950020312,1784200312,7370700008,10967017,10967015"
22379,lowcross_K10,10,"7206301217,1060810010,7802310183,10967016,7802328264,7802328263,7802328265,1200000457,4300000690,1200000847"
22655,K5,5,"4900000280,7802328265,7370700006,4171015288,2950021312"
22655,K10_primary,10,"4900000280,7802328265,7370700006,4171015288,2950021312,7802328269,4930110101,4900000546,7370700009,7802328267"
22655,K20,20,"4900000280,7802328265,7370700006,4171015288,2950021312,7802328269,4930110101,4900000546,7370700009,7802328267,7802328260,7802342626,7802328263,2950020312,7802348526,7241053010,2950035312,7802310184,2950086254,7802310182"
22655,lowcross_K10,10,"7802328264,2950005331,7800001015,7840000046,7802348528,4900000675,7802348529,2950020932,7802310200,4930110006"
22851,K5,5,"4900000280,7802328265,4171015288,7370700006,2950021312"
22851,K10_primary,10,"4900000280,7802328265,4171015288,7370700006,2950021312,4930110101,7802328269,4900000546,7802328267,7370700009"
22851,K20,20,"4900000280,7802328265,4171015288,7370700006,2950021312,4930110101,7802328269,4900000546,7802328267,7370700009,7802328260,2950020312,7802342626,7241053010,7802328263,7802348526,2950035312,7802310184,7802310182,7840000057"
22851,lowcross_K10,10,"2950005331,7800001015,7802328264,4900000675,7840000046,7802348528,7802348529,7802348533,7802310200,2950020932"
23402,K5,5,"4171015288,7802328265,7370700006,4930110101,7802328267"
23402,K10_primary,10,"4171015288,7802328265,7370700006,4930110101,7802328267,7370700008,7802328269,2950021312,2950005312,7802348526"
23402,K20,20,"4171015288,7802328265,7370700006,4930110101,7802328267,7370700008,7802328269,2950021312,2950005312,7802348526,7802328260,7840000057,7370700009,1200000056,2950020312,7802328263,7802342626,7802310184,7802310183,1200000855"
23402,lowcross_K10,10,"4930110106,2950021932,7802310189,7802328264,1200000399,7840000056,7802348531,7802348529,7840000046,7802348530"
23619,K5,5,"2950035933,4900001907,7514000033,7840000057,6647987430"
23619,K10_primary,10,"2950035933,4900001907,7514000033,7840000057,6647987430,1060880033,1060880028,7840000036,1060849929,2950021932"
23619,K20,20,"2950035933,4900001907,7514000033,7840000057,6647987430,1060880033,1060880028,7840000036,1060849929,2950021932,7514000032,2950021933,4900001905,7747010313,2950020933,1060831117,4171031288,1690001783,1200010038,4900001884"
23619,lowcross_K10,10,"2950011762,7840000035,1690041772,1060831115,7802328263,1060849926,4900000182,1060849938,1060831120,1060849927"
23719,K5,5,"4900001907,7840000035,1060831117,7747020199,7279600005"
23719,K10_primary,10,"4900001907,7840000035,1060831117,7747020199,7279600005,1690001782,1200010038,7514000031,1060880033,4900001905"
23719,K20,20,"4900001907,7840000035,1060831117,7747020199,7279600005,1690001782,1200010038,7514000031,1060880033,4900001905,6647987330,1060880028,4900001879,1060849929,7840000057,6647987230,2950035932,1060831119,6647987430,4900001884"
23719,lowcross_K10,10,"1060810005,7802328269,1060880037,7802328265,1060849926,7802328263,1060849938,7802310185,7802328267,2950007933"
23913,K5,5,"2950007933,2950020933,1690000901,1060810005,1060880029"
23913,K10_primary,10,"2950007933,2950020933,1690000901,1060810005,1060880029,2950021933,2950035933,2950011762,7020211709,7514000032"
23913,K20,20,"2950007933,2950020933,1690000901,1060810005,1060880029,2950021933,2950035933,2950011762,7020211709,7514000032,1060880037,1060880026,2950011932,1060810010,1660051470,1660051170,4900001907,7686000082,2950021932,1060849935"
23913,lowcross_K10,10,"1660050570,4900000182,7802328263,1690041772,2950021762,4900001879,6647987330,4900001891,5096833001,1060831116"
24023,K5,5,"1200000056,7800001103,7370700008,4900000675,7370700009"
24023,K10_primary,10,"1200000056,7800001103,7370700008,4900000675,7370700009,2950005331,2950086254,7800001015,2950021932,2950001331"
24023,K20,20,"1200000056,7800001103,7370700008,4900000675,7370700009,2950005331,2950086254,7800001015,2950021932,2950001331,4900001267,4930110105,4900000410,7241053010,4900000280,3010400150,4900000546,7370700006,2950005312,1784200100"
24023,lowcross_K10,10,"2950021312,4930190001,4930110003,7833577786,7802348534,7833577749,7833577744,7802310200,4900001015,4900000057"
24040,K5,5,"1200000056,2950085254,2950080254,4900000675,4171041278"
24040,K10_primary,10,"1200000056,2950085254,2950080254,4900000675,4171041278,2950021254,4930110102,4900001267,1200000020,4900000410"
24040,K20,20,"1200000056,2950085254,2950080254,4900000675,4171041278,2950021254,4930110102,4900001267,1200000020,4900000410,4900000170,4930110002,4171015288,7020211205,2950021312,4900001015,4930110003,4900001571,2400013233,7833577747"
24040,lowcross_K10,10,"7800000542,7833577741,7833577746,3010400313,4930110101,7833577749,7802310185,7802348529,7833577745,7833577744"
24063,K5,5,"1690000301,1690000337,1690000302,1690000303,7840000055"
24063,K10_primary,10,"1690000301,1690000337,1690000302,1690000303,7840000055,4900000675,2950035932,1690001753,4900001267,1200000056"
24063,K20,20,"1690000301,1690000337,1690000302,1690000303,7840000055,4900000675,2950035932,1690001753,4900001267,1200000056,4900000546,3010400150,7802328269,1200000020,2950035312,4133104060,4133104063,7802328265,7802328260,4171015288"
24063,lowcross_K10,10,"7840000057,7802310188,4900001015,1690001752,7380000024,2950021932,7802310183,1690001751,7833577747,7833577745"
24151,K5,5,"2950005312,7370700008,7370700006,4900001873,7618332370"
24151,K10_primary,10,"2950005312,7370700008,7370700006,4900001873,7618332370,2950021312,1200000020,2950000014,4171051397,7618332376"
24151,K20,20,"2950005312,7370700008,7370700006,4900001873,7618332370,2950021312,1200000020,2950000014,4171051397,7618332376,2950081312,7618332374,2400000358,7370700009,4133104063,4300000690,7279600271,4930110007,4900000460,4930110006"
24151,lowcross_K10,10,"7833577749,4900000113,4900001267,4930110002,2950085312,2400000745,2950035312,2400000750,7833577748,7686000000"
24196,K5,5,"1200000020,1200000056,2950081312,2950000014,7020211205"
24196,K10_primary,10,"1200000020,1200000056,2950081312,2950000014,7020211205,5491300007,4133104063,4154526485,1784200312,7370700009"
24196,K20,20,"1200000020,1200000056,2950081312,2950000014,7020211205,5491300007,4133104063,4154526485,1784200312,7370700009,2950085312,5353712051,1784200212,4900000993,4171051397,10967016,7370700008,4900001873,6647987730,7206301217"
24196,lowcross_K10,10,"10967015,7840000057,7802328265,7802328263,7802310187,10967017,4900001968,1690001645,7170225367,1690001649"
24251,K5,5,"7800000062,7800000021,5490000066,5490000024,2950005312"
24251,K10_primary,10,"7800000062,7800000021,5490000066,5490000024,2950005312,2950000014,7020211205,4300000690,1115605602,3680018207"
24251,K20,20,"7800000062,7800000021,5490000066,5490000024,2950005312,2950000014,7020211205,4300000690,1115605602,3680018207,5353712051,3680016394,4900000993,3680018205,4133104063,7800000831,2950035254,4900001879,3680018206,2950081932"
24251,lowcross_K10,10,"1660053102,7514000064,1115605633,4900001873,7279600006,7170210245,4171019288,3680016391,7206301217,2950035312"
24465,K5,5,"2950035933,1060880037,1060880026,2950007933,2950020933"
24465,K10_primary,10,"2950035933,1060880037,1060880026,2950007933,2950020933,7747010201,7020211709,7686000082,1060880028,1660050570"
24465,K20,20,"2950035933,1060880037,1060880026,2950007933,2950020933,7747010201,7020211709,7686000082,1060880028,1660050570,1060810010,1060880033,1060810005,1060880027,1690000901,1060880029,2950021933,1660051470,7514000033,1660051170"
24465,lowcross_K10,10,"7802328265,1060831116,4900001905,7802348526,7840000057,1060831117,4900001884,1060831115,1060831118,7802328267"
24583,K5,5,"7085939705,7336070918,7336070943,7336070916,1200000134"
24583,K10_primary,10,"7085939705,7336070918,7336070943,7336070916,1200000134,4900000044,7085939715,7085939711,7085939710,7279600005"
24583,K20,20,"7085939705,7336070918,7336070943,7336070916,1200000134,4900000044,7085939715,7085939711,7085939710,7279600005,1200000129,7085939714,1690001751,4900000045,7336070919,7572000040,4900000524,1200000131,3120000885,1060880033"
24583,lowcross_K10,10,"7802328267,1690001753,1200000121,1200000828,7241004760,2500000720,1060849927,2950091933,7802328265,7514000034"
25156,K5,5,"4900000280,7370700006,7802328265,4171015288,7802328269"
25156,K10_primary,10,"4900000280,7370700006,7802328265,4171015288,7802328269,4900000410,2950021312,4900000546,7802328267,4930110101"
25156,K20,20,"4900000280,7370700006,7802328265,4171015288,7802328269,4900000410,2950021312,4900000546,7802328267,4930110101,7370700009,2950020312,7802328260,7802342626,7802328263,1690001650,2950035312,7802348526,7802310184,4640054031"
25156,lowcross_K10,10,"7802328264,7840000046,7802348528,7802348533,7802310185,4133104063,2950005312,7802310200,7840000017,7802348531"
25576,K5,5,"4900001855,4900001480,4100000859,2950021312,7802328265"
25576,K10_primary,10,"4900001855,4900001480,4100000859,2950021312,7802328265,4930110101,7802310183,4900001887,7802310187,7802328263"
25576,K20,20,"4900001855,4900001480,4100000859,2950021312,7802328265,4930110101,7802310183,4900001887,7802310187,7802328263,4900000043,4900001386,7370700005,7802348533,5491300007,4900001478,7802328260,7802328264,7514000146,7170224367"
25576,lowcross_K10,10,"10967051,7802310184,2950035312,7802348527,1660051571,7370700008,10967017,1200000395,4930110102,7802348526"
25756,K5,5,"1660000036,1660000006,1660000064,3828100207,3828100329"
25756,K10_primary,10,"1660000036,1660000006,1660000064,3828100207,3828100329,4100000992,2500000714,2500000701,4100000990,3120000809"
25756,K20,20,"1660000036,1660000006,1660000064,3828100207,3828100329,4100000992,2500000714,2500000701,4100000990,3120000809,1200000129,4900001968,3828100389,3828100315,1200000297,4900002319,7336071016,1200000990,3828100385,7336070922"
25756,lowcross_K10,10,"6647987330,7336070938,5020000016,7336070997,8939615659,3120000862,1660051344,7336074935,7241004640,7336070919"
26080,K5,5,"7020211709,1660050570,7686000082,7747010201,7143418599"
26080,K10_primary,10,"7020211709,1660050570,7686000082,7747010201,7143418599,2950007933,1660051470,1060880028,4900001905,2950020933"
26080,K20,20,"7020211709,1660050570,7686000082,7747010201,7143418599,2950007933,1660051470,1060880028,4900001905,2950020933,7747000000,1660051170,2950021933,2950035933,1060880033,1060880029,1060880027,1060880026,1690000901,2950011932"
26080,lowcross_K10,10,"4900001879,2950011762,1060831116,1660051314,4171051397,2950001762,7514000033,1060849927,7020200006,5230010131"
26183,K5,5,"7800001103,2950005331,4154500084,4930110105,2950005312"
26183,K10_primary,10,"7800001103,2950005331,4154500084,4930110105,2950005312,4930110102,4930110101,7514000144,7514000142,3010400150"
26183,K20,20,"7800001103,2950005331,4154500084,4930110105,2950005312,4930110102,4930110101,7514000144,7514000142,3010400150,4930130001,2950021312,4930110002,2950020312,7802310187,4930110106,4930110007,7802348527,4900000403,4171015288"
26183,lowcross_K10,10,"7282760104,7802310184,4930110006,7802310180,7380000057,4930110004,2950035312,1200000376,7802310188,3010400197"
26217,K5,5,"2950001331,7800001103,4171015288,4900000280,2950005331"
26217,K10_primary,10,"2950001331,7800001103,4171015288,4900000280,2950005331,7800001015,4133104060,4900000410,4900001015,4100000814"
26217,K20,20,"2950001331,7800001103,4171015288,4900000280,2950005331,7800001015,4133104060,4900000410,4900001015,4100000814,4133104063,5353712001,4930110101,4171041278,2950020312,1784200100,4930110006,3010400150,2950080254,4900001267"
26217,lowcross_K10,10,"7802348528,7833577748,3010400310,7020200005,4930130001,7802310181,7840000045,1200000056,3010400312,7833577741"
26259,K5,5,"1660051571,4133104060,4133104063,4900001267,1660000020"
26259,K10_primary,10,"1660051571,4133104060,4133104063,4900001267,1660000020,7370700006,10967017,4171019348,1200000056,2950002254"
26259,K20,20,"1660051571,4133104060,4133104063,4900001267,1660000020,7370700006,10967017,4171019348,1200000056,2950002254,4900000675,4171000000,7802328269,7370700008,2950020312,7370700009,4930110102,7833577749,4930130001,4930110101"
26259,lowcross_K10,10,"4930190001,7833577748,7833577744,2950021312,4100000859,7802328260,5491300007,4900001480,10967016,7802328265"
26406,K5,5,"7370700008,4900000993,7800000062,7370700009,4900000259"
26406,K10_primary,10,"7370700008,4900000993,7800000062,7370700009,4900000259,4900000990,5491300007,5490000066,5491300008,5490000024"
26406,K20,20,"7370700008,4900000993,7800000062,7370700009,4900000259,4900000990,5491300007,5490000066,5491300008,5490000024,5096833001,3049488122,7800000021,1200000020,5096833008,4133104060,4133104063,1200000056,1690000335,4300000690"
26406,lowcross_K10,10,"4900001879,4900001907,7370700005,10967016,7514000032,7336023661,10967017,10967015,7514000031,7833577744"
26614,K5,5,"7800001103,2950005331,2950001331,7800001015,4100000814"
26614,K10_primary,10,"7800001103,2950005331,2950001331,7800001015,4100000814,4133104060,4900000410,3010400150,4171015288,4900000280"
26614,K20,20,"7800001103,2950005331,2950001331,7800001015,4100000814,4133104060,4900000410,3010400150,4171015288,4900000280,4930110101,4900001267,4133104063,2950085254,4900001015,4930110105,7747000000,2950020312,2950080254,4171041278"
26614,lowcross_K10,10,"4900000675,5353712051,7800000062,5080001257,7802310181,7802348528,4930130001,7833577749,3010400312,7802310182"
26692,K5,5,"7370700008,2950005312,2950000014,7370700009,7800000062"
26692,K10_primary,10,"7370700008,2950005312,2950000014,7370700009,7800000062,5490000066,5490000024,7020211205,4133104063,4133104060"
26692,K20,20,"7370700008,2950005312,2950000014,7370700009,7800000062,5490000066,5490000024,7020211205,4133104063,4133104060,2950007254,10967017,4154526485,7800000021,10967016,7818000012,10967015,1115605602,7833577748,6647987830"
26692,lowcross_K10,10,"2950007933,7020211703,10967051,7747020299,7514000064,7833577746,7818000004,2950050933,7514000061,7833577743"
26713,K5,5,"4900000990,4900000993,7800000021,7370700008,7800000062"
26713,K10_primary,10,"4900000990,4900000993,7800000021,7370700008,7800000062,7370700009,5491300007,4900000259,5490000066,4900000989"
26713,K20,20,"4900000990,4900000993,7800000021,7370700008,7800000062,7370700009,5491300007,4900000259,5490000066,4900000989,5491300008,1200000020,5096833001,5490000024,4133104060,3049488122,5096833008,5737912105,4133104063,1690000335"
26713,lowcross_K10,10,"10967017,7746000044,7336070661,10967016,7514000032,4900001907,10967015,7746000015,3680016397,7336023661"
27988,K5,5,"4900001301,4900001855,7170224367,4900000043,2950020312"
27988,K10_primary,10,"4900001301,4900001855,7170224367,4900000043,2950020312,7802310183,4930110102,7802328265,4900000546,7802310188"
27988,K20,20,"4900001301,4900001855,7170224367,4900000043,2950020312,7802310183,4930110102,7802328265,4900000546,7802310188,7370700005,2950035312,4900001887,4900001480,2950021312,7370700006,4900001478,7514000145,10967051,7802328263"
27988,lowcross_K10,10,"4930110105,4930110101,7802328260,10916645,7802348533,7802328264,10916745,7802310187,4900001873,1200000395"
28154,K5,5,"4900001968,4100000991,4900000044,8390000003,8939615152"
28154,K10_primary,10,"4900001968,4100000991,4900000044,8390000003,8939615152,4100001039,1200000990,7336070922,3120000809,4900002319"
28154,K20,20,"4900001968,4100000991,4900000044,8390000003,8939615152,4100001039,1200000990,7336070922,3120000809,4900002319,8813099463,8939615657,4900000524,1060810005,3828100211,1690001752,7336070916,8813099464,3828100207,3828100315"
28154,lowcross_K10,10,"7336070919,7910332064,1200000294,1200000121,3828100329,7802316155,4100000147,3828100385,7618316359,7618316307"
28466,K5,5,"7370700006,1690001650,4900000280,7370700009,7170210367"
28466,K10_primary,10,"7370700006,1690001650,4900000280,7370700009,7170210367,1690001630,7170240367,7802328265,4100010728,4930110105"
28466,K20,20,"7370700006,1690001650,4900000280,7370700009,7170210367,1690001630,7170240367,7802328265,4100010728,4930110105,2950020312,2950086254,7802328272,7802328269,7020200006,4133104063,7802328263,7241053010,2950085254,4154500084"
28466,lowcross_K10,10,"7802348534,1200000501,7802310185,7802310189,7800001015,4900001267,7800001103,7802348528,7802310200,2950020932"
28480,K5,5,"4900000280,4900000410,4930110101,3010400150,7686000235"
28480,K10_primary,10,"4900000280,4900000410,4930110101,3010400150,7686000235,4900000546,4930110105,2950035312,2950020312,7840000049"
28480,K20,20,"4900000280,4900000410,4930110101,3010400150,7686000235,4900000546,4930110105,2950035312,2950020312,7840000049,7840000052,4900000572,4900000951,7800001015,4900000170,7840000045,4900000551,7802310181,7802348528,2950021312"
28480,lowcross_K10,10,"4100000815,7802348534,7802348532,2950085254,4930110102,7840000046,4930110006,1200000016,3010400312,5080000139"
28526,K5,5,"1200000020,7370700006,7370700005,7370700008,7802328263"
28526,K10_primary,10,"1200000020,7370700006,7370700005,7370700008,7802328263,10967015,2950081932,4930110102,7802328260,7802348533"
28526,K20,20,"1200000020,7370700006,7370700005,7370700008,7802328263,10967015,2950081932,4930110102,7802328260,7802348533,10967016,7802310187,7802328264,2950035312,7802328269,7802328267,4900001480,1200000056,4900001267,4900001855"
28526,lowcross_K10,10,"7514006502,10967017,2950021312,7370700009,7802348527,1660051571,7802348531,7802342626,4930110101,4900001870"
28565,K5,5,"1690000303,1690000302,1200010038,1690000337,1690000301"
28565,K10_primary,10,"1690000303,1690000302,1200010038,1690000337,1690000301,4300000690,7143400721,1660051397,7802328265,7800000844"
28565,K20,20,"1690000303,1690000302,1200010038,1690000337,1690000301,4300000690,7143400721,1660051397,7802328265,7800000844,7370700009,10916745,2950020312,10967015,4171012288,7802328263,7840000058,7802348526,4900001879,5353712001"
28565,lowcross_K10,10,"4900001879,5353712001,10967016,4900001964,7802348527,7802328264,7802310187,7802328260,2950021312,2950035312"
28602,K5,5,"7747020299,1660053102,7747020199,1660051305,2950020933"
28602,K10_primary,10,"7747020299,1660053102,7747020199,1660051305,2950020933,3680016390,2950085932,4171019288,2950090933,7840000022"
28602,K20,20,"7747020299,1660053102,7747020199,1660051305,2950020933,3680016390,2950085932,4171019288,2950090933,7840000022,2950080933,1660051219,2950035933,7143418599,7800000544,4900001888,2950007933,7686000235,7800000844,4900001887"
28602,lowcross_K10,10,"7143472599,1690041620,1690041621,4640010046,1660051307,2950050933,1200000395,4900001890,1200000743,7802328263"
28625,K5,5,"4171012288,4171019288,1660051209,1660051219,7800000531"
28625,K10_primary,10,"4171012288,4171019288,1660051209,1660051219,7800000531,1660051307,1660051304,1660051305,1660053102,7143418599"
28625,K20,20,"4171012288,4171019288,1660051209,1660051219,7800000531,1660051307,1660051304,1660051305,1660053102,7143418599,7143472599,7800000831,4900001906,1060880027,2950082932,7241006960,7370700006,3828100361,1200000743,2950020762"
28625,lowcross_K10,10,"1060880028,7802348527,7170222320,7802328269,7109105005,4171031288,7572000030,7572000050,7514000032,10967017"
28709,K5,5,"7370700006,7370700009,1690001650,4900000280,1690001630"
28709,K10_primary,10,"7370700006,7370700009,1690001650,4900000280,1690001630,2950020933,7170240367,7170210367,4100010728,1200000820"
28709,K20,20,"7370700006,7370700009,1690001650,4900000280,1690001630,2950020933,7170240367,7170210367,4100010728,1200000820,2950020312,2950035933,7802328272,7020200005,2950081254,2950085254,7802328263,7241053010,7802328265,2950086254"
28709,lowcross_K10,10,"4900000546,7802348528,7802310189,7802310185,2950020932,1200000501,7802310200,7802348534,1200000498,4930110006"
28726,K5,5,"7686000235,4930110101,4900000280,4900000410,4900000572"
28726,K10_primary,10,"7686000235,4930110101,4900000280,4900000410,4900000572,4900000551,4900001601,2950020312,4900000170,4900000546"
28726,K20,20,"7686000235,4930110101,4900000280,4900000410,4900000572,4900000551,4900001601,2950020312,4900000170,4900000546,2950021312,7840000049,7800001015,2400013233,4171041278,7802310181,2950005331,4900001267,2950035312,2950001331"
28726,lowcross_K10,10,"2950085254,4133104060,7802348534,7802348532,7170210367,2950080254,1784200100,1200000016,7840000045,4930190001"
28760,K5,5,"7370700006,1200000020,4900001855,7370700005,7802328264"
28760,K10_primary,10,"7370700006,1200000020,4900001855,7370700005,7802328264,7802348533,7370700008,4900001879,2950035312,7802328269"
28760,K20,20,"7370700006,1200000020,4900001855,7370700005,7802328264,7802348533,7370700008,4900001879,2950035312,7802328269,7802348527,4900001386,10967051,7802310187,2950020312,7802328263,10967015,7802328265,4900001301,10967017"
28760,lowcross_K10,10,"10967016,1660051571,4930110105,4900001267,4900001478,10916745,4930110102,7514000146,10916645,2950021932"
28852,K5,5,"4171013288,7747020199,7747020299,1660051219,1660051305"
28852,K10_primary,10,"4171013288,7747020199,7747020299,1660051219,1660051305,4900001887,2950020933,2950085933,1660051304,4171012288"
28852,K20,20,"4171013288,7747020199,7747020299,1660051219,1660051305,4900001887,2950020933,2950085933,1660051304,4171012288,2950035933,1660053102,1660051209,4171019288,4640010255,7686000235,7143418599,7800000544,1200000755,4900001888"
28852,lowcross_K10,10,"4900000550,7818000005,4171011288,7802310183,4900001405,2950081933,7840000022,2950093933,7802341027,1060810010"
28877,K5,5,"1660051305,1660051307,1660053102,1660051209,4171013288"
28877,K10_primary,10,"1660051305,1660051307,1660053102,1660051209,4171013288,4171012288,7143418599,1660051304,1660051219,4900001906"
28877,K20,20,"1660051305,1660051307,1660053102,1660051209,4171013288,4171012288,7143418599,1660051304,1660051219,4900001906,7143472599,2950082932,7514000033,4171019288,7241004960,7514000032,2950020762,2950007762,7800000531,7818000004"
28877,lowcross_K10,10,"1200000735,7109105005,4900001964,7170222320,6647987330,4900001873,7802328263,6647987630,4900001879,6647987830"
29165,K5,5,"1660051209,4171019288,4171012288,7800000531,1660051219"
29165,K10_primary,10,"1660051209,4171019288,4171012288,7800000531,1660051219,1660053102,7800000831,7279600005,4171013288,7143418599"
29165,K20,20,"1660051209,4171019288,4171012288,7800000531,1660051219,1660053102,7800000831,7279600005,4171013288,7143418599,7143472599,1660051304,4930110302,1660051305,4900001885,4900001906,7370700006,7241006960,7109105005,1660051307"
29165,lowcross_K10,10,"7802348526,1200000729,4900000182,1200000757,7802328263,4930110319,7802310183,10967017,7618316382,6647987430"
32501,K5,5,"10967051,7370700005,7802348533,4900001855,4171000000"
32501,K10_primary,10,"10967051,7370700005,7802348533,4900001855,4171000000,7802328263,10916745,2950021312,4900001386,10967015"
32501,K20,20,"10967051,7370700005,7802348533,4900001855,4171000000,7802328263,10916745,2950021312,4900001386,10967015,7802348527,4100000859,7802328264,4171019348,7802310187,2950002254,1200000395,7802328265,10916645,2950035312"
32501,lowcross_K10,10,"7802328269,7802310184,7802328260,4900001550,7370700008,4930110105,2950020312,4900001478,7370700006,4900000043"
41854,K5,5,"7840000036,7170225367,3680016393,1200000395,4900001879"
41854,K10_primary,10,"7840000036,7170225367,3680016393,1200000395,4900001879,1060810005,2950020312,4900000990,4900000640,4900000989"
41854,K20,20,"7840000036,7170225367,3680016393,1200000395,4900001879,1060810005,2950020312,4900000990,4900000640,4900000989,7370700005,4900000546,2950021312,4900000259,7170245367,1060810010,4900000993,10967017,2950035312,10967016"
41854,lowcross_K10,10,"4900000897,10967015,3680016390,7370700009,10916645,7370700006,4300000690,4930130001,7618332370,7618332374"
42749,K5,5,"3828100313,4900001301,3828100209,3828100281,1200000472"
42749,K10_primary,10,"3828100313,4900001301,3828100209,3828100281,1200000472,3828100205,3828100353,4900001302,7241004950,1200000455"
42749,K20,20,"3828100313,4900001301,3828100209,3828100281,1200000472,3828100205,3828100353,4900001302,7241004950,1200000455,2950085254,5490003019,2950080254,7800001234,7840000058,7802310185,4930110102,2950020312,7802310182,4930110105"
42749,lowcross_K10,10,"7802310183,4900000546,7170223367,7840000045,3010400150,7686000235,7170240367,2950035932,4900000170,4900001571"
42854,K5,5,"2950035933,2950001682,7020270499,4900001905,7020270399"
42854,K10_primary,10,"2950035933,2950001682,7020270499,4900001905,7020270399,2950050933,1060880027,7747020199,7279600005,2950007933"
42854,K20,20,"2950035933,2950001682,7020270499,4900001905,7020270399,2950050933,1060880027,7747020199,7279600005,2950007933,1060810010,7020211703,7279600006,7020211704,4900001891,7686000082,4900001907,1060849929,1690001782,7514000033"
42854,lowcross_K10,10,"2950035574,6647987430,1660051314,1060849938,2950035932,1060849933,7802348526,1060831120,7840000057,7802328265"
43029,K5,5,"7279600006,4900001905,1660051314,7802310183,4900001891"
43029,K10_primary,10,"7279600006,4900001905,1660051314,7802310183,4900001891,1060810005,2950007762,1060831119,1060849935,4900001907"
43029,K20,20,"7279600006,4900001905,1660051314,7802310183,4900001891,1060810005,2950007762,1060831119,1060849935,4900001907,2950007933,2950001682,1060831118,1060831115,1690000995,1060810010,1060831116,1060820016,2950050933,2950035932"
43029,lowcross_K10,10,"1060849938,1200010430,1060849933,7020200006,2950020762,1060880027,2950035933,2950021933,7840000057,1060849937"
43089,K5,5,"7802348531,1200000801,1200000863,2950035312,4900000666"
43089,K10_primary,10,"7802348531,1200000801,1200000863,2950035312,4900000666,7802310180,7840000045,4900000572,4930110101,7802348532"
43089,K20,20,"7802348531,1200000801,1200000863,2950035312,4900000666,7802310180,7840000045,4900000572,4930110101,7802348532,7802310188,7802348528,7840000049,4930110105,7802310182,4154500084,2950021312,1200000878,2400013233,7840000052"
43089,lowcross_K10,10,"4900000546,2950020933,2950021933,4900000951,7840000017,7020200005,7840000046,4640054031,2950085254,2950035933"
43204,K5,5,"1060880027,2950020933,1060880033,1060880037,2950007933"
43204,K10_primary,10,"1060880027,2950020933,1060880033,1060880037,2950007933,7020211703,2950011762,1060849929,7747010313,1060849937"
43204,K20,20,"1060880027,2950020933,1060880033,1060880037,2950007933,7020211703,2950011762,1060849929,7747010313,1060849937,1060810010,1060880028,7747010201,1060849926,7514000032,2950021932,4900001873,1060849938,2950020762,1060831118"
43204,lowcross_K10,10,"1690041772,1060849928,1690000995,1690000999,4900001907,1060880026,7802328269,1690001783,6647987430,1060820016"
45103,K5,5,"2950021933,7686000235,7840000045,7840000046,7840000017"
45103,K10_primary,10,"2950021933,7686000235,7840000045,7840000046,7840000017,4640054031,1200000863,4930110102,7802348529,4900000280"
45103,K20,20,"2950021933,7686000235,7840000045,7840000046,7840000017,4640054031,1200000863,4930110102,7802348529,4900000280,4930110105,4900000410,7840000049,7802310180,7840000052,4930110101,7380000024,2950021312,2950020312,7802348528"
45103,lowcross_K10,10,"7802348527,2950085254,2950080254,3010400150,4171015288,1200000056,4900000572,7802310188,4900000546,4171041278"
45269,K5,5,"2950081932,2950085932,7336070997,7478000005,2950089932"
45269,K10_primary,10,"2950081932,2950085932,7336070997,7478000005,2950089932,2950080932,7336070943,2950093932,2950083932,2950002932"
45269,K20,20,"2950081932,2950085932,7336070997,7478000005,2950089932,2950080932,7336070943,2950093932,2950083932,2950002932,7336070918,7336070916,1660051572,7747010202,2950086932,7747010201,1660000026,7478000007,1690001753,4300095265"
45269,lowcross_K10,10,"7800000825,7514000031,1660051470,7297900217,1200000910,1660050570,7802328264,6647987670,1200000120,7336070922"
46723,K5,5,"1690001752,7279600005,7020200006,7800000103,2950000001"
46723,K10_primary,10,"1690001752,7279600005,7020200006,7800000103,2950000001,1060880027,7800000161,7020200005,1060880029,4100000997"
46723,K20,20,"1690001752,7279600005,7020200006,7800000103,2950000001,1060880027,7800000161,7020200005,1060880029,4100000997,2950085254,1200010430,5490002050,7800000162,7020211709,5080060121,2950005254,3828100211,1200000130,1690001751"
46723,lowcross_K10,10,"6647987350,74879400005,7336070943,4150880012,7910332034,1660000064,6647987050,4100000371,2950086254,5400073508"
47546,K5,5,"7840000035,2950035932,2400013233,7840000036,7840000022"
47546,K10_primary,10,"7840000035,2950035932,2400013233,7840000036,7840000022,4900001302,1200000056,1660051470,4900000675,1660050570"
47546,K20,20,"7840000035,2950035932,2400013233,7840000036,7840000022,4900001302,1200000056,1660051470,4900000675,1660050570,4900001553,4900000404,2950020312,4900001267,7840000058,2950001294,7802328272,4930110105,2950021312,7840000056"
47546,lowcross_K10,10,"1660051170,1200000020,4930110102,3828100337,7840000057,2950035312,4900001855,1660051397,7802342626,4900001015"
47991,K5,5,"1200000863,7241053010,1690001630,4900000951,4171015288"
47991,K10_primary,10,"1200000863,7241053010,1690001630,4900000951,4171015288,1690001650,1200000878,7800000021,1200000820,7800000062"
47991,K20,20,"1200000863,7241053010,1690001630,4900000951,4171015288,1690001650,1200000878,7800000021,1200000820,7800000062,4900000546,4900000666,1200000887,1200000396,7840000017,7802310183,7802328267,2950020933,2950020312,4640054031"
47991,lowcross_K10,10,"1200000809,1200000790,7170240245,2950005331,4900000329,7802310191,7170210245,7686000235,7802348531,7802348528"
48016,K5,5,"2950035932,2950020312,2950021932,2950021312,7802328272"
48016,K10_primary,10,"2950035932,2950020312,2950021932,2950021312,7802328272,7840000022,7840000036,7840000058,4930110105,7840000035"
48016,K20,20,"2950035932,2950020312,2950021932,2950021312,7802328272,7840000022,7840000036,7840000058,4930110105,7840000035,4930110101,7840000056,4900000675,1200000056,7840000055,4930110102,1660051470,1660051170,4900001302,7840000057"
48016,lowcross_K10,10,"1660050570,4900001855,7802342626,4900001015,7802310188,1660051571,4900001301,1200000395,3010400178,4900001267"
48251,K5,5,"4900001855,4900000984,4900000982,4900000272,1690010988"
48251,K10_primary,10,"4900001855,4900000984,4900000982,4900000272,1690010988,1660051397,7170240245,2950021933,4900000404,7170210245"
48251,K20,20,"4900001855,4900000984,4900000982,4900000272,1690010988,1660051397,7170240245,2950021933,4900000404,7170210245,7840000035,4900001553,2950020312,4930110101,2950021932,4930110102,7840000022,4900000057,7840000036,2950035312"
48251,lowcross_K10,10,"4900000980,4133104063,1200000885,4133104060,7802328272,4900000225,4900001267,1200000846,4930110105,1660050570"
49907,K5,5,"4900001873,4900001301,4900001855,7170224367,4900000043"
49907,K10_primary,10,"4900001873,4900001301,4900001855,7170224367,4900000043,7802328260,4930110102,4900001480,2950035312,7802328267"
49907,K20,20,"4900001873,4900001301,4900001855,7170224367,4900000043,7802328260,4930110102,4900001480,2950035312,7802328267,4900001887,1200000020,7370700005,7802348533,2950021312,7370700006,7802348526,10967016,7802310188,7802328265"
49907,lowcross_K10,10,"7802310187,10916745,7802328264,4930110101,7514000146,10916645,7802348527,10967017,4930110105,1200000395"
51108,K5,5,"7747000000,7020200006,2950007254,7800000825,2950000084"
51108,K10_primary,10,"7747000000,7020200006,2950007254,7800000825,2950000084,7020200005,2950035254,4900001905,2950000001,1690000335"
51108,K20,20,"7747000000,7020200006,2950007254,7800000825,2950000084,7020200005,2950035254,4900001905,2950000001,1690000335,2950021254,7370700009,2950021933,2950035933,1660051571,7020211709,1060830037,1660050570,2950020254,1660052105"
51108,lowcross_K10,10,"1060849933,2950020933,7802328267,7800000021,7833577743,2950001682,4171051397,7618312378,7802328269,1060880037"
51870,K5,5,"7747000000,1690000335,1060880033,1060830029,2950000084"
51870,K10_primary,10,"7747000000,1690000335,1060880033,1060830029,2950000084,7020211709,2950021933,1660050570,2950035254,7800000825"
51870,K20,20,"7747000000,1690000335,1060880033,1060830029,2950000084,7020211709,2950021933,1660050570,2950035254,7800000825,2950021254,7686000082,1660051470,7241004230,4900001905,4900001907,1660051571,7020200005,1060830037,1060880028"
51870,lowcross_K10,10,"7802328269,1060849933,5230000155,7618312369,1060880027,2950020933,7833577744,7802328265,1690041772,5230000154"
51962,K5,5,"4900001301,7170224367,4930110102,4900000043,7802328260"
51962,K10_primary,10,"4900001301,7170224367,4930110102,4900000043,7802328260,7802310188,7802348533,7802328267,4900001480,10967016"
51962,K20,20,"4900001301,7170224367,4930110102,4900000043,7802328260,7802310188,7802348533,7802328267,4900001480,10967016,7802328265,2950020312,2950035312,7370700006,4900001887,2400000747,4900001855,7802348526,7370700005,10967051"
51962,lowcross_K10,10,"7802310187,7514000146,7802328269,10916645,7802310183,1200000395,4930110101,10967017,4930110105,2950081932"
52136,K5,5,"1660000006,1660000064,8390000004,1660000036,8390000003"
52136,K10_primary,10,"1660000006,1660000064,8390000004,1660000036,8390000003,4100000992,1660000026,4100000990,7336071016,2500000703"
52136,K20,20,"1660000006,1660000064,8390000004,1660000036,8390000003,4100000992,1660000026,4100000990,7336071016,2500000703,3120000809,1200000294,2500000701,7336070919,2500000714,3120000844,7336070943,4100000995,1200000134,4100000997"
52136,lowcross_K10,10,"1060849935,1690001752,7279600005,4900002504,2950090762,71416183711,71416183731,1060849938,8939615655,7910332074"
52376,K5,5,"1660000036,1660000006,1660000026,7336071016,2500000703"
52376,K10_primary,10,"1660000036,1660000006,1660000026,7336071016,2500000703,1200000294,2500000701,8390000004,1660000064,2500000714"
52376,K20,20,"1660000036,1660000006,1660000026,7336071016,2500000703,1200000294,2500000701,8390000004,1660000064,2500000714,3120000844,3120000809,7336070919,7235000011,7336070943,4100000997,1200000134,4100000994,4100000995,2500000702"
52376,lowcross_K10,10,"8939615628,3828100329,1060849935,1060810005,2500000719,7910332074,8939615641,1060849938,1200000913,1690000972"
52565,K5,5,"1660000006,1660000064,8390000004,1660000036,8390000003"
52565,K10_primary,10,"1660000006,1660000064,8390000004,1660000036,8390000003,4100000992,1660000026,4100000990,7336071016,1200000294"
52565,K20,20,"1660000006,1660000064,8390000004,1660000036,8390000003,4100000992,1660000026,4100000990,7336071016,1200000294,7336070943,2500000703,2500000701,3120000809,3120000844,2500000714,7336070919,4100000997,1200000134,3120000894"
52565,lowcross_K10,10,"1200000567,2950011762,1060849935,2950080762,1690001752,4900002504,2950090762,8939615655,71416183711,71416183731"
53416,K5,5,"3828100333,1690000302,4150880012,1200000134,3828100389"
53416,K10_primary,10,"3828100333,1690000302,4150880012,1200000134,3828100389,1200000121,3828100331,3828100329,2950001762,7297900023"
53416,K20,20,"3828100333,1690000302,4150880012,1200000134,3828100389,1200000121,3828100331,3828100329,2950001762,7297900023,1660051470,1660000026,1690000301,1660055220,1660051397,1660050570,3828100385,7336037341,7336074661,7336084107"
53416,lowcross_K10,10,"7336070661,1200000294,7840000267,6647987850,7336070916,7235000011,5020000778,6647987350,7840000734,1660051170"
54436,K5,5,"3828100361,4900000640,2950093312,2950090312,2950085312"
54436,K10_primary,10,"3828100361,4900000640,2950093312,2950090312,2950085312,10967016,4900000989,4900000259,4900000990,3680016394"
54436,K20,20,"3828100361,4900000640,2950093312,2950090312,2950085312,10967016,4900000989,4900000259,4900000990,3680016394,3680016395,2950080312,7802348526,3680016397,10967015,2950091312,7370700005,4900001873,1060810010,7840000056"
54436,lowcross_K10,10,"7802342627,7802342626,1200000757,4171015288,7802348527,7370700006,4900001879,4900001386,10916745,1115605633"
54579,K5,5,"1200000131,3828100349,1200000130,3828100301,3828100321"
54579,K10_primary,10,"1200000131,3828100349,1200000130,3828100301,3828100321,1200000815,3828100305,3828100317,3828100345,3828100261"
54579,K20,20,"1200000131,3828100349,1200000130,3828100301,3828100321,1200000815,3828100305,3828100317,3828100345,3828100261,7085939714,7085939711,7085939715,4900001968,3828100265,1200010430,3828100309,3828100353,7085939710,7802328267"
54579,lowcross_K10,10,"7336037905,7618332364,1690001751,7514000032,7336070905,7802328265,7802316148,3828100269,1060849929,5020000778"
54614,K5,5,"4900001968,8390000003,2950001682,4100000990,4100000992"
54614,K10_primary,10,"4900001968,8390000003,2950001682,4100000990,4100000992,1660000064,8390000004,4100000991,1660000006,7478000005"
54614,K20,20,"4900001968,8390000003,2950001682,4100000990,4100000992,1660000064,8390000004,4100000991,1660000006,7478000005,7800000079,1660000036,2950005682,4900000045,4900000044,8939615651,5020000051,7802328267,7336070997,3828100329"
54614,lowcross_K10,10,"1299370915,6647987050,1200000566,2500000717,7297900023,3828100397,71416183751,1200000131,1690001751,7840000213"
55965,K5,5,"7840000043,3828100337,1200000130,7802316149,1200000129"
55965,K10_primary,10,"7840000043,3828100337,1200000130,7802316149,1200000129,3120000885,2950090933,2500000706,1200000297,7336070958"
55965,K20,20,"7840000043,3828100337,1200000130,7802316149,1200000129,3120000885,2950090933,2500000706,1200000297,7336070958,4100001039,2500000707,2500000719,7618316307,1200000203,1660051307,1660051304,1060810005,7336070938,1200000294"
55965,lowcross_K10,10,"7514000033,1060880033,4900001834,2950080762,7572000030,2950081762,1200000295,1060880028,2500000703,7336070918"
55988,K5,5,"1660000064,8390000004,1660000006,8390000003,1660000036"
55988,K10_primary,10,"1660000064,8390000004,1660000006,8390000003,1660000036,4100000992,4100000990,1660000026,1200000294,2500000703"
55988,K20,20,"1660000064,8390000004,1660000006,8390000003,1660000036,4100000992,4100000990,1660000026,1200000294,2500000703,2500000701,7336071016,7336070943,4100000991,4100000997,7336070919,4900001968,2500000714,2500000702,1200000134"
55988,lowcross_K10,10,"7336070991,2950090762,2950011762,7910332014,4100000146,1200000566,3828100381,1690001751,1690001752,4154508613"
56193,K5,5,"1660000036,7336071016,1660000006,1660000026,1660000064"
56193,K10_primary,10,"1660000036,7336071016,1660000006,1660000026,1660000064,3120000809,3120000844,2500000703,2500000714,2500000701"
56193,K20,20,"1660000036,7336071016,1660000006,1660000026,1660000064,3120000809,3120000844,2500000703,2500000714,2500000701,4100000997,5020000051,7336070919,4100000994,1200000294,7336070943,4100000995,7235000011,1200000121,1200000295"
56193,lowcross_K10,10,"1060880028,1200000567,1690001751,7297900021,2950090762,4900002504,8939615147,7336070991,1060880029,1060849938"
56288,K5,5,"10967051,4900000259,4900000990,4900000989,7370700005"
56288,K10_primary,10,"10967051,4900000259,4900000990,4900000989,7370700005,7802348526,10967016,1200010038,4900000640,2950021312"
56288,K20,20,"10967051,4900000259,4900000990,4900000989,7370700005,7802348526,10967016,1200010038,4900000640,2950021312,3680016395,3680016397,1115605702,1060810010,3680016394,7840000056,4900001478,2950035312,7802341030,6647987830"
56288,lowcross_K10,10,"2950093312,7802342627,7802342626,10916745,4900001386,7802348527,4900001879,7802348533,1115605633,4900001968"
56460,K5,5,"3828100201,3828100209,3828100313,3828100285,3828100213"
56460,K10_primary,10,"3828100201,3828100209,3828100313,3828100285,3828100213,1200000129,3828100361,3828100281,7802328267,4900000045"
56460,K20,20,"3828100201,3828100209,3828100313,3828100285,3828100213,1200000129,3828100361,3828100281,7802328267,4900000045,7802328264,3828100205,7241004760,4154508613,3828100321,7802316152,7802328269,7802328263,7478000000,1660052124"
56460,lowcross_K10,10,"1690001751,5020000778,1060880027,7840000041,7802316148,3828100269,7297900225,7802316155,7297900217,1060880037"
56484,K5,5,"2950005933,8939615657,8939615651,8939615659,8939615655"
56484,K10_primary,10,"2950005933,8939615657,8939615651,8939615659,8939615655,1690041620,7336070997,8813099464,4100001039,7336070953"
56484,K20,20,"2950005933,8939615657,8939615651,8939615659,8939615655,1690041620,7336070997,8813099464,4100001039,7336070953,8939615144,7336070905,8939615152,2500000719,7336070918,3120000894,1200000990,7336071016,6647987070,6647982370"
56484,lowcross_K10,10,"5020000016,3828100331,2950011762,3828100389,4154508613,7241004640,1660051348,1200000121,2950090762,3828100207"
56767,K5,5,"3828100361,4900000640,4900000989,2950093312,2950090312"
56767,K10_primary,10,"3828100361,4900000640,4900000989,2950093312,2950090312,2950085312,10967051,4900000990,2950080312,4900000259"
56767,K20,20,"3828100361,4900000640,4900000989,2950093312,2950090312,2950085312,10967051,4900000990,2950080312,4900000259,3680016394,7370700005,3680016395,2950091312,3680016397,10967016,7802348526,2950021312,2950035312,7840000056"
56767,lowcross_K10,10,"1200000735,7802310187,1200000757,4171015288,7370700006,10916745,4900001386,7802348527,7802342626,7802348533"
56892,K5,5,"1200000815,1200000130,7085939715,7085939710,1200000131"
56892,K10_primary,10,"1200000815,1200000130,7085939715,7085939710,1200000131,7085939714,7085939711,7840000041,1200000739,3828100305"
56892,K20,20,"1200000815,1200000130,7085939715,7085939710,1200000131,7085939714,7085939711,7840000041,1200000739,3828100305,3828100349,1200010430,3828100309,4900001968,3828100321,1060880027,7802328267,1200000749,3828100261,1200000129"
56892,lowcross_K10,10,"7800000544,7747010313,7514000031,1060880037,1060880028,3828100273,1200000070,3828100277,6647987570,3828100341"
56925,K5,5,"1660000006,1660000064,4100000992,1660000036,8390000004"
56925,K10_primary,10,"1660000006,1660000064,4100000992,1660000036,8390000004,1200010430,1200000131,4100000990,2950005933,8939615657"
56925,K20,20,"1660000006,1660000064,4100000992,1660000036,8390000004,1200010430,1200000131,4100000990,2950005933,8939615657,3120000894,2500000703,8939615651,3120000844,2500000702,8939615655,8939615659,7336037905,1200000297,3828100329"
56925,lowcross_K10,10,"3828100315,1299337915,6647987330,1200000130,7336074935,7800000825,4300098080,7181700037,1200000559,5020000778"
57381,K5,5,"3120000844,3828100207,3120000809,3120000894,3120000885"
57381,K10_primary,10,"3120000844,3828100207,3120000809,3120000894,3120000885,7336071016,7336070919,7336070943,1660000026,8939615612"
57381,K20,20,"3120000844,3828100207,3120000809,3120000894,3120000885,7336071016,7336070919,7336070943,1660000026,8939615612,4100000997,4100000995,3828100389,7336070997,7279600005,1200010430,3828100211,3828100315,3828100329,1200000134"
57381,lowcross_K10,10,"7802328265,6647987430,1060849935,7336070938,5020000016,4900001968,1200000566,7336084102,4900000045,7802328267"
58079,K5,5,"7802328267,7802328264,7241004760,4154508613,7802328263"
58079,K10_primary,10,"7802328267,7802328264,7241004760,4154508613,7802328263,1660052124,7802316152,3828100349,1200000295,3828100361"
58079,K20,20,"7802328267,7802328264,7241004760,4154508613,7802328263,1660052124,7802316152,3828100349,1200000295,3828100361,7802328269,7478000000,3828100213,4612126079,5096833008,3828100313,3828100209,3828100341,3828100345,7747010313"
58079,lowcross_K10,10,"1200000131,7840000041,1690001751,7336070910,7279600008,2950086933,7297900217,7297900225,4612126082,1660051571"
58106,K5,5,"8939615651,7336070997,7572000040,7802328267,3120000839"
58106,K10_primary,10,"8939615651,7336070997,7572000040,7802328267,3120000839,6647987350,3120000883,7336070943,1200000990,7572000020"
58106,K20,20,"8939615651,7336070997,7572000040,7802328267,3120000839,6647987350,3120000883,7336070943,1200000990,7572000020,7336037905,7336084102,7143400081,7336070919,7336071016,1200000295,1200000294,6647987450,3120000844,1060880037"
58106,lowcross_K10,10,"7336070924,4900000044,6647987050,4171011208,1200000567,5096833008,1200000134,4150880000,7802316152,3828100385"
58394,K5,5,"10967051,4900000259,4900000990,7802348526,4900000989"
58394,K10_primary,10,"10967051,4900000259,4900000990,7802348526,4900000989,7370700005,10967016,1060810010,3680016397,3680016395"
58394,K20,20,"10967051,4900000259,4900000990,7802348526,4900000989,7370700005,10967016,1060810010,3680016397,3680016395,4900000640,7840000056,2950021312,3680016394,10967015,1115605702,4900001873,4900000993,4900001478,7818000006"
58394,lowcross_K10,10,"4171015288,4900001386,7802348527,2950093312,10916745,1115605633,4900001964,1200010038,7802348533,4900001968"
58583,K5,5,"7802328267,7802328264,7241004760,4154508613,1660052124"
58583,K10_primary,10,"7802328267,7802328264,7241004760,4154508613,1660052124,1200000295,7802328263,7478000000,5096833008,7802316152"
58583,K20,20,"7802328267,7802328264,7241004760,4154508613,1660052124,1200000295,7802328263,7478000000,5096833008,7802316152,7802328269,4100001031,4900000170,7686000078,4900001827,4612126079,4100001019,7478010521,4100001039,7747010313"
58583,lowcross_K10,10,"1660051571,1200000070,7297900217,2950002933,7297900225,1690001752,1060849937,1060849926,1060880028,1060830038"
58608,K5,5,"8939615651,7336070997,7572000040,1200000990,7336084102"
58608,K10_primary,10,"8939615651,7336070997,7572000040,1200000990,7336084102,7802328267,7572000020,3120000883,6647987350,7336070943"
58608,K20,20,"8939615651,7336070997,7572000040,1200000990,7336084102,7802328267,7572000020,3120000883,6647987350,7336070943,1200000295,7336037905,1200000294,3120000839,3120000844,3120000894,6647987450,8939615657,7336071016,7336023905"
58608,lowcross_K10,10,"2950090762,5096833008,71370525000,71416183751,5020000778,8939615611,4900001968,2500000705,8939615655,3828100385"
59316,K5,5,"10967051,7279600005,4900000259,4900000990,7802348526"
59316,K10_primary,10,"10967051,7279600005,4900000259,4900000990,7802348526,4900000989,7370700005,1200000050,10967016,3680016395"
59316,K20,20,"10967051,7279600005,4900000259,4900000990,7802348526,4900000989,7370700005,1200000050,10967016,3680016395,3680016397,4900001873,3680016394,7840000056,6647987830,1060810010,4900000640,10967015,2950021312,4900001478"
59316,lowcross_K10,10,"7802342626,7802348527,4900001879,2950093312,7370700006,4900001386,10916745,4900001964,1115605633,1200010038"
59474,K5,5,"7802328267,1200000129,7802328264,3828100261,7241004760"
59474,K10_primary,10,"7802328267,1200000129,7802328264,3828100261,7241004760,4154508613,1200000295,7802328263,5096833008,7478000000"
59474,K20,20,"7802328267,1200000129,7802328264,3828100261,7241004760,4154508613,1200000295,7802328263,5096833008,7478000000,7802316152,3828100269,7802328269,3828100253,7686000078,4900000170,4900001827,4100001019,4612126079,4100001031"
59474,lowcross_K10,10,"7297900217,4612126082,1690001751,7840000041,1200000131,1660051571,1200000933,1060830038,1060849937,1200000070"
59505,K5,5,"4900000044,1200000129,7336070997,8939615651,7336084102"
59505,K10_primary,10,"4900000044,1200000129,7336070997,8939615651,7336084102,7572000020,1200000990,1200000295,6647987350,7336037905"
59505,K20,20,"4900000044,1200000129,7336070997,8939615651,7336084102,7572000020,1200000990,1200000295,6647987350,7336037905,7336070943,7572000040,1200000294,7802328267,3120000883,6647987450,3120000844,7336070968,8939615657,3120000894"
59505,lowcross_K10,10,"4300098080,8939615628,7478000005,7800000038,7802316155,4150880000,1060849938,7910332074,5020000778,71416183711"
60718,K5,5,"3828100329,1660000006,3828100331,1200000134,1660000064"
60718,K10_primary,10,"3828100329,1660000006,3828100331,1200000134,1660000064,3828100333,3828100389,7478000005,4100000990,1660000036"
60718,K20,20,"3828100329,1660000006,3828100331,1200000134,1660000064,3828100333,3828100389,7478000005,4100000990,1660000036,1660000026,7336037341,4100000995,1690000302,7297900023,3828100385,2950001762,7336023905,8390000004,1660051470"
60718,lowcross_K10,10,"8939615608,2950011762,7336070958,7840000267,1200000203,8939615651,7800000109,3828100393,4900000554,7572000040"
60896,K5,5,"1200000134,3828100331,3828100333,1660000026,3828100329"
60896,K10_primary,10,"1200000134,3828100331,3828100333,1660000026,3828100329,3828100389,7297900023,7336037341,1690000302,3828100385"
60896,K20,20,"1200000134,3828100331,3828100333,1660000026,3828100329,3828100389,7297900023,7336037341,1690000302,3828100385,7840000259,1660000006,7336023905,1660000036,4100000995,7840000143,1660051348,1660051344,1660051397,1690000301"
60896,lowcross_K10,10,"7478000020,5020000778,1060849929,7840000267,1060849927,7297900225,7572000040,2950035254,1299370915,6647987051"
61417,K5,5,"4100000991,4900001968,7170210213,8390000003,4100000990"
61417,K10_primary,10,"4100000991,4900001968,7170210213,8390000003,4100000990,7802328263,4900000524,7840000259,7840000263,6647987850"
61417,K20,20,"4100000991,4900001968,7170210213,8390000003,4100000990,7802328263,4900000524,7840000259,7840000263,6647987850,4100000992,3828100389,7840000265,4900000044,4900000522,8813099464,2950007254,3828100365,3828100381,3828100373"
61417,lowcross_K10,10,"4900002504,2950080254,2950094254,2950086254,6647947830,7747000001,7572000040,7336023661,2950090762,3120000844"
62235,K5,5,"1660000036,7336071016,1660000006,1660000026,3120000809"
62235,K10_primary,10,"1660000036,7336071016,1660000006,1660000026,3120000809,2500000703,2500000701,1200000294,1660000064,3120000844"
62235,K20,20,"1660000036,7336071016,1660000006,1660000026,3120000809,2500000703,2500000701,1200000294,1660000064,3120000844,7336070919,2500000714,4100000995,1200000134,7336070943,8390000004,7235000011,4100000994,4100000997,1200000121"
62235,lowcross_K10,10,"2950011762,3828100331,4100000371,2950091762,7336070991,1060810005,4900002504,3828100329,2500000719,1200000566"
62340,K5,5,"1660000036,1660000006,7336071016,1660000026,2500000703"
62340,K10_primary,10,"1660000036,1660000006,7336071016,1660000026,2500000703,1660000064,2500000701,8390000004,7336070919,1200000294"
62340,K20,20,"1660000036,1660000006,7336071016,1660000026,2500000703,1660000064,2500000701,8390000004,7336070919,1200000294,2500000714,3120000809,3120000844,7336070943,4100000997,7235000011,1200000121,2500000702,4100000994,1200000295"
62340,lowcross_K10,10,"1299337915,2950094762,2500000719,1200000567,2950080762,3120000862,2950011762,1200000130,8939615641,4154508613"
63116,K5,5,"4900000132,3828100207,3828100315,3828100211,3828100361"
63116,K10_primary,10,"4900000132,3828100207,3828100315,3828100211,3828100361,4900000254,2950093312,4900000193,4900000050,4900000640"
63116,K20,20,"4900000132,3828100207,3828100315,3828100211,3828100361,4900000254,2950093312,4900000193,4900000050,4900000640,7279600271,1200000755,2950082932,2950091312,4900000989,7170240212,7170210212,2950085312,2950081932,2950080312"
63116,lowcross_K10,10,"1060870003,7818000004,10967015,7802341027,1115605390,7840000056,7802348533,4900001964,1200000494,1115605602"
63270,K5,5,"2950089933,2950002933,2950091933,4150880012,2950081933"
63270,K10_primary,10,"2950089933,2950002933,2950091933,4150880012,2950081933,2950094933,2950085933,2950093933,7840000041,1200000294"
63270,K20,20,"2950089933,2950002933,2950091933,4150880012,2950081933,2950094933,2950085933,2950093933,7840000041,1200000294,4100001027,7478000000,2950080933,7020211703,1690000012,7800000544,2950007933,1200000297,7143472599,7478010522"
63270,lowcross_K10,10,"1690000901,7514000034,7514000615,4640054211,7336032804,1660051305,5096833008,1660000026,4100000371,1690001753"
64488,K5,5,"1660051312,2950082932,1690001630,4171015288,2950020933"
64488,K10_primary,10,"1660051312,2950082932,1690001630,4171015288,2950020933,4154500084,4930110105,7686000235,7840000045,4930110106"
64488,K20,20,"1660051312,2950082932,1690001630,4171015288,2950020933,4154500084,4930110105,7686000235,7840000045,4930110106,1690000999,4900001267,7282760108,4640054031,7282760107,7282760110,4612126074,3010400150,7800000062,2950021312"
64488,lowcross_K10,10,"1200000399,7800001103,2950001331,7802348527,2950005331,7282760903,4900001571,5353712051,2950020312,7802310189"
64967,K5,5,"4171011342,5490003506,4900000272,7800005101,7800008101"
64967,K10_primary,10,"4171011342,5490003506,4900000272,7800005101,7800008101,1200000376,4900000404,4900000982,4171019342,4900000057"
64967,K20,20,"4171011342,5490003506,4900000272,7800005101,7800008101,1200000376,4900000404,4900000982,4171019342,4900000057,4900001553,7241009370,7020210104,5080001267,7800000542,4900000989,7800000842,2950082294,3010400312,5490003007"
64967,lowcross_K10,10,"4900000280,7802348535,2950021932,4133104063,7802348533,7802310183,4900000546,5353712051,7802348528,7241053010"
65025,K5,5,"1690000302,4900001267,1660051397,1690001751,2950005312"
65025,K10_primary,10,"1690000302,4900001267,1660051397,1690001751,2950005312,1200000020,4900001873,7833577745,7833577742,1660051470"
65025,K20,20,"1690000302,4900001267,1660051397,1690001751,2950005312,1200000020,4900001873,7833577745,7833577742,1660051470,5353712051,2950020312,4900001553,7802348527,4900001550,2950021312,1200000056,10916645,1660051571,7833577744"
65025,lowcross_K10,10,"1660051571,7833577744,6647987770,1690000303,7802310185,7840000036,7802310183,7802328260,1690000337,4154500084"
66376,K5,5,"7020270499,2950002933,4900001887,2950002932,2950035933"
66376,K10_primary,10,"7020270499,2950002933,4900001887,2950002932,2950035933,7686000235,2950020933,7747020299,7020270399,2950021933"
66376,K20,20,"7020270499,2950002933,4900001887,2950002932,2950035933,7686000235,2950020933,7747020299,7020270399,2950021933,1660051307,7747020199,4900001964,1660051574,4930110006,2950007933,7747010201,4900001386,7170245367,1660051304"
66376,lowcross_K10,10,"4930110105,1660051305,4300000690,4133104063,4900000036,7618332370,4930130001,2950000069,7618332376,4900001879"
66666,K5,5,"4900001887,2950002932,7686000235,2950035933,7020270499"
66666,K10_primary,10,"4900001887,2950002932,7686000235,2950035933,7020270499,2950020933,7747020299,7020270399,2950021933,1660051307"
66666,K20,20,"4900001887,2950002932,7686000235,2950035933,7020270499,2950020933,7747020299,7020270399,2950021933,1660051307,7747020199,4900001964,1660051574,2950002933,2950007933,1660051304,4930110006,7747010201,7170245367,1660051305"
66666,lowcross_K10,10,"7747010202,4900000036,1200000020,4930110105,7618332370,4300000690,2400000750,7618332376,7618332374,4930130001"
66968,K5,5,"5353712051,5491300007,1200000056,2950000014,1784200312"
66968,K10_primary,10,"5353712051,5491300007,1200000056,2950000014,1784200312,1784200212,7020211205,1200000020,2400000750,7802328263"
66968,K20,20,"5353712051,5491300007,1200000056,2950000014,1784200312,1784200212,7020211205,1200000020,2400000750,7802328263,7802328265,4133104063,7802328267,4900001267,7802328260,7802328269,7802328264,10967016,2950081312,4171051397"
66968,lowcross_K10,10,"4900000546,6647987730,1690001649,1690001645,10967017,4900000980,7840000057,436,7802348526,7802310185"
68071,K5,5,"1690000301,1690000303,1784200212,5491300008,7800000531"
68071,K10_primary,10,"1690000301,1690000303,1784200212,5491300008,7800000531,1690000337,4900001267,1784200312,1200000056,7370700006"
68071,K20,20,"1690000301,1690000303,1784200212,5491300008,7800000531,1690000337,4900001267,1784200312,1200000056,7370700006,2950000014,7370700008,7370700005,7020211205,4930110101,7370700009,2950081932,4930110105,7802328267,7800000544"
68071,lowcross_K10,10,"7802310185,4133104063,7802348533,7802348526,7802328265,4930110007,4930110002,7802310183,7802310187,7802348527"
68260,K5,5,"4154508611,7840000022,4154526485,7840000035,1784200212"
68260,K10_primary,10,"4154508611,7840000022,4154526485,7840000035,1784200212,7802328263,6647987770,2950005312,1784200312,1200000056"
68260,K20,20,"4154508611,7840000022,4154526485,7840000035,1784200212,7802328263,6647987770,2950005312,1784200312,1200000056,4900000675,7802328269,7802328264,7840000036,4900001873,1200000020,7802328265,4171015288,1660051170,4900001267"
68260,lowcross_K10,10,"7802328260,7802328267,2950081932,7802348527,4900001879,1690000303,7802310184,7802310187,1660051470,2950035312"
69283,K5,5,"2950007933,4900001905,2950021574,7279600006,4900001907"
69283,K10_primary,10,"2950007933,4900001905,2950021574,7279600006,4900001907,2950035574,1660050570,1060880027,5230000155,2950050933"
69283,K20,20,"2950007933,4900001905,2950021574,7279600006,4900001907,2950035574,1660050570,1060880027,5230000155,2950050933,1660051470,2950021933,1060880026,2950035933,2950020933,7747020199,7802328263,7514000033,7686000082,4900000968"
69283,lowcross_K10,10,"1660051571,2950007254,1060849929,7802328260,6647987330,7020211709,1060849926,1690001783,2950011932,1660052105"
69388,K5,5,"7020200006,2950011932,2950001682,7020200005,1690000901"
69388,K10_primary,10,"7020200006,2950011932,2950001682,7020200005,1690000901,7747010201,2950020933,2950007933,1060880029,1060880037"
69388,K20,20,"7020200006,2950011932,2950001682,7020200005,1690000901,7747010201,2950020933,2950007933,1060880029,1060880037,7686000082,1060880027,1660051170,7514000033,7020211704,7802328267,2950011762,7802328263,7020211703,4900001879"
69388,lowcross_K10,10,"2950007254,6647987630,2950021933,4900000968,1060831115,1060849926,7800000825,2950035932,2950020932,1060830026"
69493,K5,5,"7020200005,7020200006,2950001682,7747010201,2950011932"
69493,K10_primary,10,"7020200005,7020200006,2950001682,7747010201,2950011932,7686000082,1690000901,1060880026,2950007933,7800000825"
69493,K20,20,"7020200005,7020200006,2950001682,7747010201,2950011932,7686000082,1690000901,1060880026,2950007933,7800000825,1660050570,2950020933,1660051170,1060880029,5230000155,2950011762,7802328267,7802328263,1660051314,7802328269"
69493,lowcross_K10,10,"6647987430,4900000968,7840000057,2950020932,2950021933,4900001879,1060830026,1060849927,6647987630,1060849937"
69998,K5,5,"1690000901,1660051170,7020200005,1060880037,1060880029"
69998,K10_primary,10,"1690000901,1660051170,7020200005,1060880037,1060880029,2950011932,7020211709,7802328267,7020200006,2950035933"
69998,K20,20,"1690000901,1660051170,7020200005,1060880037,1060880029,2950011932,7020211709,7802328267,7020200006,2950035933,5230000155,7020211703,2950020933,7514000033,7802328263,5230000154,7802328269,4171031288,2950011762,7802328265"
69998,lowcross_K10,10,"2950007933,1060880028,1060880027,4900001873,1060849926,1660051314,2950021933,1060830038,7686000082,6647987630"
70070,K5,5,"4900001905,1060880027,2950050933,2950007933,4900001907"
70070,K10_primary,10,"4900001905,1060880027,2950050933,2950007933,4900001907,2950021574,2950035574,7686000082,1660050570,7747020199"
70070,K20,20,"4900001905,1060880027,2950050933,2950007933,4900001907,2950021574,2950035574,7686000082,1660050570,7747020199,7514000033,1660051470,2950035933,7241004230,1060880033,2950020933,1060880026,7802328265,1060880037,7747010201"
70070,lowcross_K10,10,"7800000825,1690000901,4900001873,7020211709,1690000335,7747000000,2950007254,1060830029,1060849929,5230000092"
70997,K5,5,"7800001015,4900000968,3010400150,4930110101,2950035312"
70997,K10_primary,10,"7800001015,4900000968,3010400150,4930110101,2950035312,7840000052,4900000951,4171015288,4930110105,7840000049"
70997,K20,20,"7800001015,4900000968,3010400150,4930110101,2950035312,7840000052,4900000951,4171015288,4930110105,7840000049,4900000280,2950020312,7802348528,4900000410,2950021312,7802310188,4930110102,7800001103,2950005331,4640054031"
70997,lowcross_K10,10,"7686000235,2950021254,4133104060,7802310182,1200000399,7802348529,7802348531,7802310185,7802310189,2950001331"
71176,K5,5,"3010400150,4930110105,2950035312,4930110101,7840000052"
71176,K10_primary,10,"3010400150,4930110105,2950035312,4930110101,7840000052,4900000280,4171015288,7840000049,2950020312,4900000410"
71176,K20,20,"3010400150,4930110105,2950035312,4930110101,7840000052,4900000280,4171015288,7840000049,2950020312,4900000410,7686000235,4930110102,7802348528,2950005331,2950021312,7840000045,7802310191,4900000546,7802310188,7802348532"
71176,lowcross_K10,10,"7840000046,7802310185,7802310189,2950001331,4133104060,4900001571,7800001015,1200000399,7802310182,2950021254"
71208,K5,5,"7840000022,7840000036,7840000055,2950020312,7840000058"
71208,K10_primary,10,"7840000022,7840000036,7840000055,2950020312,7840000058,4900001302,7800000831,7514000146,4900001855,4171015288"
71208,K20,20,"7840000022,7840000036,7840000055,2950020312,7840000058,4900001302,7800000831,7514000146,4900001855,4171015288,7143400081,7802328267,4171013288,7840000035,7802348526,7802310184,7802348530,4171011288,4171012288,7840000056"
71208,lowcross_K10,10,"1690000301,4154508611,7802310183,7802310188,7802310182,4930110105,4100010958,2950085294,7802341027,7020210103"
72006,K5,5,"4612126074,1660051312,7282760104,7282760203,4154500084"
72006,K10_primary,10,"4612126074,1660051312,7282760104,7282760203,4154500084,7282760108,7282760107,7282760110,2950020933,7840000045"
72006,K20,20,"4612126074,1660051312,7282760104,7282760203,4154500084,7282760108,7282760107,7282760110,2950020933,7840000045,7514000144,7514000142,7840000017,2950082932,4930110106,2950035312,4900000666,2400000747,2950021312,7802348529"
72006,lowcross_K10,10,"7802310187,7802310185,7802310180,4930110101,7802348526,4900001571,4900000638,7800000062,4930110105,4930110102"
72039,K5,5,"7840000055,7802328272,2950035312,4900000931,4930110105"
72039,K10_primary,10,"7840000055,7802328272,2950035312,4900000931,4930110105,7802348529,4930110101,7802310181,2950021312,7840000035"
72039,K20,20,"7840000055,7802328272,2950035312,4900000931,4930110105,7802348529,4930110101,7802310181,2950021312,7840000035,4930110102,7840000036,7840000022,2950021932,7840000057,4900001302,2950020312,7802348532,7840000058,4900001301"
72039,lowcross_K10,10,"1200000020,4900001267,7514000146,7802310182,4900000272,2950035932,4900000980,1200000376,7802341030,3828100337"
72348,K5,5,"4612126074,1660051312,7282760203,7282760108,7282760107"
72348,K10_primary,10,"4612126074,1660051312,7282760203,7282760108,7282760107,7282760110,7840000045,7282760104,4154500084,2950020933"
72348,K20,20,"4612126074,1660051312,7282760203,7282760108,7282760107,7282760110,7840000045,7282760104,4154500084,2950020933,4930110106,2950082932,2950021312,1690001630,2950035312,2400000747,7802310194,4900000666,7802348529,7514000144"
72348,lowcross_K10,10,"7802310187,4900000638,4900001571,7380000057,7800000062,7802310185,7802310180,4930110101,4930110105,7802310183"
72372,K5,5,"1690001753,7840000055,4171015288,3010400150,4930110105"
72372,K10_primary,10,"1690001753,7840000055,4171015288,3010400150,4930110105,2950021312,2950035932,4930110101,1690001751,1690000301"
72372,K20,20,"1690001753,7840000055,4171015288,3010400150,4930110105,2950021312,2950035932,4930110101,1690001751,1690000301,7802328269,7840000057,7802328260,1690001752,1690000303,2950021932,1690000302,7802328272,4900001571,7802328264"
72372,lowcross_K10,10,"1660000020,2400013237,7802341030,7802348529,7802328267,7802310181,3010400197,4133104060,4900000666,4900000129"
74580,K5,5,"1660000064,7336070943,7336070997,7336070919,7336070918"
74580,K10_primary,10,"1660000064,7336070943,7336070997,7336070919,7336070918,7336070916,7478000005,3828100393,3828100333,3828100331"
74580,K20,20,"1660000064,7336070943,7336070997,7336070919,7336070918,7336070916,7478000005,3828100393,3828100333,3828100331,3828100389,1660051572,3828100385,1660000026,3828100397,1690001753,7478000007,1690001752,1660050570,7336070938"
74580,lowcross_K10,10,"7297900217,7802316155,7514000032,6647987430,4100000371,7514000031,7336070922,4900002319,4900002385,1200000120"
74904,K5,5,"1690001753,7478000007,1660051572,1200000566,7336070938"
74904,K10_primary,10,"1690001753,7478000007,1660051572,1200000566,7336070938,1690001752,1200000567,1690001751,7478000009,7478000005"
74904,K20,20,"1690001753,7478000007,1660051572,1200000566,7336070938,1690001752,1200000567,1690001751,7478000009,7478000005,7336070958,7336070918,1660051348,7336070953,1660051344,1660051397,7336070974,7800000825,1660051470,7336070972"
74904,lowcross_K10,10,"4900002319,7802316155,7802316151,5737910501,7478010521,4150880000,1660051170,4640010244,2950091933,7802316152"
77112,K5,5,"7020211709,7800000109,3120000839,8939615612,1060880029"
77112,K10_primary,10,"7020211709,7800000109,3120000839,8939615612,1060880029,1060880026,3120000862,7279600281,6647947330,1060880027"
77112,K20,20,"7020211709,7800000109,3120000839,8939615612,1060880029,1060880026,3120000862,7279600281,6647947330,1060880027,6647987850,8939615628,7143400150,6647987350,7336074341,7143400005,7336070341,6647947830,8939615615,1060880028"
77112,lowcross_K10,10,"8939615640,1660051571,1660051572,7336061905,4171041278,1200000120,7336037905,1660051470,3120000809,7840000732"
77250,K5,5,"5096800012,7833577742,3828100385,7336070943,3828100389"
77250,K10_primary,10,"5096800012,7833577742,3828100385,7336070943,3828100389,7170240244,1660051470,3828100397,1660055220,3828100393"
77250,K20,20,"5096800012,7833577742,3828100385,7336070943,3828100389,7170240244,1660051470,3828100397,1660055220,3828100393,1660050570,475,1660000026,1200000294,6647987470,1660051344,7618332374,7800000148,1660051348,7336070905"
77250,lowcross_K10,10,"8939615628,8939615613,8939615152,1060849927,1060849928,3120000883,7336084103,6647947430,7572000020,7336070918"
77325,K5,5,"1660051397,7478000007,1660051344,7478000009,1660051348"
77325,K10_primary,10,"1660051397,7478000007,1660051344,7478000009,1660051348,4930110302,4900000989,1660050570,1660051572,1660051470"
77325,K20,20,"1660051397,7478000007,1660051344,7478000009,1660051348,4930110302,4900000989,1660050570,1660051572,1660051470,1200000757,5491300008,3828100361,7800000021,1200000735,5737912105,7109105005,1200000752,4900001885,4900000990"
77325,lowcross_K10,10,"6647987730,4930110301,4930110319,1200000743,4900001907,1690041772,4900001879,4900001906,1660000026,7514000032"
77595,K5,5,"5096800012,7336070943,7833577742,3828100385,3828100333"
77595,K10_primary,10,"5096800012,7336070943,7833577742,3828100385,3828100333,475,3828100393,3828100389,7618332374,1660000036"
77595,K20,20,"5096800012,7336070943,7833577742,3828100385,3828100333,475,3828100393,3828100389,7618332374,1660000036,3828100397,7618332369,1660051344,1660050570,4100010288,2950005762,4900001834,7618332363,7336070953,1660000026"
77595,lowcross_K10,10,"6647987970,8813099464,7686000235,8939615628,4900001827,1370525000,7618300356,7833577746,7336037661,7910332084"
77660,K5,5,"7478000009,1660051397,1660051348,4900000989,1660051344"
77660,K10_primary,10,"7478000009,1660051397,1660051348,4900000989,1660051344,7478000007,5491300008,1200000757,1660051470,7800000021"
77660,K20,20,"7478000009,1660051397,1660051348,4900000989,1660051344,7478000007,5491300008,1200000757,1660051470,7800000021,4930110302,1200000735,1200000752,1060810005,4900000990,7370700005,7478000000,3828100361,1660050570,1660051572"
77660,lowcross_K10,10,"7802328267,7818000004,3049488122,6647987730,10967051,1690001783,7840000035,7478000006,4900000259,7514000305"
78067,K5,5,"7336070916,7170240244,1660051572,3828100397,3828100389"
78067,K10_primary,10,"7336070916,7170240244,1660051572,3828100397,3828100389,3828100385,7336070943,1660050570,3828100393,1660051344"
78067,K20,20,"7336070916,7170240244,1660051572,3828100397,3828100389,3828100385,7336070943,1660050570,3828100393,1660051344,7618332374,1299370915,7618332369,3120000883,2950085762,3828100333,2950091762,1299337915,7833577742,2950080762"
78067,lowcross_K10,10,"8939615398,2500000704,7206301217,4150880000,6647942330,4640010021,2950021933,7170240367,8939615399,6647942230"
78371,K5,5,"7020270399,1660051314,7020211703,7020270499,4900001905"
78371,K10_primary,10,"7020270399,1660051314,7020211703,7020270499,4900001905,7020211704,2950050933,7840000035,4900001907,7020200006"
78371,K20,20,"7020270399,1660051314,7020211703,7020270499,4900001905,7020211704,2950050933,7840000035,4900001907,7020200006,6647987330,2950021933,2950035933,7840000036,7279600006,7800000825,4900000044,7747020199,1060880027,7747010201"
78371,lowcross_K10,10,"7514000031,1060849929,4900001968,1060866635,7802328265,2950021762,4900001891,7514000032,6647987630,2950020762"
78456,K5,5,"7020270399,1660051314,7279600006,7020270499,4900001905"
78456,K10_primary,10,"7020270399,1660051314,7279600006,7020270499,4900001905,7020211704,4900000044,2950050933,7020200005,7800000825"
78456,K20,20,"7020270399,1660051314,7279600006,7020270499,4900001905,7020211704,4900000044,2950050933,7020200005,7800000825,4900001907,2950021933,7020211703,7802310185,7840000036,7020200006,1060831117,4900001968,6647987330,1060849933"
78456,lowcross_K10,10,"2950021932,1060880033,7514000031,1060831118,2950021762,6647987430,4900001891,1060831119,1060880026,4900001873"
78537,K5,5,"7020270499,7020270399,1660051314,2950050933,4900001905"
78537,K10_primary,10,"7020270499,7020270399,1660051314,2950050933,4900001905,6647987330,7840000036,1200010430,7802310185,2950021933"
78537,K20,20,"7020270499,7020270399,1660051314,2950050933,4900001905,6647987330,7840000036,1200010430,7802310185,2950021933,4900001884,4900001968,1060849933,4900001907,1060831117,6647987430,1200010038,1690001782,7747020199,7800000825"
78537,lowcross_K10,10,"7020211703,7802328263,2950007933,7802328265,7514000031,7279600006,7279600005,7840000057,2950020933,1060849935"
79637,K5,5,"4900000989,5737912105,4900000640,1200000921,4900001905"
79637,K10_primary,10,"4900000989,5737912105,4900000640,1200000921,4900001905,4900000990,4900000993,5491300008,4900001906,7370700006"
79637,K20,20,"4900000989,5737912105,4900000640,1200000921,4900001905,4900000990,4900000993,5491300008,4900001906,7370700006,4900001879,4900001907,7370700005,7514000031,7514000032,4900001964,7802328269,3680016390,6647987230,7802328265"
79637,lowcross_K10,10,"7514000305,3680016394,7279600271,2950007762,10967017,5096833008,4300000690,4900001478,7370700008,7800000062"
79779,K5,5,"5737912105,4900000989,4900000990,4900001905,4900000993"
79779,K10_primary,10,"5737912105,4900000989,4900000990,4900001905,4900000993,5491300008,4900001906,1200000921,7370700006,4900000640"
79779,K20,20,"5737912105,4900000989,4900000990,4900001905,4900000993,5491300008,4900001906,1200000921,7370700006,4900000640,1200010038,7514000031,4900001879,10967051,7802328269,4900001907,7370700005,4900001964,2950086932,3680016390"
79779,lowcross_K10,10,"7802310187,7818000005,7746000023,3680016393,2950007762,7746000015,7802348527,5096833008,2950080312,4300000690"
86925,K5,5,"4930110101,4930110105,4171015288,2950035312,3010400150"
86925,K10_primary,10,"4930110101,4930110105,4171015288,2950035312,3010400150,4900000280,2950020312,7802348527,4900000951,4930110102"
86925,K20,20,"4930110101,4930110105,4171015288,2950035312,3010400150,4900000280,2950020312,7802348527,4900000951,4930110102,2950005331,7840000049,7840000052,7802348528,4900000410,2950021312,4900000546,7802310188,1200000056,2950001331"
86925,lowcross_K10,10,"7802310191,4900000675,7802348531,7802310182,1200000399,4930130001,7802310185,4133104060,7802348529,7802310189"
86955,K5,5,"7840000055,4930110101,4900001301,4930110105,2950020312"
86955,K10_primary,10,"7840000055,4930110101,4900001301,4930110105,2950020312,7840000058,4930110102,2950021312,2950035312,4900001267"
86955,K20,20,"7840000055,4930110101,4900001301,4930110105,2950020312,7840000058,4930110102,2950021312,2950035312,4900001267,1200000056,7840000056,7840000057,7514000146,4900000675,2400013233,7802310182,2950021932,7802348531,7802310181"
86955,lowcross_K10,10,"7802310182,2950021932,7802348531,7802310181,2950035932,7802328272,7800008101,7802348532,7802310194,7802342626"
87128,K5,5,"1200000056,2950035312,3010400150,7840000049,7840000052"
87128,K10_primary,10,"1200000056,2950035312,3010400150,7840000049,7840000052,4640054031,4900000280,7840000046,7802348528,4900000410"
87128,K20,20,"1200000056,2950035312,3010400150,7840000049,7840000052,4640054031,4900000280,7840000046,7802348528,4900000410,4930110105,4900000675,2950020312,7802348532,4171015288,7802310185,7802348527,4930110101,2950021312,4930110102"
87128,lowcross_K10,10,"4900001571,7802348531,2950021254,7802348529,3010400110,4900000546,7840000017,7802310189,7833577746,3010400304"
87158,K5,5,"4930110101,4900001301,2950020312,7840000058,2950021312"
87158,K10_primary,10,"4930110101,4900001301,2950020312,7840000058,2950021312,4930110105,4930110102,2950035312,7840000055,7514000146"
87158,K20,20,"4930110101,4900001301,2950020312,7840000058,2950021312,4930110105,4930110102,2950035312,7840000055,7514000146,7840000056,7840000057,7802310182,2400013233,7802310181,7802310194,2950035932,7802348532,7802348531,7802341030"
87158,lowcross_K10,10,"2950035932,7802348532,7802348531,7802341030,2950021932,4133104063,7802328272,1200000020,7802310188,7802342626"
87177,K5,5,"7840000022,7840000036,7840000035,7840000055,7840000058"
87177,K10_primary,10,"7840000022,7840000036,7840000035,7840000055,7840000058,7514000146,7143400081,7802328265,7802310184,7802348526"
87177,K20,20,"7840000022,7840000036,7840000035,7840000055,7840000058,7514000146,7143400081,7802328265,7802310184,7802348526,7840000056,7802328267,7800000831,4900001855,4171012288,2950020312,7241053010,4900001302,7802328269,4930110101"
87177,lowcross_K10,10,"7802348533,4930110105,2950085294,7802310185,7800000531,1660051397,7020210104,7020210103,4100010958,1200000020"
87194,K5,5,"7686000282,10967051,7170224367,1200000020,7514000146"
87194,K10_primary,10,"7686000282,10967051,7170224367,1200000020,7514000146,7370700006,4900001386,2950021312,7802328264,10967015"
87194,K20,20,"7686000282,10967051,7170224367,1200000020,7514000146,7370700006,4900001386,2950021312,7802328264,10967015,7802348527,4930110105,2950035312,7802310185,4930110101,7370700005,10967016,10967017,7802328269,2950020312"
87194,lowcross_K10,10,"7802348533,7802310187,4900001870,10916645,7802328263,7802328265,7802328260,4900001855,4930110102,4900000043"
87206,K5,5,"2950086932,1660051397,4900001879,2950021312,2950020312"
87206,K10_primary,10,"2950086932,1660051397,4900001879,2950021312,2950020312,10967051,7143472109,7802328264,4154500084,2950035312"
87206,K20,20,"2950086932,1660051397,4900001879,2950021312,2950020312,10967051,7143472109,7802328264,4154500084,2950035312,10916745,7840000058,7840000055,4900001386,1690000302,7802348526,7802348527,7802328260,7802328269,4900001478"
87206,lowcross_K10,10,"10916645,4154508611,7802348533,7840000035,5490000030,7802310194,4930110102,1200000746,5490000029,2950005312"
87491,K5,5,"2950005312,1200000020,4900000990,5491300007,2950000014"
87491,K10_primary,10,"2950005312,1200000020,4900000990,5491300007,2950000014,1200000056,5353712001,5353712051,4900000993,1784200312"
87491,K20,20,"2950005312,1200000020,4900000990,5491300007,2950000014,1200000056,5353712001,5353712051,4900000993,1784200312,4171051397,7170240245,1784200212,4900000259,4900001267,2950081312,7170210245,7802328263,7802328265,2400000750"
87491,lowcross_K10,10,"7802328269,6647987730,7802328264,7370700009,5080021567,2950085312,1690010988,5080021557,5490003035,4900000546"
87536,K5,5,"3010400150,2950021312,4171015288,4930110105,4930110101"
87536,K10_primary,10,"3010400150,2950021312,4171015288,4930110105,4930110101,1690001753,1690001752,1690001751,7840000055,7802328269"
87536,K20,20,"3010400150,2950021312,4171015288,4930110105,4930110101,1690001753,1690001752,1690001751,7840000055,7802328269,2400013237,7840000057,7802328260,7802328272,4900001571,2950035932,7802328264,2950035312,4930110102,7840000058"
87536,lowcross_K10,10,"3828100301,2950020312,7802310182,7802328263,7802310188,4133104063,4900001601,7802341030,7802328267,7802348528"
88070,K5,5,"1200000020,2950005312,1200000056,2950000014,5353712051"
88070,K10_primary,10,"1200000020,2950005312,1200000056,2950000014,5353712051,5353712001,5491300007,4900001267,7020211205,4900000259"
88070,K20,20,"1200000020,2950005312,1200000056,2950000014,5353712051,5353712001,5491300007,4900001267,7020211205,4900000259,4900000993,4133104063,4171051397,6647987730,1784200312,1784200212,2400000750,7802328267,7802328265,7802328260"
88070,lowcross_K10,10,"2950081312,2950085312,1690010988,7802310183,7800008118,4900000546,7170210245,1690001649,7370700009,1690001645"
88174,K5,5,"3828100321,3828100305,3828100325,4900001964,1200010038"
88174,K10_primary,10,"3828100321,3828100305,3828100325,4900001964,1200010038,4930110007,1060830015,10967016,3680018206,7618332376"
88174,K20,20,"3828100321,3828100305,3828100325,4900001964,1200010038,4930110007,1060830015,10967016,3680018206,7618332376,10967015,3680018207,7618332370,4900000460,7370700005,2400000750,10967051,4300000690,7370700008,10967017"
88174,lowcross_K10,10,"2950035312,3680018205,4900001063,7370700006,2950020312,5080000067,7170245367,7618316379,4900000170,7370700009"
88865,K5,5,"4100000814,2950020933,4900001601,1200000396,7802328265"
88865,K10_primary,10,"4100000814,2950020933,4900001601,1200000396,7802328265,4171015288,1200000847,7802328260,4930110105,7802328267"
88865,K20,20,"4100000814,2950020933,4900001601,1200000396,7802328265,4171015288,1200000847,7802328260,4930110105,7802328267,7802328269,7802310189,7802348528,7802328272,7802328263,4930110102,1200000887,4900000666,4930110101,7802328264"
88865,lowcross_K10,10,"7802310194,7802348530,4900000114,4640054031,7802310181,7802310200,7802348532,7802348531,7802348526,7514000144"
88901,K5,5,"4900001302,2400013233,2950035932,7840000036,7802328272"
88901,K10_primary,10,"4900001302,2400013233,2950035932,7840000036,7802328272,7840000055,7840000022,2950020312,4930110105,7840000035"
88901,K20,20,"4900001302,2400013233,2950035932,7840000036,7802328272,7840000055,7840000022,2950020312,4930110105,7840000035,4900001553,1660051470,7840000056,4900000404,7840000058,1200000056,2950001294,1660051170,2950021312,3828100337"
88901,lowcross_K10,10,"4930110101,1660050570,7840000057,7802348531,7802342626,2950035312,4900001267,4900000931,7802348529,1660051571"
88921,K5,5,"4900001478,4900001480,4900001386,10967015,7802328265"
88921,K10_primary,10,"4900001478,4900001480,4900001386,10967015,7802328265,7802348527,7802348530,4930110105,7370700006,7802328263"
88921,K20,20,"4900001478,4900001480,4900001386,10967015,7802328265,7802348527,7802348530,4930110105,7370700006,7802328263,7802310187,7802348531,7370700005,7802310184,10967051,10916745,2950020312,10916645,7802310185,7802310183"
88921,lowcross_K10,10,"4930110102,2950021312,2950081932,7802342626,1660051571,7802348533,7802348526,4930110101,7802328260,7802328269"
89413,K5,5,"4171013288,1660051312,1660053102,2950082932,1690001630"
89413,K10_primary,10,"4171013288,1660051312,1660053102,2950082932,1690001630,4171015288,2950020933,4900000170,4154500084,4930110105"
89413,K20,20,"4171013288,1660051312,1660053102,2950082932,1690001630,4171015288,2950020933,4900000170,4154500084,4930110105,7840000045,4930110106,7686000235,7282760108,4640054031,7282760107,7282760110,4930110102,7282760203,4612126074"
89413,lowcross_K10,10,"1200000056,7282760903,7800001015,7802348527,2950020312,4900001571,7800001103,7802310189,5353712051,2950005331"
89428,K5,5,"7370700006,7241053010,4930110105,2950020312,4100000814"
89428,K10_primary,10,"7370700006,7241053010,4930110105,2950020312,4100000814,7802328265,7802328269,7802328263,7802328260,4930110101"
89428,K20,20,"7370700006,7241053010,4930110105,2950020312,4100000814,7802328265,7802328269,7802328263,7802328260,4930110101,7802348528,2950086254,7802328267,1200000396,2950021312,7802328264,4900000280,2950035312,7802348532,7840000045"
89428,lowcross_K10,10,"7840000017,7802310183,7802310182,7802310180,4900000114,4171015288,3010400150,1690001650,4900000546,1200000395"
89505,K5,5,"4900001964,2950021933,1660051307,2950035933,1660051305"
89505,K10_primary,10,"4900001964,2950021933,1660051307,2950035933,1660051305,1660051574,2950020933,1660051304,2950000069,7747020299"
89505,K20,20,"4900001964,2950021933,1660051307,2950035933,1660051305,1660051574,2950020933,1660051304,2950000069,7747020299,7686000235,2950007933,7747020199,4900000546,4900000036,7170240367,2950002932,7020211703,4900000170,7020270499"
89505,lowcross_K10,10,"7170245367,1060810005,4900001887,7747010201,7170225367,1060810010,7747010202,4900001873,2950001933,1200000395"
92525,K5,5,"4171019288,1660051219,7800000831,7800000531,4171012288"
92525,K10_primary,10,"4171019288,1660051219,7800000831,7800000531,4171012288,1660051209,4171013288,1660051304,4900001885,4930110301"
92525,K20,20,"4171019288,1660051219,7800000831,7800000531,4171012288,1660051209,4171013288,1660051304,4900001885,4930110301,1660053102,4930110319,1060880027,4930110305,5491300008,1660051305,4900001886,1660051307,4930110302,7143418599"
92525,lowcross_K10,10,"4900001891,7109105005,7241004960,4900000182,4900001907,7802348526,7802328269,6647987730,7170222320,7802310183"
92850,K5,5,"7370700006,7170224367,4930110102,4900000043,7802328260"
92850,K10_primary,10,"7370700006,7170224367,4930110102,4900000043,7802328260,4900001887,7802328267,4900000546,7370700008,7802310188"
92850,K20,20,"7370700006,7170224367,4930110102,4900000043,7802328260,4900001887,7802328267,4900000546,7370700008,7802310188,7802348533,7802328265,10967016,2950020312,4900001480,2950035312,7370700005,10967051,7802348526,4900001855"
92850,lowcross_K10,10,"7802328264,7514000146,7802348527,4930110101,7802310187,7802328269,10967017,10916645,2950005312,4900001478"
93174,K5,5,"4900001480,4900001855,2950021312,4900001887,7802310183"
93174,K10_primary,10,"4900001480,4900001855,2950021312,4900001887,7802310183,7802328265,4900001386,4930110101,4900000043,7370700005"
93174,K20,20,"4900001480,4900001855,2950021312,4900001887,7802310183,7802328265,4900001386,4930110101,4900000043,7370700005,4900001478,7802310187,7802328263,7802328260,7802328264,7514000146,7802348533,7170224367,7802310185,2950020312"
93174,lowcross_K10,10,"10967017,4930110102,7802310184,7370700006,7802328269,1200000395,7802348526,10967015,10916645,4900001870"
93217,K5,5,"3828100333,4171013288,3828100329,1660051312,7800000544"
93217,K10_primary,10,"3828100333,4171013288,3828100329,1660051312,7800000544,1660051209,4900001879,7800000531,4930130102,7800000844"
93217,K20,20,"3828100333,4171013288,3828100329,1660051312,7800000544,1660051209,4900001879,7800000531,4930130102,7800000844,4930110105,4900001386,4171012288,4930110101,5491300008,7802310183,7802328260,7370700005,2950085932,10967017"
93217,lowcross_K10,10,"7686000282,7802348533,2950086932,7802348527,4930110006,4154500084,7802328269,10967016,7802348526,4930110007"
93392,K5,5,"1200000020,7514000144,7514000142,2950021312,3010400150"
93392,K10_primary,10,"1200000020,7514000144,7514000142,2950021312,3010400150,1690000980,2950005331,2950082254,2950020312,2950035312"
93392,K20,20,"1200000020,7514000144,7514000142,2950021312,3010400150,1690000980,2950005331,2950082254,2950020312,2950035312,4154500084,4930110106,4930110102,4930110101,1690000999,7802310188,1660000020,4171015288,7282760803,7282760903"
93392,lowcross_K10,10,"7282760108,4900000193,4900000069,7802310185,5353712051,7282760107,7282760103,7282760110,2950021932,7802348527"
93416,K5,5,"4900000280,4900000410,4930110101,7840000049,4171015288"
93416,K10_primary,10,"4900000280,4900000410,4930110101,7840000049,4171015288,2950021312,4930110105,3010400150,2950035312,7802310182"
93416,K20,20,"4900000280,4900000410,4930110101,7840000049,4171015288,2950021312,4930110105,3010400150,2950035312,7802310182,4900000951,2950020312,7802348528,7802310181,2950001331,4900000170,2950005331,7802348535,4171041278,4900000546"
93416,lowcross_K10,10,"3010400310,1784200100,1200000395,4133104063,5353712001,4100000814,3010400312,4930190001,4900000551,4900001015"
93443,K5,5,"4900001873,7802310187,4930110101,7802348533,7802310185"
93443,K10_primary,10,"4900001873,7802310187,4930110101,7802348533,7802310185,7802328265,7802348526,2950021312,4930110105,7802348527"
93443,K20,20,"4900001873,7802310187,4930110101,7802348533,7802310185,7802328265,7802348526,2950021312,4930110105,7802348527,7802310188,7802328260,4900001480,7170224367,5490000087,4900001478,2950035312,4900001855,2950020312,4930110102"
93443,lowcross_K10,10,"2950020312,4930110102,4900000675,7802328263,7802310184,2400000747,1200000056,7802328264,7802310183,4900001870"
