campaign_id,week,relative_week,series,avg_units,is_promotion_week
397,373,-8,Matched Control,3.132452574525745,False
397,374,-7,Matched Control,2.854878048780488,False
397,375,-6,Matched Control,2.80754452187379,False
397,376,-5,Matched Control,3.39683991482772,False
397,377,-4,Matched Control,3.43417537746806,False
397,378,-3,Matched Control,2.565393921796361,False
397,379,-2,Matched Control,2.5041037553232672,False
397,380,-1,Matched Control,2.667779713511421,False
397,381,0,Matched Control,2.6802651955090977,True
397,382,1,Matched Control,2.8676490514905146,True
397,383,2,Matched Control,2.782491289198606,True
397,384,3,Matched Control,2.988293650793651,True
397,385,4,Matched Control,2.630541037553233,True
397,386,5,Matched Control,2.540118079752226,True
397,373,-8,Treated,856.5121951219512,False
397,374,-7,Treated,23.085365853658537,False
397,375,-6,Treated,17.9390243902439,False
397,376,-5,Treated,1041.6829268292684,False
397,377,-4,Treated,1021.1463414634146,False
397,378,-3,Treated,105.82926829268293,False
397,379,-2,Treated,16.109756097560975,False
397,380,-1,Treated,20.646341463414632,False
397,381,0,Treated,273.280487804878,True
397,382,1,Treated,26.78048780487805,True
397,383,2,Treated,915.4878048780488,True
397,384,3,Treated,29.146341463414632,True
397,385,4,Treated,749.7439024390244,True
397,386,5,Treated,22.0609756097561,True
604,373,-8,Matched Control,3.712461285327139,False
604,374,-7,Matched Control,3.528285907859079,False
604,375,-6,Matched Control,11.161672473867595,False
604,376,-5,Matched Control,3.9977158343012,False
604,377,-4,Matched Control,4.0755516840882695,False
604,378,-3,Matched Control,55.30791231126597,False
604,379,-2,Matched Control,3.482888114595432,False
604,380,-1,Matched Control,3.383493031358885,False
604,381,0,Matched Control,3.3673586914440574,True
604,382,1,Matched Control,3.5460027100271003,True
604,383,2,Matched Control,3.2421699574138603,True
604,384,3,Matched Control,3.434025358110724,True
604,385,4,Matched Control,3.230197444831591,True
604,386,5,Matched Control,26.778498838559816,True
604,373,-8,Treated,299.0243902439024,False
604,374,-7,Treated,11.5,False
604,375,-6,Treated,8.426829268292684,False
604,376,-5,Treated,373.9512195121951,False
604,377,-4,Treated,310.3414634146341,False
604,378,-3,Treated,28.024390243902438,False
604,379,-2,Treated,6.670731707317073,False
604,380,-1,Treated,9.975609756097562,False
604,381,0,Treated,97.98780487804878,True
604,382,1,Treated,11.487804878048781,True
604,383,2,Treated,324.3048780487805,True
604,384,3,Treated,12.524390243902438,True
604,385,4,Treated,243.26829268292684,True
604,386,5,Treated,7.512195121951219,True
954,373,-8,Matched Control,13.341333333333333,False
954,374,-7,Matched Control,23.622666666666667,False
954,375,-6,Matched Control,15.227999999999998,False
954,376,-5,Matched Control,17.59733333333333,False
954,377,-4,Matched Control,14.241333333333332,False
954,378,-3,Matched Control,34.74133333333333,False
954,379,-2,Matched Control,16.052,False
954,380,-1,Matched Control,20.153333333333332,False
954,381,0,Matched Control,10.190666666666665,True
954,382,1,Matched Control,11.630666666666666,True
954,383,2,Matched Control,21.974666666666664,True
954,384,3,Matched Control,11.081333333333333,True
954,385,4,Matched Control,10.449333333333334,True
954,386,5,Matched Control,36.31466666666667,True
954,373,-8,Treated,47.92,False
954,374,-7,Treated,1.56,False
954,375,-6,Treated,1.68,False
954,376,-5,Treated,60.93333333333333,False
954,377,-4,Treated,51.13333333333333,False
954,378,-3,Treated,3.92,False
954,379,-2,Treated,1.1066666666666667,False
954,380,-1,Treated,1.8933333333333333,False
954,381,0,Treated,13.586666666666666,True
954,382,1,Treated,1.88,True
954,383,2,Treated,53.54666666666667,True
954,384,3,Treated,2.1333333333333333,True
954,385,4,Treated,39.64,True
954,386,5,Treated,1.2266666666666666,True
1613,373,-8,Matched Control,14.797696476964768,False
1613,374,-7,Matched Control,28.48021680216802,False
1613,375,-6,Matched Control,18.7840108401084,False
1613,376,-5,Matched Control,21.217479674796746,False
1613,377,-4,Matched Control,16.816937669376692,False
1613,378,-3,Matched Control,49.24024390243902,False
1613,379,-2,Matched Control,20.407452574525745,False
1613,380,-1,Matched Control,22.555962059620597,False
1613,381,0,Matched Control,12.44620596205962,True
1613,382,1,Matched Control,12.966666666666667,True
1613,383,2,Matched Control,26.854607046070463,True
1613,384,3,Matched Control,13.037669376693767,True
1613,385,4,Matched Control,12.271273712737127,True
1613,386,5,Matched Control,48.03116531165312,True
1613,373,-8,Treated,63.573170731707314,False
1613,374,-7,Treated,2.5609756097560976,False
1613,375,-6,Treated,2.402439024390244,False
1613,376,-5,Treated,93.1219512195122,False
1613,377,-4,Treated,77.5,False
1613,378,-3,Treated,7.7926829268292686,False
1613,379,-2,Treated,1.7804878048780488,False
1613,380,-1,Treated,2.1951219512195124,False
1613,381,0,Treated,22.378048780487806,True
1613,382,1,Treated,2.8658536585365852,True
1613,383,2,Treated,71.73170731707317,True
1613,384,3,Treated,3.5853658536585367,True
1613,385,4,Treated,65.6951219512195,True
1613,386,5,Treated,2.597560975609756,True
4605,369,-8,Matched Control,2.944310515873016,False
4605,370,-7,Matched Control,4.154037698412699,False
4605,371,-6,Matched Control,3.098025793650794,False
4605,372,-5,Matched Control,3.336626984126984,False
4605,373,-4,Matched Control,3.440550595238095,False
4605,374,-3,Matched Control,3.2202083333333333,False
4605,375,-2,Matched Control,2.9781845238095235,False
4605,376,-1,Matched Control,3.0070238095238095,False
4605,377,0,Matched Control,3.565074404761905,True
4605,378,1,Matched Control,2.437321428571429,True
4605,379,2,Matched Control,2.9831398809523813,True
4605,380,3,Matched Control,3.0793601190476187,True
4605,381,4,Matched Control,2.889895833333333,True
4605,382,5,Matched Control,3.02110119047619,True
4605,383,6,Matched Control,3.2246130952380954,True
4605,384,7,Matched Control,3.5605059523809524,True
4605,385,8,Matched Control,3.2404761904761905,True
4605,386,9,Matched Control,3.39046130952381,True
4605,369,-8,Treated,11.15,False
4605,370,-7,Treated,837.8625,False
4605,371,-6,Treated,13.65,False
4605,372,-5,Treated,381.05,False
4605,373,-4,Treated,381.05,False
4605,374,-3,Treated,13.9375,False
4605,375,-2,Treated,10.2,False
4605,376,-1,Treated,17.5875,False
4605,377,0,Treated,754.1125,True
4605,378,1,Treated,108.5,True
4605,379,2,Treated,108.9375,True
4605,380,3,Treated,112.2125,True
4605,381,4,Treated,227.3125,True
4605,382,5,Treated,48.9,True
4605,383,6,Treated,15.325,True
4605,384,7,Treated,945.4,True
4605,385,8,Treated,460.825,True
4605,386,9,Treated,16.8625,True
4779,371,-8,Matched Control,27.335449735449735,False
4779,372,-7,Matched Control,29.343136955636954,False
4779,373,-6,Matched Control,31.215552503052503,False
4779,374,-5,Matched Control,28.74842287342287,False
4779,375,-4,Matched Control,27.169093406593408,False
4779,376,-3,Matched Control,29.090511803011804,False
4779,377,-2,Matched Control,32.51236772486772,False
4779,378,-1,Matched Control,24.396764346764346,False
4779,379,0,Matched Control,28.957631257631256,True
4779,380,1,Matched Control,29.968889906389904,True
4779,381,2,Matched Control,27.101551689051686,True
4779,382,3,Matched Control,27.41731786731787,True
4779,383,4,Matched Control,25.682025844525846,True
4779,384,5,Matched Control,26.730194342694347,True
4779,385,6,Matched Control,25.30209605209605,True
4779,386,7,Matched Control,26.017872405372405,True
4779,371,-8,Treated,8.461538461538462,False
4779,372,-7,Treated,237.98717948717947,False
4779,373,-6,Treated,237.98717948717947,False
4779,374,-5,Treated,10.102564102564102,False
4779,375,-4,Treated,5.0,False
4779,376,-3,Treated,13.217948717948717,False
4779,377,-2,Treated,384.5128205128205,False
4779,378,-1,Treated,38.0,False
4779,379,0,Treated,50.64102564102564,True
4779,380,1,Treated,76.64102564102564,True
4779,381,2,Treated,140.64102564102564,True
4779,382,3,Treated,34.743589743589745,True
4779,383,4,Treated,11.564102564102564,True
4779,384,5,Treated,573.3076923076923,True
4779,385,6,Treated,258.9871794871795,True
4779,386,7,Treated,11.5,True
5147,371,-8,Matched Control,30.52112676056338,False
5147,372,-7,Matched Control,30.877464788732397,False
5147,373,-6,Matched Control,30.99827856025039,False
5147,374,-5,Matched Control,28.494366197183098,False
5147,375,-4,Matched Control,27.47981220657277,False
5147,376,-3,Matched Control,29.337871674491396,False
5147,377,-2,Matched Control,34.75414710485133,False
5147,378,-1,Matched Control,24.78826291079812,False
5147,379,0,Matched Control,27.95399061032864,True
5147,380,1,Matched Control,28.543505477308294,True
5147,381,2,Matched Control,26.955555555555556,True
5147,382,3,Matched Control,26.21189358372457,True
5147,383,4,Matched Control,24.3679186228482,True
5147,384,5,Matched Control,26.152582159624412,True
5147,385,6,Matched Control,25.66823161189358,True
5147,386,7,Matched Control,26.747104851330203,True
5147,371,-8,Treated,3.1267605633802815,False
5147,372,-7,Treated,83.63380281690141,False
5147,373,-6,Treated,83.63380281690141,False
5147,374,-5,Treated,3.8309859154929575,False
5147,375,-4,Treated,1.619718309859155,False
5147,376,-3,Treated,4.267605633802817,False
5147,377,-2,Treated,148.2394366197183,False
5147,378,-1,Treated,14.845070422535212,False
5147,379,0,Treated,16.08450704225352,True
5147,380,1,Treated,19.04225352112676,True
5147,381,2,Treated,42.87323943661972,True
5147,382,3,Treated,7.957746478873239,True
5147,383,4,Treated,4.394366197183099,True
5147,384,5,Treated,213.45070422535213,True
5147,385,6,Treated,99.66197183098592,True
5147,386,7,Treated,3.7464788732394365,True
8361,368,-8,Matched Control,1.8307025279247502,False
8361,369,-7,Matched Control,1.2996951219512196,False
8361,370,-6,Matched Control,1.3837833914053428,False
8361,371,-5,Matched Control,1.2464430894308942,False
8361,372,-4,Matched Control,0.9737078977932636,False
8361,373,-3,Matched Control,1.0062282229965156,False
8361,374,-2,Matched Control,0.9449477351916376,False
8361,375,-1,Matched Control,0.9530197444831591,False
8361,376,0,Matched Control,1.0250435540069687,True
8361,377,1,Matched Control,1.4017566782810686,True
8361,378,2,Matched Control,1.1749564459930315,True
8361,379,3,Matched Control,1.2020905923344947,True
8361,380,4,Matched Control,1.0408681765389083,True
8361,381,5,Matched Control,1.1373983739837399,True
8361,382,6,Matched Control,1.0427700348432056,True
8361,383,7,Matched Control,1.005589430894309,True
8361,384,8,Matched Control,1.1077380952380953,True
8361,385,9,Matched Control,1.0056039488966317,True
8361,368,-8,Treated,50.074074074074076,False
8361,369,-7,Treated,18.91358024691358,False
8361,370,-6,Treated,99.98765432098766,False
8361,371,-5,Treated,90.96296296296296,False
8361,372,-4,Treated,8.597560975609756,False
8361,373,-3,Treated,8.597560975609756,False
8361,374,-2,Treated,23.170731707317074,False
8361,375,-1,Treated,19.670731707317074,False
8361,376,0,Treated,12.987804878048781,True
8361,377,1,Treated,22.414634146341463,True
8361,378,2,Treated,29.097560975609756,True
8361,379,3,Treated,73.36585365853658,True
8361,380,4,Treated,71.51219512195122,True
8361,381,5,Treated,36.5,True
8361,382,6,Treated,53.30487804878049,True
8361,383,7,Treated,10.817073170731707,True
8361,384,8,Treated,58.68292682926829,True
8361,385,9,Treated,10.121951219512194,True
8620,373,-8,Matched Control,19.90321815718157,False
8620,374,-7,Matched Control,42.513719512195124,False
8620,375,-6,Matched Control,18.912771002710027,False
8620,376,-5,Matched Control,24.212838753387533,False
8620,377,-4,Matched Control,20.798577235772356,False
8620,378,-3,Matched Control,51.64417344173442,False
8620,379,-2,Matched Control,25.863956639566396,False
8620,380,-1,Matched Control,18.759925474254743,False
8620,381,0,Matched Control,17.51138211382114,True
8620,382,1,Matched Control,18.059654471544714,True
8620,383,2,Matched Control,41.22472899728997,True
8620,384,3,Matched Control,17.62970867208672,True
8620,385,4,Matched Control,17.14037940379404,True
8620,386,5,Matched Control,54.22974254742547,True
8620,373,-8,Treated,91.07317073170732,False
8620,374,-7,Treated,5.7317073170731705,False
8620,375,-6,Treated,6.353658536585366,False
8620,376,-5,Treated,138.3658536585366,False
8620,377,-4,Treated,104.9390243902439,False
8620,378,-3,Treated,19.195121951219512,False
8620,379,-2,Treated,5.317073170731708,False
8620,380,-1,Treated,6.719512195121951,False
8620,381,0,Treated,47.09756097560975,True
8620,382,1,Treated,8.170731707317072,True
8620,383,2,Treated,123.51219512195122,True
8620,384,3,Treated,7.036585365853658,True
8620,385,4,Treated,83.8048780487805,True
8620,386,5,Treated,5.682926829268292,True
9003,373,-8,Matched Control,10.737804878048781,False
9003,374,-7,Matched Control,21.146341463414632,False
9003,375,-6,Matched Control,15.032926829268293,False
9003,376,-5,Matched Control,15.741463414634145,False
9003,377,-4,Matched Control,12.356097560975611,False
9003,378,-3,Matched Control,45.30243902439024,False
9003,379,-2,Matched Control,14.558536585365854,False
9003,380,-1,Matched Control,18.996341463414634,False
9003,381,0,Matched Control,8.851219512195122,True
9003,382,1,Matched Control,9.810975609756097,True
9003,383,2,Matched Control,20.5109756097561,True
9003,384,3,Matched Control,9.617073170731707,True
9003,385,4,Matched Control,9.252439024390245,True
9003,386,5,Matched Control,40.354878048780485,True
9003,373,-8,Treated,43.53658536585366,False
9003,374,-7,Treated,2.841463414634146,False
9003,375,-6,Treated,3.926829268292683,False
9003,376,-5,Treated,68.36585365853658,False
9003,377,-4,Treated,47.19512195121951,False
9003,378,-3,Treated,6.890243902439025,False
9003,379,-2,Treated,2.707317073170732,False
9003,380,-1,Treated,3.9390243902439024,False
9003,381,0,Treated,21.975609756097562,True
9003,382,1,Treated,4.2439024390243905,True
9003,383,2,Treated,61.353658536585364,True
9003,384,3,Treated,3.8780487804878048,True
9003,385,4,Treated,39.75609756097561,True
9003,386,5,Treated,2.841463414634146,True
9451,373,-8,Matched Control,9.6998556998557,False
9451,374,-7,Matched Control,11.33030303030303,False
9451,375,-6,Matched Control,8.176911976911978,False
9451,376,-5,Matched Control,9.464502164502164,False
9451,377,-4,Matched Control,9.142712842712843,False
9451,378,-3,Matched Control,6.263347763347763,False
9451,379,-2,Matched Control,8.10981240981241,False
9451,380,-1,Matched Control,6.908225108225108,False
9451,381,0,Matched Control,6.6952380952380945,True
9451,382,1,Matched Control,7.4559884559884555,True
9451,383,2,Matched Control,10.654256854256854,True
9451,384,3,Matched Control,7.848629148629149,True
9451,385,4,Matched Control,7.731457431457431,True
9451,386,5,Matched Control,10.823665223665223,True
9451,373,-8,Treated,18.16883116883117,False
9451,374,-7,Treated,1.5974025974025974,False
9451,375,-6,Treated,1.5844155844155845,False
9451,376,-5,Treated,25.675324675324674,False
9451,377,-4,Treated,17.493506493506494,False
9451,378,-3,Treated,2.5844155844155843,False
9451,379,-2,Treated,1.2857142857142858,False
9451,380,-1,Treated,1.6363636363636365,False
9451,381,0,Treated,7.558441558441558,True
9451,382,1,Treated,1.5584415584415585,True
9451,383,2,Treated,19.25974025974026,True
9451,384,3,Treated,1.6233766233766234,True
9451,385,4,Treated,15.194805194805195,True
9451,386,5,Treated,1.6883116883116882,True
10888,368,-8,Matched Control,13.402042915931805,False
10888,369,-7,Matched Control,12.025914634146341,False
10888,370,-6,Matched Control,13.006750871080138,False
10888,371,-5,Matched Control,12.14808362369338,False
10888,372,-4,Matched Control,11.134538327526132,False
10888,373,-3,Matched Control,11.253585946573752,False
10888,374,-2,Matched Control,9.916666666666666,False
10888,375,-1,Matched Control,8.77767131242741,False
10888,376,0,Matched Control,9.195963995354239,True
10888,377,1,Matched Control,10.15175667828107,True
10888,378,2,Matched Control,7.8983594657375145,True
10888,379,3,Matched Control,8.85807200929152,True
10888,380,4,Matched Control,8.26270325203252,True
10888,381,5,Matched Control,7.548635307781648,True
10888,382,6,Matched Control,8.830284552845528,True
10888,383,7,Matched Control,7.764009872241579,True
10888,384,8,Matched Control,8.204050522648084,True
10888,385,9,Matched Control,7.842116724738676,True
10888,368,-8,Treated,29.82716049382716,False
10888,369,-7,Treated,10.902439024390244,False
10888,370,-6,Treated,57.63414634146341,False
10888,371,-5,Treated,55.292682926829265,False
10888,372,-4,Treated,6.451219512195122,False
10888,373,-3,Treated,6.451219512195122,False
10888,374,-2,Treated,15.268292682926829,False
10888,375,-1,Treated,11.74390243902439,False
10888,376,0,Treated,8.731707317073171,True
10888,377,1,Treated,14.378048780487806,True
10888,378,2,Treated,16.26829268292683,True
10888,379,3,Treated,45.9390243902439,True
10888,380,4,Treated,48.09756097560975,True
10888,381,5,Treated,21.76829268292683,True
10888,382,6,Treated,32.0609756097561,True
10888,383,7,Treated,6.634146341463414,True
10888,384,8,Treated,34.26829268292683,True
10888,385,9,Treated,5.7926829268292686,True
11066,368,-8,Matched Control,3.922020933977456,False
11066,369,-7,Matched Control,3.3817460317460317,False
11066,370,-6,Matched Control,8.878968253968255,False
11066,371,-5,Matched Control,9.01984126984127,False
11066,372,-4,Matched Control,3.3336507936507935,False
11066,373,-3,Matched Control,3.4083106575963718,False
11066,374,-2,Matched Control,4.331218820861678,False
11066,375,-1,Matched Control,3.65874716553288,False
11066,376,0,Matched Control,3.0074319727891154,True
11066,377,1,Matched Control,4.229903628117914,True
11066,378,2,Matched Control,3.2224603174603175,True
11066,379,3,Matched Control,2.6546315192743766,True
11066,380,4,Matched Control,2.8311621315192745,True
11066,381,5,Matched Control,2.297794784580499,True
11066,382,6,Matched Control,2.6857369614512474,True
11066,383,7,Matched Control,7.33045918367347,True
11066,384,8,Matched Control,2.7802721088435374,True
11066,385,9,Matched Control,2.6542800453514737,True
11066,368,-8,Treated,10.666666666666666,False
11066,369,-7,Treated,3.7285714285714286,False
11066,370,-6,Treated,17.1,False
11066,371,-5,Treated,15.214285714285714,False
11066,372,-4,Treated,2.1285714285714286,False
11066,373,-3,Treated,2.1285714285714286,False
11066,374,-2,Treated,4.571428571428571,False
11066,375,-1,Treated,3.7857142857142856,False
11066,376,0,Treated,4.185714285714286,True
11066,377,1,Treated,6.457142857142857,True
11066,378,2,Treated,7.9,True
11066,379,3,Treated,14.571428571428571,True
11066,380,4,Treated,13.971428571428572,True
11066,381,5,Treated,8.242857142857142,True
11066,382,6,Treated,10.257142857142858,True
11066,383,7,Treated,2.7857142857142856,True
11066,384,8,Treated,11.471428571428572,True
11066,385,9,Treated,2.6,True
11156,151,-8,Matched Control,313.1768728222997,False
11156,152,-7,Matched Control,28.727090592334495,False
11156,153,-6,Matched Control,222.9043892760356,False
11156,154,-5,Matched Control,29.779326364692217,False
11156,155,-4,Matched Control,20.340839140534264,False
11156,156,-3,Matched Control,25.26201606658924,False
11156,157,-2,Matched Control,194.9461817653891,False
11156,158,-1,Matched Control,22.234446380178085,False
11156,159,0,Matched Control,19.812320944638017,True
11156,160,1,Matched Control,19.87422570654278,True
11156,161,2,Matched Control,22.544778358497872,True
11156,162,3,Matched Control,22.392344173441735,True
11156,163,4,Matched Control,20.533120402632598,True
11156,151,-8,Treated,1430.4268292682927,False
11156,152,-7,Treated,64.6829268292683,False
11156,153,-6,Treated,54.951219512195124,False
11156,154,-5,Treated,82.8048780487805,False
11156,155,-4,Treated,667.9024390243902,False
11156,156,-3,Treated,71.39024390243902,False
11156,157,-2,Treated,71.9390243902439,False
11156,158,-1,Treated,74.03658536585365,False
11156,159,0,Treated,789.2560975609756,True
11156,160,1,Treated,140.65853658536585,True
11156,161,2,Treated,73.5609756097561,True
11156,162,3,Treated,176.53658536585365,True
11156,163,4,Treated,182.6951219512195,True
11513,190,-8,Matched Control,1.8841063698206555,False
11513,191,-7,Matched Control,1.2250463821892392,False
11513,192,-6,Matched Control,1.4980055658627087,False
11513,193,-5,Matched Control,1.436209029066172,False
11513,194,-4,Matched Control,1.467099567099567,False
11513,195,-3,Matched Control,1.4228509585652442,False
11513,196,-2,Matched Control,1.39860853432282,False
11513,197,-1,Matched Control,1.2349721706864565,False
11513,198,0,Matched Control,1.2724489795918368,True
11513,199,1,Matched Control,1.238991960420532,True
11513,200,2,Matched Control,0.5402597402597403,True
11513,201,3,Matched Control,0.5241187384044527,True
11513,202,4,Matched Control,0.7671052631578948,True
11513,203,5,Matched Control,0.5503132832080201,True
11513,204,6,Matched Control,0.5006265664160402,True
11513,190,-8,Treated,618.7564102564103,False
11513,191,-7,Treated,102.2051282051282,False
11513,192,-6,Treated,50.743589743589745,False
11513,193,-5,Treated,474.8205128205128,False
11513,194,-4,Treated,236.06410256410257,False
11513,195,-3,Treated,351.52564102564105,False
11513,196,-2,Treated,42.1025641025641,False
11513,197,-1,Treated,36.57692307692308,False
11513,198,0,Treated,398.9102564102564,True
11513,199,1,Treated,325.28205128205127,True
11513,200,2,Treated,349.2692307692308,True
11513,201,3,Treated,139.16666666666666,True
11513,202,4,Treated,133.52564102564102,True
11513,203,5,Treated,49.35897435897436,True
11513,204,6,Treated,370.4102564102564,True
13483,368,-8,Matched Control,4.40735524256651,False
13483,369,-7,Matched Control,3.620486111111111,False
13483,370,-6,Matched Control,11.700771604938272,False
13483,371,-5,Matched Control,9.197222222222223,False
13483,372,-4,Matched Control,3.7872685185185184,False
13483,373,-3,Matched Control,3.806944444444445,False
13483,374,-2,Matched Control,5.062114197530864,False
13483,375,-1,Matched Control,5.032831790123456,False
13483,376,0,Matched Control,3.334242724867725,True
13483,377,1,Matched Control,4.576587301587302,True
13483,378,2,Matched Control,3.4706018518518515,True
13483,379,3,Matched Control,2.9368992504409173,True
13483,380,4,Matched Control,3.0268904320987655,True
13483,381,5,Matched Control,2.6217592592592593,True
13483,382,6,Matched Control,3.0572145061728393,True
13483,383,7,Matched Control,12.471103395061728,True
13483,384,8,Matched Control,3.076581790123457,True
13483,385,9,Matched Control,2.8697916666666665,True
13483,368,-8,Treated,11.0,False
13483,369,-7,Treated,4.805555555555555,False
13483,370,-6,Treated,18.680555555555557,False
13483,371,-5,Treated,17.555555555555557,False
13483,372,-4,Treated,2.625,False
13483,373,-3,Treated,2.625,False
13483,374,-2,Treated,4.972222222222222,False
13483,375,-1,Treated,5.041666666666667,False
13483,376,0,Treated,4.236111111111111,True
13483,377,1,Treated,6.958333333333333,True
13483,378,2,Treated,7.277777777777778,True
13483,379,3,Treated,15.972222222222221,True
13483,380,4,Treated,17.291666666666668,True
13483,381,5,Treated,8.930555555555555,True
13483,382,6,Treated,12.152777777777779,True
13483,383,7,Treated,3.1527777777777777,True
13483,384,8,Treated,11.847222222222221,True
13483,385,9,Treated,2.5972222222222223,True
13564,151,-8,Matched Control,69.08763227513228,False
13564,152,-7,Matched Control,33.270337301587304,False
13564,153,-6,Matched Control,57.742394179894184,False
13564,154,-5,Matched Control,38.532903439153436,False
13564,155,-4,Matched Control,27.4593253968254,False
13564,156,-3,Matched Control,28.091765873015873,False
13564,157,-2,Matched Control,48.92096560846561,False
13564,158,-1,Matched Control,40.55522486772487,False
13564,159,0,Matched Control,20.783895502645503,True
13564,160,1,Matched Control,20.500661375661377,True
13564,161,2,Matched Control,17.752480158730158,True
13564,162,3,Matched Control,20.22222222222222,True
13564,163,4,Matched Control,16.313492063492063,True
13564,151,-8,Treated,225.48809523809524,False
13564,152,-7,Treated,16.61904761904762,False
13564,153,-6,Treated,14.345238095238095,False
13564,154,-5,Treated,20.44047619047619,False
13564,155,-4,Treated,118.96428571428571,False
13564,156,-3,Treated,18.357142857142858,False
13564,157,-2,Treated,18.904761904761905,False
13564,158,-1,Treated,18.75,False
13564,159,0,Treated,135.21428571428572,True
13564,160,1,Treated,33.666666666666664,True
13564,161,2,Treated,19.61904761904762,True
13564,162,3,Treated,36.857142857142854,True
13564,163,4,Treated,42.07142857142857,True
13591,190,-8,Matched Control,6.1356658923732095,False
13591,191,-7,Matched Control,6.4354287650019355,False
13591,192,-6,Matched Control,10.015756871854432,False
13591,193,-5,Matched Control,6.1942557104142475,False
13591,194,-4,Matched Control,6.3636178861788615,False
13591,195,-3,Matched Control,7.266042392566782,False
13591,196,-2,Matched Control,124.93945993031359,False
13591,197,-1,Matched Control,4.594134727061556,False
13591,198,0,Matched Control,6.9331881533101045,True
13591,199,1,Matched Control,6.5389663182346105,True
13591,200,2,Matched Control,6.24153600464576,True
13591,201,3,Matched Control,5.154340882694541,True
13591,202,4,Matched Control,7.070630081300813,True
13591,203,5,Matched Control,7.785060975609756,True
13591,204,6,Matched Control,6.8741144018583045,True
13591,190,-8,Treated,202.46341463414635,False
13591,191,-7,Treated,38.26829268292683,False
13591,192,-6,Treated,18.853658536585368,False
13591,193,-5,Treated,145.76829268292684,False
13591,194,-4,Treated,75.26829268292683,False
13591,195,-3,Treated,108.92682926829268,False
13591,196,-2,Treated,18.71951219512195,False
13591,197,-1,Treated,16.682926829268293,False
13591,198,0,Treated,122.97560975609755,True
13591,199,1,Treated,99.14634146341463,True
13591,200,2,Treated,111.71951219512195,True
13591,201,3,Treated,48.18292682926829,True
13591,202,4,Treated,48.47560975609756,True
13591,203,5,Treated,22.426829268292682,True
13591,204,6,Treated,118.85365853658537,True
14053,368,-8,Matched Control,6.038101160862356,False
14053,369,-7,Matched Control,5.133167495854063,False
14053,370,-6,Matched Control,12.527363184079602,False
14053,371,-5,Matched Control,7.6728026533996685,False
14053,372,-4,Matched Control,5.465174129353234,False
14053,373,-3,Matched Control,5.519900497512437,False
14053,374,-2,Matched Control,6.996849087893864,False
14053,375,-1,Matched Control,6.318739635157546,False
14053,376,0,Matched Control,5.623383084577114,True
14053,377,1,Matched Control,6.795356550580431,True
14053,378,2,Matched Control,5.281757877280266,True
14053,379,3,Matched Control,4.704145936981758,True
14053,380,4,Matched Control,5.050580431177446,True
14053,381,5,Matched Control,4.296517412935324,True
14053,382,6,Matched Control,4.626368159203981,True
14053,383,7,Matched Control,9.895522388059701,True
14053,384,8,Matched Control,5.398175787728026,True
14053,385,9,Matched Control,4.903482587064677,True
14053,368,-8,Treated,12.761194029850746,False
14053,369,-7,Treated,4.313432835820896,False
14053,370,-6,Treated,22.970149253731343,False
14053,371,-5,Treated,19.582089552238806,False
14053,372,-4,Treated,3.1194029850746268,False
14053,373,-3,Treated,3.1194029850746268,False
14053,374,-2,Treated,6.029850746268656,False
14053,375,-1,Treated,4.268656716417911,False
14053,376,0,Treated,4.82089552238806,True
14053,377,1,Treated,6.641791044776119,True
14053,378,2,Treated,7.343283582089552,True
14053,379,3,Treated,18.29850746268657,True
14053,380,4,Treated,18.19402985074627,True
14053,381,5,Treated,9.611940298507463,True
14053,382,6,Treated,13.850746268656716,True
14053,383,7,Treated,3.3134328358208953,True
14053,384,8,Treated,13.671641791044776,True
14053,385,9,Treated,2.671641791044776,True
14130,151,-8,Matched Control,312.1265490533563,False
14130,152,-7,Matched Control,28.513511187607573,False
14130,153,-6,Matched Control,222.41156530885445,False
14130,154,-5,Matched Control,29.507286288009176,False
14130,155,-4,Matched Control,20.192154331612162,False
14130,156,-3,Matched Control,25.046811053738764,False
14130,157,-2,Matched Control,194.1926133103844,False
14130,158,-1,Matched Control,22.082224134633773,False
14130,159,0,Matched Control,19.648317077835152,True
14130,160,1,Matched Control,19.656463951042262,True
14130,161,2,Matched Control,22.34785331803404,True
14130,162,3,Matched Control,22.17074966532798,True
14130,163,4,Matched Control,20.333926180914133,True
14130,151,-8,Treated,264.855421686747,False
14130,152,-7,Treated,18.879518072289155,False
14130,153,-6,Treated,16.204819277108435,False
14130,154,-5,Treated,24.59036144578313,False
14130,155,-4,Treated,159.3855421686747,False
14130,156,-3,Treated,22.228915662650603,False
14130,157,-2,Treated,19.783132530120483,False
14130,158,-1,Treated,23.313253012048193,False
14130,159,0,Treated,193.4578313253012,True
14130,160,1,Treated,40.2289156626506,True
14130,161,2,Treated,23.819277108433734,True
14130,162,3,Treated,49.7710843373494,True
14130,163,4,Treated,56.68674698795181,True
14153,190,-8,Matched Control,19.216489262371617,False
14153,191,-7,Matched Control,23.899631185807657,False
14153,192,-6,Matched Control,24.361335200746968,False
14153,193,-5,Matched Control,29.416643323996265,False
14153,194,-4,Matched Control,29.18049019607843,False
14153,195,-3,Matched Control,31.48535014005602,False
14153,196,-2,Matched Control,102.73002801120447,False
14153,197,-1,Matched Control,35.215994397759104,False
14153,198,0,Matched Control,36.66789915966387,True
14153,199,1,Matched Control,35.87387955182073,True
14153,200,2,Matched Control,31.833711484593838,True
14153,201,3,Matched Control,24.083361344537817,True
14153,202,4,Matched Control,34.30505602240896,True
14153,203,5,Matched Control,29.92064425770308,True
14153,204,6,Matched Control,22.030882352941177,True
14153,190,-8,Treated,270.47058823529414,False
14153,191,-7,Treated,45.64705882352941,False
14153,192,-6,Treated,23.51764705882353,False
14153,193,-5,Treated,196.4470588235294,False
14153,194,-4,Treated,96.44705882352942,False
14153,195,-3,Treated,139.78823529411764,False
14153,196,-2,Treated,21.28235294117647,False
14153,197,-1,Treated,17.71764705882353,False
14153,198,0,Treated,163.16470588235293,True
14153,199,1,Treated,125.27058823529411,True
14153,200,2,Treated,140.7764705882353,True
14153,201,3,Treated,57.98823529411764,True
14153,202,4,Treated,54.917647058823526,True
14153,203,5,Treated,21.235294117647058,True
14153,204,6,Treated,143.5529411764706,True
14704,373,-8,Matched Control,9.033766233766235,False
14704,374,-7,Matched Control,10.031132756132756,False
14704,375,-6,Matched Control,6.123989898989899,False
14704,376,-5,Matched Control,7.187806637806638,False
14704,377,-4,Matched Control,6.662878787878787,False
14704,378,-3,Matched Control,4.735714285714286,False
14704,379,-2,Matched Control,6.338852813852815,False
14704,380,-1,Matched Control,5.422005772005773,False
14704,381,0,Matched Control,4.813419913419914,True
14704,382,1,Matched Control,5.168939393939394,True
14704,383,2,Matched Control,8.481132756132755,True
14704,384,3,Matched Control,6.002056277056277,True
14704,385,4,Matched Control,5.635497835497835,True
14704,386,5,Matched Control,8.663131313131313,True
14704,373,-8,Treated,15.194805194805195,False
14704,374,-7,Treated,1.155844155844156,False
14704,375,-6,Treated,1.0129870129870129,False
14704,376,-5,Treated,18.5974025974026,False
14704,377,-4,Treated,13.0,False
14704,378,-3,Treated,2.155844155844156,False
14704,379,-2,Treated,0.7012987012987013,False
14704,380,-1,Treated,1.2987012987012987,False
14704,381,0,Treated,7.0519480519480515,True
14704,382,1,Treated,1.3246753246753247,True
14704,383,2,Treated,18.12987012987013,True
14704,384,3,Treated,1.0909090909090908,True
14704,385,4,Treated,11.636363636363637,True
14704,386,5,Treated,0.935064935064935,True
14917,373,-8,Matched Control,9.464148148148148,False
14917,374,-7,Matched Control,11.028444444444444,False
14917,375,-6,Matched Control,7.440592592592593,False
14917,376,-5,Matched Control,8.661185185185184,False
14917,377,-4,Matched Control,8.474962962962964,False
14917,378,-3,Matched Control,5.793925925925926,False
14917,379,-2,Matched Control,7.624444444444445,False
14917,380,-1,Matched Control,6.601925925925926,False
14917,381,0,Matched Control,6.0445925925925925,True
14917,382,1,Matched Control,6.684592592592592,True
14917,383,2,Matched Control,9.911703703703703,True
14917,384,3,Matched Control,7.465037037037036,True
14917,385,4,Matched Control,7.216888888888889,True
14917,386,5,Matched Control,10.35362962962963,True
14917,373,-8,Treated,18.56,False
14917,374,-7,Treated,1.2,False
14917,375,-6,Treated,1.4266666666666667,False
14917,376,-5,Treated,24.346666666666668,False
14917,377,-4,Treated,17.8,False
14917,378,-3,Treated,2.32,False
14917,379,-2,Treated,1.1066666666666667,False
14917,380,-1,Treated,1.0666666666666667,False
14917,381,0,Treated,7.706666666666667,True
14917,382,1,Treated,1.7733333333333334,True
14917,383,2,Treated,22.546666666666667,True
14917,384,3,Treated,1.4266666666666667,True
14917,385,4,Treated,13.506666666666666,True
14917,386,5,Treated,1.1066666666666667,True
15348,182,-8,Matched Control,58.122938569367136,False
15348,183,-7,Matched Control,20.21933621933622,False
15348,184,-6,Matched Control,29.105699855699854,False
15348,185,-5,Matched Control,11.88445681302824,False
15348,186,-4,Matched Control,7.238017934446506,False
15348,187,-3,Matched Control,9.688131313131313,False
15348,188,-2,Matched Control,6.152906617192332,False
15348,189,-1,Matched Control,6.5272366522366525,False
15348,190,0,Matched Control,6.4942537621109055,True
15348,191,1,Matched Control,7.509637188208616,True
15348,192,2,Matched Control,9.147675736961451,True
15348,193,3,Matched Control,7.132240775097918,True
15348,194,4,Matched Control,7.046949082663369,True
15348,195,5,Matched Control,5.4519944341372915,True
15348,182,-8,Treated,61.72727272727273,False
15348,183,-7,Treated,14.285714285714286,False
15348,184,-6,Treated,11.025974025974026,False
15348,185,-5,Treated,9.181818181818182,False
15348,186,-4,Treated,52.22077922077922,False
15348,187,-3,Treated,11.155844155844155,False
15348,188,-2,Treated,24.68831168831169,False
15348,189,-1,Treated,8.428571428571429,False
15348,190,0,Treated,57.883116883116884,True
15348,191,1,Treated,37.41558441558441,True
15348,192,2,Treated,12.922077922077921,True
15348,193,3,Treated,43.87012987012987,True
15348,194,4,Treated,33.03896103896104,True
15348,195,5,Treated,29.506493506493506,True
15356,190,-8,Matched Control,13.274145299145301,False
15356,191,-7,Matched Control,16.13562271062271,False
15356,192,-6,Matched Control,13.62422161172161,False
15356,193,-5,Matched Control,16.277477614977613,False
15356,194,-4,Matched Control,15.600071225071227,False
15356,195,-3,Matched Control,15.641117216117214,False
15356,196,-2,Matched Control,19.21325803825804,False
15356,197,-1,Matched Control,25.349821937321938,False
15356,198,0,Matched Control,18.877737077737077,True
15356,199,1,Matched Control,11.985617623117623,True
15356,200,2,Matched Control,9.249618437118437,True
15356,201,3,Matched Control,7.539901302401302,True
15356,202,4,Matched Control,7.127075702075702,True
15356,203,5,Matched Control,5.275717338217338,True
15356,204,6,Matched Control,5.966605616605617,True
15356,190,-8,Treated,57.05128205128205,False
15356,191,-7,Treated,36.94871794871795,False
15356,192,-6,Treated,12.384615384615385,False
15356,193,-5,Treated,44.11538461538461,False
15356,194,-4,Treated,33.217948717948715,False
15356,195,-3,Treated,29.602564102564102,False
15356,196,-2,Treated,8.192307692307692,False
15356,197,-1,Treated,6.948717948717949,False
15356,198,0,Treated,28.692307692307693,True
15356,199,1,Treated,28.44871794871795,True
15356,200,2,Treated,28.96153846153846,True
15356,201,3,Treated,14.5,True
15356,202,4,Treated,10.448717948717949,True
15356,203,5,Treated,5.730769230769231,True
15356,204,6,Treated,26.08974358974359,True
15944,182,-8,Matched Control,17.852515015015015,False
15944,183,-7,Matched Control,9.529692192192192,False
15944,184,-6,Matched Control,24.45476726726727,False
15944,185,-5,Matched Control,7.523873873873874,False
15944,186,-4,Matched Control,6.885848348348349,False
15944,187,-3,Matched Control,8.248198198198198,False
15944,188,-2,Matched Control,6.007807807807808,False
15944,189,-1,Matched Control,6.458858858858858,False
15944,190,0,Matched Control,6.3786411411411414,True
15944,191,1,Matched Control,7.815578078078078,True
15944,192,2,Matched Control,6.923873873873874,True
15944,193,3,Matched Control,7.498085585585586,True
15944,194,4,Matched Control,6.584684684684684,True
15944,195,5,Matched Control,5.603078078078078,True
15944,182,-8,Treated,33.95945945945946,False
15944,183,-7,Treated,6.0675675675675675,False
15944,184,-6,Treated,4.891891891891892,False
15944,185,-5,Treated,4.148648648648648,False
15944,186,-4,Treated,36.054054054054056,False
15944,187,-3,Treated,5.391891891891892,False
15944,188,-2,Treated,19.945945945945947,False
15944,189,-1,Treated,5.72972972972973,False
15944,190,0,Treated,45.472972972972975,True
15944,191,1,Treated,24.22972972972973,True
15944,192,2,Treated,9.864864864864865,True
15944,193,3,Treated,36.0,True
15944,194,4,Treated,19.08108108108108,True
15944,195,5,Treated,27.972972972972972,True
15951,190,-8,Matched Control,15.55151171579743,False
15951,191,-7,Matched Control,18.425302343159483,False
15951,192,-6,Matched Control,16.24890873015873,False
15951,193,-5,Matched Control,18.83054610733182,False
15951,194,-4,Matched Control,20.229138321995464,False
15951,195,-3,Matched Control,17.137386621315194,False
15951,196,-2,Matched Control,25.3823082010582,False
15951,197,-1,Matched Control,25.6005574452003,False
15951,198,0,Matched Control,19.72746598639456,True
15951,199,1,Matched Control,15.829780801209372,True
15951,200,2,Matched Control,12.309315948601663,True
15951,201,3,Matched Control,12.384212018140591,True
15951,202,4,Matched Control,12.085530045351474,True
15951,190,-8,Treated,45.0,False
15951,191,-7,Treated,24.107142857142858,False
15951,192,-6,Treated,9.297619047619047,False
15951,193,-5,Treated,35.5,False
15951,194,-4,Treated,18.55952380952381,False
15951,195,-3,Treated,27.297619047619047,False
15951,196,-2,Treated,5.273809523809524,False
15951,197,-1,Treated,4.345238095238095,False
15951,198,0,Treated,33.05952380952381,True
15951,199,1,Treated,27.988095238095237,True
15951,200,2,Treated,29.226190476190474,True
15951,201,3,Treated,13.071428571428571,True
15951,202,4,Treated,12.916666666666666,True
16836,350,-8,Matched Control,7.720175438596492,False
16836,351,-7,Matched Control,7.22485380116959,False
16836,352,-6,Matched Control,10.150292397660818,False
16836,353,-5,Matched Control,17.2046783625731,False
16836,354,-4,Matched Control,12.276315789473685,False
16836,355,-3,Matched Control,16.37236842105263,False
16836,356,-2,Matched Control,8.697807017543859,False
16836,357,-1,Matched Control,17.692105263157895,False
16836,358,0,Matched Control,9.460672514619882,True
16836,359,1,Matched Control,10.132675438596491,True
16836,360,2,Matched Control,8.943201754385965,True
16836,361,3,Matched Control,10.124561403508773,True
16836,362,4,Matched Control,6.798830409356725,True
16836,363,5,Matched Control,6.8728070175438605,True
16836,350,-8,Treated,11.197368421052632,False
16836,351,-7,Treated,11.671052631578947,False
16836,352,-6,Treated,8.855263157894736,False
16836,353,-5,Treated,12.263157894736842,False
16836,354,-4,Treated,6.2631578947368425,False
16836,355,-3,Treated,41.80263157894737,False
16836,356,-2,Treated,8.68421052631579,False
16836,357,-1,Treated,11.289473684210526,False
16836,358,0,Treated,40.48684210526316,True
16836,359,1,Treated,24.486842105263158,True
16836,360,2,Treated,85.69736842105263,True
16836,361,3,Treated,85.07894736842105,True
16836,362,4,Treated,73.14473684210526,True
16836,363,5,Treated,20.56578947368421,True
17039,190,-8,Matched Control,13.756720594220596,False
17039,191,-7,Matched Control,15.64271469271469,False
17039,192,-6,Matched Control,14.112622100122099,False
17039,193,-5,Matched Control,15.856369556369556,False
17039,194,-4,Matched Control,18.12816442816443,False
17039,195,-3,Matched Control,15.209249084249086,False
17039,196,-2,Matched Control,23.753276353276352,False
17039,197,-1,Matched Control,23.716992266992268,False
17039,198,0,Matched Control,17.814585877085875,True
17039,199,1,Matched Control,13.002269027269028,True
17039,200,2,Matched Control,9.721571021571021,True
17039,201,3,Matched Control,9.10921347171347,True
17039,202,4,Matched Control,8.819184981684982,True
17039,203,5,Matched Control,7.668508343508343,True
17039,204,6,Matched Control,8.805703093203093,True
17039,190,-8,Treated,44.64102564102564,False
17039,191,-7,Treated,24.641025641025642,False
17039,192,-6,Treated,11.0,False
17039,193,-5,Treated,36.756410256410255,False
17039,194,-4,Treated,26.576923076923077,False
17039,195,-3,Treated,21.53846153846154,False
17039,196,-2,Treated,5.67948717948718,False
17039,197,-1,Treated,5.012820512820513,False
17039,198,0,Treated,21.78205128205128,True
17039,199,1,Treated,22.28205128205128,True
17039,200,2,Treated,20.833333333333332,True
17039,201,3,Treated,11.294871794871796,True
17039,202,4,Treated,7.8076923076923075,True
17039,203,5,Treated,3.8974358974358974,True
17039,204,6,Treated,19.294871794871796,True
17279,350,-8,Matched Control,6.605627705627706,False
17279,351,-7,Matched Control,6.392929292929293,False
17279,352,-6,Matched Control,8.926695526695527,False
17279,353,-5,Matched Control,14.796392496392498,False
17279,354,-4,Matched Control,10.423376623376624,False
17279,355,-3,Matched Control,14.090909090909092,False
17279,356,-2,Matched Control,7.407359307359307,False
17279,357,-1,Matched Control,14.937085137085138,False
17279,358,0,Matched Control,5.938528138528138,True
17279,359,1,Matched Control,6.7023809523809526,True
17279,360,2,Matched Control,6.451479076479076,True
17279,361,3,Matched Control,7.003463203463204,True
17279,362,4,Matched Control,5.907792207792207,True
17279,363,5,Matched Control,5.886002886002886,True
17279,350,-8,Treated,10.636363636363637,False
17279,351,-7,Treated,10.194805194805195,False
17279,352,-6,Treated,8.584415584415584,False
17279,353,-5,Treated,11.207792207792208,False
17279,354,-4,Treated,5.987012987012987,False
17279,355,-3,Treated,28.025974025974026,False
17279,356,-2,Treated,6.987012987012987,False
17279,357,-1,Treated,8.883116883116884,False
17279,358,0,Treated,27.818181818181817,True
17279,359,1,Treated,16.064935064935064,True
17279,360,2,Treated,52.16883116883117,True
17279,361,3,Treated,56.5974025974026,True
17279,362,4,Treated,39.246753246753244,True
17279,363,5,Treated,14.96103896103896,True
18198,350,-8,Matched Control,4.165703703703704,False
18198,351,-7,Matched Control,4.137814814814814,False
18198,352,-6,Matched Control,6.22325925925926,False
18198,353,-5,Matched Control,10.366222222222223,False
18198,354,-4,Matched Control,6.015555555555556,False
18198,355,-3,Matched Control,10.550222222222223,False
18198,356,-2,Matched Control,4.555111111111111,False
18198,357,-1,Matched Control,9.797629629629629,False
18198,358,0,Matched Control,5.016555555555556,True
18198,359,1,Matched Control,5.896407407407407,True
18198,360,2,Matched Control,5.2353703703703705,True
18198,361,3,Matched Control,5.77174074074074,True
18198,362,4,Matched Control,3.4665185185185186,True
18198,363,5,Matched Control,3.5285925925925925,True
18198,350,-8,Treated,6.8133333333333335,False
18198,351,-7,Treated,4.6,False
18198,352,-6,Treated,5.466666666666667,False
18198,353,-5,Treated,5.6,False
18198,354,-4,Treated,3.88,False
18198,355,-3,Treated,21.933333333333334,False
18198,356,-2,Treated,7.506666666666667,False
18198,357,-1,Treated,4.2,False
18198,358,0,Treated,21.226666666666667,True
18198,359,1,Treated,9.04,True
18198,360,2,Treated,45.16,True
18198,361,3,Treated,43.12,True
18198,362,4,Treated,40.70666666666666,True
18198,363,5,Treated,14.106666666666667,True
18573,350,-8,Matched Control,4.781359649122807,False
18573,351,-7,Matched Control,4.623720760233918,False
18573,352,-6,Matched Control,6.070175438596491,False
18573,353,-5,Matched Control,9.708333333333334,False
18573,354,-4,Matched Control,6.342105263157895,False
18573,355,-3,Matched Control,10.191520467836257,False
18573,356,-2,Matched Control,5.020321637426901,False
18573,357,-1,Matched Control,8.910233918128656,False
18573,358,0,Matched Control,5.6912280701754385,True
18573,359,1,Matched Control,6.581798245614035,True
18573,360,2,Matched Control,5.837317251461989,True
18573,361,3,Matched Control,6.446673976608187,True
18573,362,4,Matched Control,3.9887426900584795,True
18573,363,5,Matched Control,3.9978070175438596,True
18573,350,-8,Treated,8.81578947368421,False
18573,351,-7,Treated,7.0,False
18573,352,-6,Treated,6.184210526315789,False
18573,353,-5,Treated,6.368421052631579,False
18573,354,-4,Treated,5.144736842105263,False
18573,355,-3,Treated,19.460526315789473,False
18573,356,-2,Treated,6.5394736842105265,False
18573,357,-1,Treated,5.565789473684211,False
18573,358,0,Treated,19.986842105263158,True
18573,359,1,Treated,9.078947368421053,True
18573,360,2,Treated,37.21052631578947,True
18573,361,3,Treated,39.30263157894737,True
18573,362,4,Treated,27.32894736842105,True
18573,363,5,Treated,13.092105263157896,True
19394,341,-8,Matched Control,2.1278169014084507,False
19394,342,-7,Matched Control,1.9326626425217974,False
19394,343,-6,Matched Control,1.8957914151576125,False
19394,344,-5,Matched Control,2.4047283702213282,False
19394,345,-4,Matched Control,10.86307847082495,False
19394,346,-3,Matched Control,8.70585177733065,False
19394,347,-2,Matched Control,8.07741448692153,False
19394,348,-1,Matched Control,6.72161044973545,False
19394,349,0,Matched Control,5.851570767195767,True
19394,350,1,Matched Control,4.779960317460318,True
19394,351,2,Matched Control,4.537003968253968,True
19394,352,3,Matched Control,3.8827876984126988,True
19394,353,4,Matched Control,4.420254629629629,True
19394,354,5,Matched Control,3.0209325396825397,True
19394,341,-8,Treated,50.690140845070424,False
19394,342,-7,Treated,12.605633802816902,False
19394,343,-6,Treated,13.450704225352112,False
19394,344,-5,Treated,11.52112676056338,False
19394,345,-4,Treated,95.36619718309859,False
19394,346,-3,Treated,81.69014084507042,False
19394,347,-2,Treated,15.183098591549296,False
19394,348,-1,Treated,13.347222222222221,False
19394,349,0,Treated,18.25,True
19394,350,1,Treated,21.40277777777778,True
19394,351,2,Treated,19.01388888888889,True
19394,352,3,Treated,19.694444444444443,True
19394,353,4,Treated,26.40277777777778,True
19394,354,5,Treated,18.958333333333332,True
19441,341,-8,Matched Control,9.248839137645108,False
19441,342,-7,Matched Control,11.776273394930111,False
19441,343,-6,Matched Control,9.475456053067992,False
19441,344,-5,Matched Control,8.217395167022032,False
19441,345,-4,Matched Control,17.93467187870173,False
19441,346,-3,Matched Control,14.624235963041935,False
19441,347,-2,Matched Control,12.561128879412461,False
19441,348,-1,Matched Control,11.568674136321196,False
19441,349,0,Matched Control,13.520809990662931,True
19441,350,1,Matched Control,11.400752801120447,True
19441,351,2,Matched Control,11.629948646125117,True
19441,352,3,Matched Control,11.286951447245565,True
19441,353,4,Matched Control,11.456302521008404,True
19441,354,5,Matched Control,9.037429971988796,True
19441,341,-8,Treated,35.223880597014926,False
19441,342,-7,Treated,10.701492537313433,False
19441,343,-6,Treated,10.029850746268657,False
19441,344,-5,Treated,9.164179104477611,False
19441,345,-4,Treated,57.32835820895522,False
19441,346,-3,Treated,49.791044776119406,False
19441,347,-2,Treated,11.119402985074627,False
19441,348,-1,Treated,9.191176470588236,False
19441,349,0,Treated,13.808823529411764,True
19441,350,1,Treated,16.0,True
19441,351,2,Treated,14.455882352941176,True
19441,352,3,Treated,16.61764705882353,True
19441,353,4,Treated,20.205882352941178,True
19441,354,5,Treated,14.382352941176471,True
20485,36,-8,Matched Control,23.302444444444447,False
20485,37,-7,Matched Control,26.368181818181817,False
20485,38,-6,Matched Control,26.14635416666667,False
20485,39,-5,Matched Control,31.684615384615384,False
20485,40,-4,Matched Control,61.08046594982079,False
20485,41,-3,Matched Control,44.51521367521368,False
20485,42,-2,Matched Control,35.90729684908789,False
20485,43,-1,Matched Control,27.494771241830065,False
20485,44,0,Matched Control,26.494771241830065,True
20485,45,1,Matched Control,43.92254901960785,True
20485,46,2,Matched Control,26.123529411764707,True
20485,47,3,Matched Control,26.84983660130719,True
20485,48,4,Matched Control,24.107679738562094,True
20485,49,5,Matched Control,49.007679738562096,True
20485,50,6,Matched Control,28.75392156862745,True
20485,51,7,Matched Control,25.94542483660131,True
20485,36,-8,Treated,24.24,False
20485,37,-7,Treated,27.848484848484848,False
20485,38,-6,Treated,35.65625,False
20485,39,-5,Treated,44.95384615384615,False
20485,40,-4,Treated,58.16129032258065,False
20485,41,-3,Treated,46.30769230769231,False
20485,42,-2,Treated,64.71641791044776,False
20485,43,-1,Treated,31.235294117647058,False
20485,44,0,Treated,35.1764705882353,True
20485,45,1,Treated,49.911764705882355,True
20485,46,2,Treated,44.88235294117647,True
20485,47,3,Treated,46.13235294117647,True
20485,48,4,Treated,47.970588235294116,True
20485,49,5,Treated,49.794117647058826,True
20485,50,6,Treated,45.11764705882353,True
20485,51,7,Treated,38.76470588235294,True
20495,45,-8,Matched Control,28.28600386100386,False
20495,46,-7,Matched Control,29.717559523809523,False
20495,47,-6,Matched Control,23.148675385647216,False
20495,48,-5,Matched Control,26.541280566280566,False
20495,49,-4,Matched Control,33.94957010582011,False
20495,50,-3,Matched Control,27.538502506265665,False
20495,51,-2,Matched Control,27.35838095238095,False
20495,52,-1,Matched Control,23.51153968253968,False
20495,53,0,Matched Control,23.300704887218046,True
20495,54,1,Matched Control,32.55689223057644,True
20495,55,2,Matched Control,25.279104010025065,True
20495,56,3,Matched Control,23.48701441102757,True
20495,57,4,Matched Control,27.144141604010027,True
20495,58,5,Matched Control,21.128681077694235,True
20495,45,-8,Treated,50.0,False
20495,46,-7,Treated,44.236111111111114,False
20495,47,-6,Treated,45.183098591549296,False
20495,48,-5,Treated,47.32432432432432,False
20495,49,-4,Treated,49.013888888888886,False
20495,50,-3,Treated,43.68421052631579,False
20495,51,-2,Treated,38.52,False
20495,52,-1,Treated,28.746666666666666,False
20495,53,0,Treated,31.276315789473685,True
20495,54,1,Treated,28.75,True
20495,55,2,Treated,26.736842105263158,True
20495,56,3,Treated,26.61842105263158,True
20495,57,4,Treated,26.57894736842105,True
20495,58,5,Treated,26.69736842105263,True
20505,53,-8,Matched Control,15.289336734693876,False
20505,54,-7,Matched Control,27.36193829644534,False
20505,55,-6,Matched Control,17.504880952380955,False
20505,56,-5,Matched Control,19.431598639455785,False
20505,57,-4,Matched Control,19.534389671361502,False
20505,58,-3,Matched Control,12.883903420523138,False
20505,59,-2,Matched Control,12.790627095908786,False
20505,60,-1,Matched Control,13.076802721088436,False
20505,61,0,Matched Control,13.307705026455027,True
20505,62,1,Matched Control,16.521660052910054,True
20505,63,2,Matched Control,11.09837962962963,True
20505,64,3,Matched Control,11.995800264550263,True
20505,65,4,Matched Control,10.570006613756613,True
20505,66,5,Matched Control,9.66223544973545,True
20505,67,6,Matched Control,9.480291005291004,True
20505,68,7,Matched Control,7.610615079365079,True
20505,69,8,Matched Control,9.542890211640211,True
20505,53,-8,Treated,29.642857142857142,False
20505,54,-7,Treated,27.464788732394368,False
20505,55,-6,Treated,25.057142857142857,False
20505,56,-5,Treated,24.32857142857143,False
20505,57,-4,Treated,25.535211267605632,False
20505,58,-3,Treated,25.154929577464788,False
20505,59,-2,Treated,24.591549295774648,False
20505,60,-1,Treated,21.614285714285714,False
20505,61,0,Treated,25.583333333333332,True
20505,62,1,Treated,39.56944444444444,True
20505,63,2,Treated,22.26388888888889,True
20505,64,3,Treated,25.541666666666668,True
20505,65,4,Treated,33.56944444444444,True
20505,66,5,Treated,43.77777777777778,True
20505,67,6,Treated,56.30555555555556,True
20505,68,7,Treated,39.486111111111114,True
20505,69,8,Treated,19.61111111111111,True
20525,81,-8,Matched Control,0.35267857142857145,False
20525,82,-7,Matched Control,2.519047619047619,False
20525,83,-6,Matched Control,2.6205357142857144,False
20525,84,-5,Matched Control,1.5855654761904763,False
20525,85,-4,Matched Control,3.0779220779220777,False
20525,86,-3,Matched Control,9.514136904761905,False
20525,87,-2,Matched Control,2.921658986175115,False
20525,88,-1,Matched Control,1.6175595238095237,False
20525,89,0,Matched Control,1.266955266955267,True
20525,90,1,Matched Control,0.7121212121212122,True
20525,91,2,Matched Control,0.5064935064935066,True
20525,92,3,Matched Control,0.2582972582972583,True
20525,93,4,Matched Control,0.20707070707070707,True
20525,94,5,Matched Control,0.2878787878787879,True
20525,95,6,Matched Control,0.3535353535353536,True
20525,96,7,Matched Control,0.22727272727272727,True
20525,97,8,Matched Control,0.25757575757575757,True
20525,98,9,Matched Control,0.3333333333333333,True
20525,99,10,Matched Control,0.41397849462365593,True
20525,100,11,Matched Control,0.40860215053763443,True
20525,101,12,Matched Control,0.25806451612903225,True
20525,102,13,Matched Control,0.3279569892473118,True
20525,103,14,Matched Control,0.27419354838709675,True
20525,104,15,Matched Control,0.15053763440860216,True
20525,105,16,Matched Control,0.28494623655913975,True
20525,106,17,Matched Control,0.16129032258064516,True
20525,107,18,Matched Control,0.07526881720430106,True
20525,108,19,Matched Control,0.1935483870967742,True
20525,109,20,Matched Control,0.1774193548387097,True
20525,110,21,Matched Control,0.16666666666666666,True
20525,111,22,Matched Control,0.11290322580645161,True
20525,112,23,Matched Control,0.08620689655172414,True
20525,81,-8,Treated,23.21212121212121,False
20525,82,-7,Treated,19.806451612903224,False
20525,83,-6,Treated,18.939393939393938,False
20525,84,-5,Treated,19.757575757575758,False
20525,85,-4,Treated,18.852941176470587,False
20525,86,-3,Treated,19.939393939393938,False
20525,87,-2,Treated,24.25,False
20525,88,-1,Treated,29.636363636363637,False
20525,89,0,Treated,57.61764705882353,True
20525,90,1,Treated,54.88235294117647,True
20525,91,2,Treated,39.38235294117647,True
20525,92,3,Treated,48.23529411764706,True
20525,93,4,Treated,50.64705882352941,True
20525,94,5,Treated,66.05882352941177,True
20525,95,6,Treated,47.029411764705884,True
20525,96,7,Treated,50.23529411764706,True
20525,97,8,Treated,51.76470588235294,True
20525,98,9,Treated,42.088235294117645,True
20525,99,10,Treated,48.8235294117647,True
20525,100,11,Treated,45.705882352941174,True
20525,101,12,Treated,45.11764705882353,True
20525,102,13,Treated,66.97058823529412,True
20525,103,14,Treated,44.38235294117647,True
20525,104,15,Treated,38.64705882352941,True
20525,105,16,Treated,39.61764705882353,True
20525,106,17,Treated,32.970588235294116,True
20525,107,18,Treated,25.147058823529413,True
20525,108,19,Treated,26.205882352941178,True
20525,109,20,Treated,29.235294117647058,True
20525,110,21,Treated,28.41176470588235,True
20525,111,22,Treated,28.735294117647058,True
20525,112,23,Treated,24.41176470588235,True
20558,115,-8,Matched Control,13.276655719759168,False
20558,116,-7,Matched Control,8.513218390804598,False
20558,117,-6,Matched Control,10.89942528735632,False
20558,118,-5,Matched Control,12.526039956212369,False
20558,119,-4,Matched Control,18.030782312925172,False
20558,120,-3,Matched Control,17.217172961138477,False
20558,121,-2,Matched Control,8.586822660098521,False
20558,122,-1,Matched Control,5.5113574165298305,False
20558,123,0,Matched Control,5.265667761357417,True
20558,124,1,Matched Control,5.279638752052545,True
20558,125,2,Matched Control,5.379967159277505,True
20558,126,3,Matched Control,4.876409414340449,True
20558,127,4,Matched Control,5.526217843459222,True
20558,128,5,Matched Control,5.311726874657909,True
20558,129,6,Matched Control,5.48115763546798,True
20558,130,7,Matched Control,5.409633278598796,True
20558,131,8,Matched Control,5.573453749315819,True
20558,132,9,Matched Control,4.8725095785440615,True
20558,133,10,Matched Control,5.247181171319102,True
20558,134,11,Matched Control,4.812000547345375,True
20558,135,12,Matched Control,4.830651340996168,True
20558,136,13,Matched Control,5.818787629994527,True
20558,137,14,Matched Control,5.569074986316366,True
20558,115,-8,Treated,53.62068965517241,False
20558,116,-7,Treated,27.82758620689655,False
20558,117,-6,Treated,37.86206896551724,False
20558,118,-5,Treated,49.758620689655174,False
20558,119,-4,Treated,71.03571428571429,False
20558,120,-3,Treated,57.96551724137931,False
20558,121,-2,Treated,23.310344827586206,False
20558,122,-1,Treated,19.75862068965517,False
20558,123,0,Treated,25.620689655172413,True
20558,124,1,Treated,24.96551724137931,True
20558,125,2,Treated,24.82758620689655,True
20558,126,3,Treated,23.82758620689655,True
20558,127,4,Treated,24.655172413793103,True
20558,128,5,Treated,24.344827586206897,True
20558,129,6,Treated,29.93103448275862,True
20558,130,7,Treated,23.655172413793103,True
20558,131,8,Treated,23.275862068965516,True
20558,132,9,Treated,25.620689655172413,True
20558,133,10,Treated,28.862068965517242,True
20558,134,11,Treated,28.03448275862069,True
20558,135,12,Treated,23.689655172413794,True
20558,136,13,Treated,33.86206896551724,True
20558,137,14,Treated,22.620689655172413,True
20562,118,-8,Matched Control,6.737613981762918,False
20562,119,-7,Matched Control,10.07612293144208,False
20562,120,-6,Matched Control,8.151806822019589,False
20562,121,-5,Matched Control,5.516821946169772,False
20562,122,-4,Matched Control,4.101507936507937,False
20562,123,-3,Matched Control,4.004474839581222,False
20562,124,-2,Matched Control,4.32209557581898,False
20562,125,-1,Matched Control,4.17542270531401,False
20562,126,0,Matched Control,3.921335697399527,True
20562,127,1,Matched Control,4.352625802093887,True
20562,128,2,Matched Control,4.156678486997635,True
20562,129,3,Matched Control,4.061060452549814,True
20562,130,4,Matched Control,3.9612884160756496,True
20562,131,5,Matched Control,3.9249071259709556,True
20562,132,6,Matched Control,3.9738770685579192,True
20562,133,7,Matched Control,4.099620060790273,True
20562,134,8,Matched Control,3.9215552178318136,True
20562,135,9,Matched Control,4.544402228976697,True
20562,136,10,Matched Control,4.705791962174941,True
20562,137,11,Matched Control,3.864614994934144,True
20562,138,12,Matched Control,4.516067207024654,True
20562,118,-8,Treated,43.0,False
20562,119,-7,Treated,58.12765957446808,False
20562,120,-6,Treated,43.702127659574465,False
20562,121,-5,Treated,18.652173913043477,False
20562,122,-4,Treated,16.11111111111111,False
20562,123,-3,Treated,19.680851063829788,False
20562,124,-2,Treated,23.872340425531913,False
20562,125,-1,Treated,21.130434782608695,False
20562,126,0,Treated,21.21276595744681,True
20562,127,1,Treated,23.4468085106383,True
20562,128,2,Treated,20.829787234042552,True
20562,129,3,Treated,22.51063829787234,True
20562,130,4,Treated,21.78723404255319,True
20562,131,5,Treated,20.106382978723403,True
20562,132,6,Treated,22.53191489361702,True
20562,133,7,Treated,23.148936170212767,True
20562,134,8,Treated,21.19148936170213,True
20562,135,9,Treated,21.02127659574468,True
20562,136,10,Treated,24.21276595744681,True
20562,137,11,Treated,18.617021276595743,True
20562,138,12,Treated,20.659574468085108,True
20573,139,-8,Matched Control,8.627619047619048,False
20573,140,-7,Matched Control,7.246428571428571,False
20573,141,-6,Matched Control,6.640000000000001,False
20573,142,-5,Matched Control,7.839444444444443,False
20573,143,-4,Matched Control,6.791428571428571,False
20573,144,-3,Matched Control,8.324285714285715,False
20573,145,-2,Matched Control,6.772619047619047,False
20573,146,-1,Matched Control,15.544126984126985,False
20573,147,0,Matched Control,7.5038888888888895,True
20573,148,1,Matched Control,5.098412698412699,True
20573,149,2,Matched Control,6.394739229024943,True
20573,150,3,Matched Control,5.711972789115646,True
20573,151,4,Matched Control,4.2828911564625844,True
20573,152,5,Matched Control,7.275294784580499,True
20573,153,6,Matched Control,5.7585147392290255,True
20573,154,7,Matched Control,5.505793650793651,True
20573,155,8,Matched Control,4.625158730158731,True
20573,156,9,Matched Control,6.682857142857143,True
20573,157,10,Matched Control,5.392777777777778,True
20573,158,11,Matched Control,4.100952380952381,True
20573,159,12,Matched Control,4.597539682539683,True
20573,160,13,Matched Control,3.9153968253968254,True
20573,161,14,Matched Control,4.83452380952381,True
20573,162,15,Matched Control,4.469285714285714,True
20573,163,16,Matched Control,2.7075396825396822,True
20573,164,17,Matched Control,2.6535714285714285,True
20573,165,18,Matched Control,2.810079365079365,True
20573,139,-8,Treated,32.22857142857143,False
20573,140,-7,Treated,26.914285714285715,False
20573,141,-6,Treated,32.25714285714286,False
20573,142,-5,Treated,26.114285714285714,False
20573,143,-4,Treated,34.2,False
20573,144,-3,Treated,36.68571428571428,False
20573,145,-2,Treated,31.685714285714287,False
20573,146,-1,Treated,39.77142857142857,False
20573,147,0,Treated,49.05714285714286,True
20573,148,1,Treated,44.82857142857143,True
20573,149,2,Treated,45.2,True
20573,150,3,Treated,40.02857142857143,True
20573,151,4,Treated,36.542857142857144,True
20573,152,5,Treated,40.2,True
20573,153,6,Treated,37.22857142857143,True
20573,154,7,Treated,32.2,True
20573,155,8,Treated,34.48571428571429,True
20573,156,9,Treated,40.542857142857144,True
20573,157,10,Treated,34.51428571428571,True
20573,158,11,Treated,28.8,True
20573,159,12,Treated,28.62857142857143,True
20573,160,13,Treated,17.257142857142856,True
20573,161,14,Treated,18.485714285714284,True
20573,162,15,Treated,29.685714285714287,True
20573,163,16,Treated,18.885714285714286,True
20573,164,17,Treated,27.857142857142858,True
20573,165,18,Treated,22.771428571428572,True
20577,142,-8,Matched Control,14.07901664730933,False
20577,143,-7,Matched Control,12.044680650037792,False
20577,144,-6,Matched Control,12.513077601410934,False
20577,145,-5,Matched Control,10.656607142857144,False
20577,146,-4,Matched Control,12.158883477633479,False
20577,147,-3,Matched Control,17.83290945165945,False
20577,148,-2,Matched Control,9.39264488741233,False
20577,149,-1,Matched Control,8.79836093857833,False
20577,150,0,Matched Control,8.142339544513458,True
20577,151,1,Matched Control,7.214518633540372,True
20577,152,2,Matched Control,8.358203933747411,True
20577,153,3,Matched Control,6.496221532091098,True
20577,154,4,Matched Control,7.01024844720497,True
20577,155,5,Matched Control,8.635300207039338,True
20577,156,6,Matched Control,14.633566252587991,True
20577,157,7,Matched Control,8.447722567287784,True
20577,158,8,Matched Control,8.865942028985506,True
20577,159,9,Matched Control,8.17202380952381,True
20577,160,10,Matched Control,10.094824016563148,True
20577,161,11,Matched Control,8.784351276742582,True
20577,162,12,Matched Control,12.055314009661837,True
20577,163,13,Matched Control,9.611318150448586,True
20577,164,14,Matched Control,10.782229123533472,True
20577,165,15,Matched Control,11.155969634230503,True
20577,166,16,Matched Control,10.525155279503105,True
20577,142,-8,Treated,22.658536585365855,False
20577,143,-7,Treated,26.095238095238095,False
20577,144,-6,Treated,26.266666666666666,False
20577,145,-5,Treated,25.775,False
20577,146,-4,Treated,30.931818181818183,False
20577,147,-3,Treated,41.61363636363637,False
20577,148,-2,Treated,34.76744186046512,False
20577,149,-1,Treated,32.41304347826087,False
20577,150,0,Treated,31.5,True
20577,151,1,Treated,29.652173913043477,True
20577,152,2,Treated,32.47826086956522,True
20577,153,3,Treated,28.02173913043478,True
20577,154,4,Treated,25.08695652173913,True
20577,155,5,Treated,29.565217391304348,True
20577,156,6,Treated,28.282608695652176,True
20577,157,7,Treated,24.67391304347826,True
20577,158,8,Treated,21.82608695652174,True
20577,159,9,Treated,20.869565217391305,True
20577,160,10,Treated,16.652173913043477,True
20577,161,11,Treated,15.043478260869565,True
20577,162,12,Treated,22.0,True
20577,163,13,Treated,15.08695652173913,True
20577,164,14,Treated,20.47826086956522,True
20577,165,15,Treated,16.717391304347824,True
20577,166,16,Treated,14.26086956521739,True
20591,179,-8,Matched Control,5.462783446712018,False
20591,180,-7,Matched Control,4.9031651549508695,False
20591,181,-6,Matched Control,5.189427437641723,False
20591,182,-5,Matched Control,5.0500944822373395,False
20591,183,-4,Matched Control,5.285856009070295,False
20591,184,-3,Matched Control,7.166109221466364,False
20591,185,-2,Matched Control,5.296910430839002,False
20591,186,-1,Matched Control,6.966534391534391,False
20591,187,0,Matched Control,5.929421768707483,True
20591,188,1,Matched Control,4.764805366591081,True
20591,189,2,Matched Control,6.684221466364324,True
20591,190,3,Matched Control,6.316061980347694,True
20591,191,4,Matched Control,8.039257369614512,True
20591,192,5,Matched Control,6.68714096749811,True
20591,193,6,Matched Control,7.177796674225246,True
20591,194,7,Matched Control,6.116477702191988,True
20591,195,8,Matched Control,6.241326530612246,True
20591,196,9,Matched Control,7.545814436885866,True
20591,197,10,Matched Control,7.320701058201058,True
20591,198,11,Matched Control,6.218745275888133,True
20591,199,12,Matched Control,10.40547052154195,True
20591,200,13,Matched Control,21.492857142857144,True
20591,179,-8,Treated,17.0,False
20591,180,-7,Treated,15.714285714285714,False
20591,181,-6,Treated,16.023809523809526,False
20591,182,-5,Treated,13.857142857142858,False
20591,183,-4,Treated,15.761904761904763,False
20591,184,-3,Treated,14.761904761904763,False
20591,185,-2,Treated,15.928571428571429,False
20591,186,-1,Treated,19.452380952380953,False
20591,187,0,Treated,28.023809523809526,True
20591,188,1,Treated,19.666666666666668,True
20591,189,2,Treated,29.904761904761905,True
20591,190,3,Treated,27.666666666666668,True
20591,191,4,Treated,32.166666666666664,True
20591,192,5,Treated,28.523809523809526,True
20591,193,6,Treated,39.285714285714285,True
20591,194,7,Treated,28.357142857142858,True
20591,195,8,Treated,33.23809523809524,True
20591,196,9,Treated,39.595238095238095,True
20591,197,10,Treated,44.38095238095238,True
20591,198,11,Treated,40.357142857142854,True
20591,199,12,Treated,48.42857142857143,True
20591,200,13,Treated,32.76190476190476,True
20606,196,-8,Matched Control,19.12791327913279,False
20606,197,-7,Matched Control,14.60271002710027,False
20606,198,-6,Matched Control,12.317344173441734,False
20606,199,-5,Matched Control,27.112195121951217,False
20606,200,-4,Matched Control,11.109756097560975,False
20606,201,-3,Matched Control,11.350135501355014,False
20606,202,-2,Matched Control,15.420460704607047,False
20606,203,-1,Matched Control,11.629810298102981,False
20606,204,0,Matched Control,10.980081300813008,True
20606,205,1,Matched Control,16.471680216802167,True
20606,206,2,Matched Control,14.568021680216802,True
20606,207,3,Matched Control,12.90420054200542,True
20606,208,4,Matched Control,10.900813008130081,True
20606,209,5,Matched Control,11.903387533875339,True
20606,210,6,Matched Control,12.230352303523036,True
20606,211,7,Matched Control,6.108672086720867,True
20606,212,8,Matched Control,12.476829268292683,True
20606,196,-8,Treated,34.353658536585364,False
20606,197,-7,Treated,37.31707317073171,False
20606,198,-6,Treated,33.75609756097561,False
20606,199,-5,Treated,40.30487804878049,False
20606,200,-4,Treated,27.353658536585368,False
20606,201,-3,Treated,24.158536585365855,False
20606,202,-2,Treated,25.5,False
20606,203,-1,Treated,27.5,False
20606,204,0,Treated,39.73170731707317,True
20606,205,1,Treated,42.951219512195124,True
20606,206,2,Treated,43.76829268292683,True
20606,207,3,Treated,35.6219512195122,True
20606,208,4,Treated,42.53658536585366,True
20606,209,5,Treated,30.341463414634145,True
20606,210,6,Treated,25.585365853658537,True
20606,211,7,Treated,23.48780487804878,True
20606,212,8,Treated,23.170731707317074,True
20612,213,-8,Matched Control,9.353536706349207,False
20612,214,-7,Matched Control,8.644647817460317,False
20612,215,-6,Matched Control,9.258769841269842,False
20612,216,-5,Matched Control,8.687286706349207,False
20612,217,-4,Matched Control,8.725069444444445,False
20612,218,-3,Matched Control,8.545049603174602,False
20612,220,-1,Matched Control,7.9930505952380955,False
20612,221,0,Matched Control,8.314732142857142,True
20612,222,1,Matched Control,7.398869047619047,True
20612,223,2,Matched Control,6.848888888888889,True
20612,224,3,Matched Control,5.839637896825397,True
20612,225,4,Matched Control,6.910649801587302,True
20612,226,5,Matched Control,7.117529761904761,True
20612,213,-8,Treated,13.4,False
20612,214,-7,Treated,12.7625,False
20612,215,-6,Treated,17.55,False
20612,216,-5,Treated,28.1,False
20612,217,-4,Treated,20.8625,False
20612,218,-3,Treated,14.95,False
20612,220,-1,Treated,13.75,False
20612,221,0,Treated,32.0125,True
20612,222,1,Treated,33.8,True
20612,223,2,Treated,41.7125,True
20612,224,3,Treated,37.875,True
20612,225,4,Treated,22.275,True
20612,226,5,Treated,17.0125,True
20625,268,-8,Matched Control,14.753523035230351,False
20625,269,-7,Matched Control,13.980589430894309,False
20625,270,-6,Matched Control,15.817203832752615,False
20625,271,-5,Matched Control,15.125479094076654,False
20625,272,-4,Matched Control,16.23262679055362,False
20625,273,-3,Matched Control,14.722052845528454,False
20625,274,-2,Matched Control,13.652714866434378,False
20625,275,-1,Matched Control,19.24804006968641,False
20625,276,0,Matched Control,12.47065427797135,True
20625,277,1,Matched Control,13.68383178474642,True
20625,278,2,Matched Control,14.642707123499807,True
20625,279,3,Matched Control,15.161933797909407,True
20625,280,4,Matched Control,12.529800619434765,True
20625,281,5,Matched Control,13.752293844367015,True
20625,282,6,Matched Control,14.642707123499807,True
20625,283,7,Matched Control,15.161933797909407,True
20625,268,-8,Treated,14.75609756097561,False
20625,269,-7,Treated,13.939024390243903,False
20625,270,-6,Treated,14.158536585365853,False
20625,271,-5,Treated,17.829268292682926,False
20625,272,-4,Treated,15.536585365853659,False
20625,273,-3,Treated,15.24390243902439,False
20625,274,-2,Treated,16.353658536585368,False
20625,275,-1,Treated,25.621951219512194,False
20625,276,0,Treated,55.890243902439025,True
20625,277,1,Treated,43.26829268292683,True
20625,278,2,Treated,24.804878048780488,True
20625,279,3,Treated,24.21951219512195,True
20625,280,4,Treated,55.890243902439025,True
20625,281,5,Treated,43.26829268292683,True
20625,282,6,Treated,24.804878048780488,True
20625,283,7,Treated,24.21951219512195,True
20832,45,-8,Matched Control,24.72422969187675,False
20832,46,-7,Matched Control,29.489790764790765,False
20832,47,-6,Matched Control,20.039523809523807,False
20832,48,-5,Matched Control,21.577380952380953,False
20832,49,-4,Matched Control,30.60393217893218,False
20832,50,-3,Matched Control,22.849309868875086,False
20832,51,-2,Matched Control,23.464740896358546,False
20832,52,-1,Matched Control,17.70122549019608,False
20832,53,0,Matched Control,19.272360248447207,True
20832,54,1,Matched Control,29.42391304347826,True
20832,55,2,Matched Control,20.94016563146998,True
20832,56,3,Matched Control,19.26318150448585,True
20832,57,4,Matched Control,20.674534161490683,True
20832,58,5,Matched Control,15.310386473429952,True
20832,59,6,Matched Control,11.594099378881987,True
20832,45,-8,Treated,21.36764705882353,False
20832,46,-7,Treated,19.606060606060606,False
20832,47,-6,Treated,18.353846153846153,False
20832,48,-5,Treated,21.25,False
20832,49,-4,Treated,22.939393939393938,False
20832,50,-3,Treated,18.3768115942029,False
20832,51,-2,Treated,14.544117647058824,False
20832,52,-1,Treated,13.132352941176471,False
20832,53,0,Treated,15.014492753623188,True
20832,54,1,Treated,15.376811594202898,True
20832,55,2,Treated,14.115942028985508,True
20832,56,3,Treated,15.55072463768116,True
20832,57,4,Treated,16.07246376811594,True
20832,58,5,Treated,16.507246376811594,True
20832,59,6,Treated,16.318840579710145,True
20847,53,-8,Matched Control,0.6450216450216449,False
20847,54,-7,Matched Control,0.9656565656565657,False
20847,55,-6,Matched Control,0.6932178932178932,False
20847,56,-5,Matched Control,1.0072150072150072,False
20847,57,-4,Matched Control,1.4435786435786435,False
20847,58,-3,Matched Control,1.2467532467532467,False
20847,59,-2,Matched Control,0.9558441558441559,False
20847,60,-1,Matched Control,0.746897546897547,False
20847,61,0,Matched Control,1.4386446886446886,True
20847,62,1,Matched Control,2.0413919413919412,True
20847,63,2,Matched Control,1.3304945054945054,True
20847,64,3,Matched Control,1.5252747252747254,True
20847,65,4,Matched Control,1.4888278388278389,True
20847,66,5,Matched Control,1.5663919413919414,True
20847,67,6,Matched Control,1.531959706959707,True
20847,68,7,Matched Control,1.4186813186813187,True
20847,69,8,Matched Control,1.9993589743589744,True
20847,53,-8,Treated,13.805970149253731,False
20847,54,-7,Treated,14.147058823529411,False
20847,55,-6,Treated,12.656716417910447,False
20847,56,-5,Treated,13.716417910447761,False
20847,57,-4,Treated,14.764705882352942,False
20847,58,-3,Treated,15.132352941176471,False
20847,59,-2,Treated,15.352941176470589,False
20847,60,-1,Treated,12.746268656716419,False
20847,61,0,Treated,15.91304347826087,True
20847,62,1,Treated,24.246376811594203,True
20847,63,2,Treated,15.608695652173912,True
20847,64,3,Treated,19.304347826086957,True
20847,65,4,Treated,21.391304347826086,True
20847,66,5,Treated,26.231884057971016,True
20847,67,6,Treated,32.10144927536232,True
20847,68,7,Treated,22.405797101449274,True
20847,69,8,Treated,15.130434782608695,True
20862,66,-8,Matched Control,12.458946078431373,False
20862,67,-7,Matched Control,18.323175787728026,False
20862,68,-6,Matched Control,8.971560846560847,False
20862,69,-5,Matched Control,26.36935763888889,False
20862,70,-4,Matched Control,13.222478632478632,False
20862,71,-3,Matched Control,10.458291873963516,False
20862,72,-2,Matched Control,12.272937710437711,False
20862,73,-1,Matched Control,10.928482587064677,False
20862,74,0,Matched Control,11.234027777777778,True
20862,75,1,Matched Control,13.5,True
20862,76,2,Matched Control,10.157475490196079,True
20862,77,3,Matched Control,8.739583333333332,True
20862,78,4,Matched Control,19.81139705882353,True
20862,79,5,Matched Control,9.382679738562091,True
20862,80,6,Matched Control,9.15281862745098,True
20862,81,7,Matched Control,14.211437908496732,True
20862,66,-8,Treated,29.720588235294116,False
20862,67,-7,Treated,34.88059701492537,False
20862,68,-6,Treated,23.571428571428573,False
20862,69,-5,Treated,16.4375,False
20862,70,-4,Treated,16.092307692307692,False
20862,71,-3,Treated,16.582089552238806,False
20862,72,-2,Treated,15.272727272727273,False
20862,73,-1,Treated,18.70149253731343,False
20862,74,0,Treated,18.11764705882353,True
20862,75,1,Treated,17.794117647058822,True
20862,76,2,Treated,19.308823529411764,True
20862,77,3,Treated,16.014705882352942,True
20862,78,4,Treated,15.691176470588236,True
20862,79,5,Treated,16.102941176470587,True
20862,80,6,Treated,17.955882352941178,True
20862,81,7,Treated,17.38235294117647,True
20885,81,-8,Matched Control,0.5833333333333334,False
20885,82,-7,Matched Control,0.4404761904761905,False
20885,83,-6,Matched Control,0.2833333333333333,False
20885,84,-5,Matched Control,0.5611111111111111,False
20885,85,-4,Matched Control,0.45161290322580644,False
20885,86,-3,Matched Control,0.7758620689655172,False
20885,87,-2,Matched Control,0.7142857142857143,False
20885,88,-1,Matched Control,0.85,False
20885,89,0,Matched Control,0.8655913978494624,True
20885,90,1,Matched Control,0.8709677419354839,True
20885,91,2,Matched Control,0.5913978494623656,True
20885,92,3,Matched Control,0.3709677419354839,True
20885,93,4,Matched Control,0.026881720430107524,True
20885,94,5,Matched Control,0.03225806451612903,True
20885,95,6,Matched Control,0.25806451612903225,True
20885,96,7,Matched Control,0.13978494623655915,True
20885,97,8,Matched Control,0.18817204301075272,True
20885,98,9,Matched Control,0.16666666666666669,True
20885,99,10,Matched Control,0.5289855072463768,True
20885,100,11,Matched Control,0.5434782608695652,True
20885,101,12,Matched Control,0.34782608695652173,True
20885,102,13,Matched Control,0.6086956521739131,True
20885,103,14,Matched Control,0.3695652173913043,True
20885,104,15,Matched Control,0.32608695652173914,True
20885,105,16,Matched Control,0.10869565217391304,True
20885,106,17,Matched Control,0.13043478260869565,True
20885,107,18,Matched Control,0.08695652173913043,True
20885,81,-8,Treated,13.0,False
20885,82,-7,Treated,9.633333333333333,False
20885,83,-6,Treated,8.75,False
20885,84,-5,Treated,9.5,False
20885,85,-4,Treated,8.424242424242424,False
20885,86,-3,Treated,8.741935483870968,False
20885,87,-2,Treated,10.333333333333334,False
20885,88,-1,Treated,13.75,False
20885,89,0,Treated,17.727272727272727,True
20885,90,1,Treated,17.636363636363637,True
20885,91,2,Treated,15.393939393939394,True
20885,92,3,Treated,16.727272727272727,True
20885,93,4,Treated,18.03030303030303,True
20885,94,5,Treated,21.636363636363637,True
20885,95,6,Treated,16.818181818181817,True
20885,96,7,Treated,17.363636363636363,True
20885,97,8,Treated,18.939393939393938,True
20885,98,9,Treated,16.636363636363637,True
20885,99,10,Treated,21.393939393939394,True
20885,100,11,Treated,18.90909090909091,True
20885,101,12,Treated,19.151515151515152,True
20885,102,13,Treated,24.272727272727273,True
20885,103,14,Treated,18.21212121212121,True
20885,104,15,Treated,18.90909090909091,True
20885,105,16,Treated,18.21212121212121,True
20885,106,17,Treated,15.151515151515152,True
20885,107,18,Treated,11.787878787878787,True
20920,101,-8,Matched Control,14.247964669738863,False
20920,102,-7,Matched Control,17.29642857142857,False
20920,103,-6,Matched Control,12.954566744730679,False
20920,104,-5,Matched Control,14.17265873015873,False
20920,105,-4,Matched Control,13.380837173579108,False
20920,106,-3,Matched Control,11.227966742252455,False
20920,107,-2,Matched Control,11.897543461829176,False
20920,108,-1,Matched Control,12.781030444964872,False
20920,109,0,Matched Control,11.58095238095238,True
20920,110,1,Matched Control,11.53034769463341,True
20920,111,2,Matched Control,10.353892668178382,True
20920,112,3,Matched Control,9.63748079877112,True
20920,113,4,Matched Control,11.727342549923195,True
20920,114,5,Matched Control,11.47373271889401,True
20920,115,6,Matched Control,10.58594470046083,True
20920,116,7,Matched Control,7.557411674347158,True
20920,117,8,Matched Control,9.760330261136712,True
20920,118,9,Matched Control,8.741167434715821,True
20920,119,10,Matched Control,8.518701996927803,True
20920,120,11,Matched Control,10.175921658986175,True
20920,121,12,Matched Control,9.63936251920123,True
20920,101,-8,Treated,20.677419354838708,False
20920,102,-7,Treated,27.274193548387096,False
20920,103,-6,Treated,23.65573770491803,False
20920,104,-5,Treated,22.183333333333334,False
20920,105,-4,Treated,22.548387096774192,False
20920,106,-3,Treated,19.666666666666668,False
20920,107,-2,Treated,15.222222222222221,False
20920,108,-1,Treated,12.0,False
20920,109,0,Treated,21.07936507936508,True
20920,110,1,Treated,23.26984126984127,True
20920,111,2,Treated,20.49206349206349,True
20920,112,3,Treated,16.80952380952381,True
20920,113,4,Treated,23.650793650793652,True
20920,114,5,Treated,22.0,True
20920,115,6,Treated,34.03174603174603,True
20920,116,7,Treated,18.73015873015873,True
20920,117,8,Treated,23.873015873015873,True
20920,118,9,Treated,33.507936507936506,True
20920,119,10,Treated,45.3968253968254,True
20920,120,11,Treated,35.3968253968254,True
20920,121,12,Treated,19.38095238095238,True
20933,115,-8,Matched Control,16.2171910430839,False
20933,116,-7,Matched Control,10.996924603174604,False
20933,117,-6,Matched Control,13.83061224489796,False
20933,118,-5,Matched Control,15.429294217687074,False
20933,119,-4,Matched Control,20.485758377425046,False
20933,120,-3,Matched Control,20.318707482993197,False
20933,121,-2,Matched Control,12.11859410430839,False
20933,122,-1,Matched Control,8.805357142857144,False
20933,123,0,Matched Control,8.825396825396826,True
20933,124,1,Matched Control,8.765816326530613,True
20933,125,2,Matched Control,8.791822562358275,True
20933,126,3,Matched Control,8.84044784580499,True
20933,127,4,Matched Control,9.488818027210884,True
20933,128,5,Matched Control,9.682454648526077,True
20933,129,6,Matched Control,9.226020408163265,True
20933,130,7,Matched Control,9.963803854875282,True
20933,131,8,Matched Control,9.868877551020407,True
20933,132,9,Matched Control,9.166326530612244,True
20933,133,10,Matched Control,9.790022675736962,True
20933,134,11,Matched Control,9.923526077097506,True
20933,135,12,Matched Control,9.845337301587302,True
20933,136,13,Matched Control,10.322519841269841,True
20933,137,14,Matched Control,10.115391156462584,True
20933,115,-8,Treated,39.357142857142854,False
20933,116,-7,Treated,20.107142857142858,False
20933,117,-6,Treated,25.714285714285715,False
20933,118,-5,Treated,37.892857142857146,False
20933,119,-4,Treated,50.148148148148145,False
20933,120,-3,Treated,41.642857142857146,False
20933,121,-2,Treated,21.857142857142858,False
20933,122,-1,Treated,16.535714285714285,False
20933,123,0,Treated,19.107142857142858,True
20933,124,1,Treated,20.535714285714285,True
20933,125,2,Treated,20.535714285714285,True
20933,126,3,Treated,19.571428571428573,True
20933,127,4,Treated,19.75,True
20933,128,5,Treated,17.714285714285715,True
20933,129,6,Treated,20.642857142857142,True
20933,130,7,Treated,14.857142857142858,True
20933,131,8,Treated,19.857142857142858,True
20933,132,9,Treated,16.357142857142858,True
20933,133,10,Treated,18.392857142857142,True
20933,134,11,Treated,18.357142857142858,True
20933,135,12,Treated,18.107142857142858,True
20933,136,13,Treated,18.892857142857142,True
20933,137,14,Treated,16.5,True
20941,118,-8,Matched Control,6.458962446767324,False
20941,119,-7,Matched Control,8.35932055749129,False
20941,120,-6,Matched Control,5.773393341076268,False
20941,121,-5,Matched Control,3.654672619047619,False
20941,122,-4,Matched Control,2.970818070818071,False
20941,123,-3,Matched Control,3.019967092528068,False
20941,124,-2,Matched Control,3.2600851722802946,False
20941,125,-1,Matched Control,3.1986449864498647,False
20941,126,0,Matched Control,2.9976287262872625,True
20941,127,1,Matched Control,3.341385985288424,True
20941,128,2,Matched Control,3.218544328300426,True
20941,129,3,Matched Control,3.162611304684476,True
20941,130,4,Matched Control,3.272338366240805,True
20941,131,5,Matched Control,3.0513937282229966,True
20941,132,6,Matched Control,3.1686798296554395,True
20941,133,7,Matched Control,3.122057684862563,True
20941,134,8,Matched Control,3.153029423151374,True
20941,135,9,Matched Control,3.6811653116531167,True
20941,136,10,Matched Control,3.5890050329074716,True
20941,137,11,Matched Control,2.972164150212931,True
20941,138,12,Matched Control,3.551200154858692,True
20941,139,13,Matched Control,3.966492450638792,True
20941,140,14,Matched Control,3.5551684088269453,True
20941,118,-8,Treated,28.0,False
20941,119,-7,Treated,38.63414634146341,False
20941,120,-6,Treated,30.0,False
20941,121,-5,Treated,17.05,False
20941,122,-4,Treated,12.692307692307692,False
20941,123,-3,Treated,15.634146341463415,False
20941,124,-2,Treated,15.024390243902438,False
20941,125,-1,Treated,14.75609756097561,False
20941,126,0,Treated,14.78048780487805,True
20941,127,1,Treated,17.024390243902438,True
20941,128,2,Treated,15.073170731707316,True
20941,129,3,Treated,15.78048780487805,True
20941,130,4,Treated,14.512195121951219,True
20941,131,5,Treated,14.902439024390244,True
20941,132,6,Treated,15.0,True
20941,133,7,Treated,13.829268292682928,True
20941,134,8,Treated,14.609756097560975,True
20941,135,9,Treated,12.975609756097562,True
20941,136,10,Treated,15.390243902439025,True
20941,137,11,Treated,12.658536585365853,True
20941,138,12,Treated,9.560975609756097,True
20941,139,13,Treated,9.390243902439025,True
20941,140,14,Treated,9.682926829268293,True
20967,139,-8,Matched Control,6.8501587301587294,False
20967,140,-7,Matched Control,6.387896825396825,False
20967,141,-6,Matched Control,6.105793650793651,False
20967,142,-5,Matched Control,6.983809523809524,False
20967,143,-4,Matched Control,6.387539682539683,False
20967,144,-3,Matched Control,7.185079365079365,False
20967,145,-2,Matched Control,4.9743650793650795,False
20967,146,-1,Matched Control,5.590079365079365,False
20967,147,0,Matched Control,7.627460317460318,True
20967,148,1,Matched Control,4.4105952380952385,True
20967,149,2,Matched Control,4.613002645502646,True
20967,150,3,Matched Control,4.6994444444444445,True
20967,151,4,Matched Control,3.376851851851852,True
20967,152,5,Matched Control,6.148148148148149,True
20967,153,6,Matched Control,4.586388888888889,True
20967,154,7,Matched Control,5.0189814814814815,True
20967,155,8,Matched Control,3.7779629629629627,True
20967,156,9,Matched Control,4.90212962962963,True
20967,157,10,Matched Control,3.9743518518518517,True
20967,158,11,Matched Control,3.7662962962962965,True
20967,159,12,Matched Control,3.6762962962962957,True
20967,160,13,Matched Control,3.384722222222222,True
20967,161,14,Matched Control,4.013981481481482,True
20967,162,15,Matched Control,3.085,True
20967,163,16,Matched Control,1.7762962962962965,True
20967,164,17,Matched Control,1.665648148148148,True
20967,165,18,Matched Control,1.6201851851851852,True
20967,139,-8,Treated,14.333333333333334,False
20967,140,-7,Treated,11.533333333333333,False
20967,141,-6,Treated,14.566666666666666,False
20967,142,-5,Treated,12.7,False
20967,143,-4,Treated,14.666666666666666,False
20967,144,-3,Treated,14.533333333333333,False
20967,145,-2,Treated,14.066666666666666,False
20967,146,-1,Treated,12.866666666666667,False
20967,147,0,Treated,19.9,True
20967,148,1,Treated,19.033333333333335,True
20967,149,2,Treated,18.466666666666665,True
20967,150,3,Treated,17.433333333333334,True
20967,151,4,Treated,17.433333333333334,True
20967,152,5,Treated,20.166666666666668,True
20967,153,6,Treated,17.2,True
20967,154,7,Treated,15.266666666666667,True
20967,155,8,Treated,20.6,True
20967,156,9,Treated,18.133333333333333,True
20967,157,10,Treated,19.566666666666666,True
20967,158,11,Treated,18.133333333333333,True
20967,159,12,Treated,16.333333333333332,True
20967,160,13,Treated,12.633333333333333,True
20967,161,14,Treated,12.866666666666667,True
20967,162,15,Treated,16.666666666666668,True
20967,163,16,Treated,13.233333333333333,True
20967,164,17,Treated,19.633333333333333,True
20967,165,18,Treated,16.766666666666666,True
20976,142,-8,Matched Control,14.257239382239382,False
20976,143,-7,Matched Control,9.346739596739596,False
20976,144,-6,Matched Control,9.505307539682539,False
20976,145,-5,Matched Control,8.516893424036281,False
20976,146,-4,Matched Control,10.436612364243942,False
20976,147,-3,Matched Control,8.783679283679284,False
20976,148,-2,Matched Control,6.282790309106098,False
20976,149,-1,Matched Control,6.3639856755710404,False
20976,150,0,Matched Control,5.489576074332172,True
20976,151,1,Matched Control,5.309039876113046,True
20976,152,2,Matched Control,6.620257452574525,True
20976,153,3,Matched Control,4.771728610143244,True
20976,154,4,Matched Control,6.507936507936508,True
20976,155,5,Matched Control,6.2161440185830426,True
20976,156,6,Matched Control,6.56109175377468,True
20976,157,7,Matched Control,6.032094463801781,True
20976,158,8,Matched Control,7.161440185830429,True
20976,159,9,Matched Control,5.867053813395277,True
20976,160,10,Matched Control,6.636585365853659,True
20976,161,11,Matched Control,4.774912891986062,True
20976,162,12,Matched Control,6.750174216027875,True
20976,163,13,Matched Control,6.644986449864499,True
20976,164,14,Matched Control,5.554355400696864,True
20976,165,15,Matched Control,4.696825396825397,True
20976,142,-8,Treated,10.675675675675675,False
20976,143,-7,Treated,10.243243243243244,False
20976,144,-6,Treated,9.725,False
20976,145,-5,Treated,9.142857142857142,False
20976,146,-4,Treated,10.842105263157896,False
20976,147,-3,Treated,15.76923076923077,False
20976,148,-2,Treated,13.868421052631579,False
20976,149,-1,Treated,14.24390243902439,False
20976,150,0,Treated,14.048780487804878,True
20976,151,1,Treated,11.048780487804878,True
20976,152,2,Treated,14.804878048780488,True
20976,153,3,Treated,13.0,True
20976,154,4,Treated,10.634146341463415,True
20976,155,5,Treated,14.634146341463415,True
20976,156,6,Treated,13.414634146341463,True
20976,157,7,Treated,13.975609756097562,True
20976,158,8,Treated,14.560975609756097,True
20976,159,9,Treated,11.585365853658537,True
20976,160,10,Treated,8.634146341463415,True
20976,161,11,Treated,10.048780487804878,True
20976,162,12,Treated,13.78048780487805,True
20976,163,13,Treated,8.536585365853659,True
20976,164,14,Treated,14.073170731707316,True
20976,165,15,Treated,12.78048780487805,True
20991,161,-8,Matched Control,6.1605952380952385,False
20991,162,-7,Matched Control,6.043487103174604,False
20991,163,-6,Matched Control,7.10000496031746,False
20991,164,-5,Matched Control,10.008239087301586,False
20991,165,-4,Matched Control,7.219454365079365,False
20991,166,-3,Matched Control,6.68640873015873,False
20991,167,-2,Matched Control,7.950942460317461,False
20991,168,-1,Matched Control,6.288065476190477,False
20991,169,0,Matched Control,9.393000992063492,True
20991,170,1,Matched Control,11.466374007936508,True
20991,171,2,Matched Control,11.844806547619047,True
20991,172,3,Matched Control,9.851284722222221,True
20991,173,4,Matched Control,10.509662698412699,True
20991,161,-8,Treated,10.4625,False
20991,162,-7,Treated,13.95,False
20991,163,-6,Treated,9.4625,False
20991,164,-5,Treated,15.325,False
20991,165,-4,Treated,13.4125,False
20991,166,-3,Treated,9.75,False
20991,167,-2,Treated,13.8375,False
20991,168,-1,Treated,11.5875,False
20991,169,0,Treated,17.175,True
20991,170,1,Treated,17.5,True
20991,171,2,Treated,24.775,True
20991,172,3,Treated,16.2125,True
20991,173,4,Treated,13.8875,True
21006,179,-8,Matched Control,4.312962962962962,False
21006,180,-7,Matched Control,3.8560515873015877,False
21006,181,-6,Matched Control,4.159678130511463,False
21006,182,-5,Matched Control,4.013381834215168,False
21006,183,-4,Matched Control,4.156007495590829,False
21006,184,-3,Matched Control,5.650981040564374,False
21006,185,-2,Matched Control,4.062125220458554,False
21006,186,-1,Matched Control,5.009215167548501,False
21006,187,0,Matched Control,4.196307319223986,True
21006,188,1,Matched Control,3.3296516754850085,True
21006,189,2,Matched Control,4.3599867724867725,True
21006,190,3,Matched Control,4.134303350970018,True
21006,191,4,Matched Control,5.251995149911817,True
21006,192,5,Matched Control,4.3203262786596115,True
21006,193,6,Matched Control,5.027358906525573,True
21006,194,7,Matched Control,4.259898589065255,True
21006,195,8,Matched Control,3.938888888888889,True
21006,196,9,Matched Control,4.756768077601411,True
21006,197,10,Matched Control,4.905246913580247,True
21006,198,11,Matched Control,4.0663580246913575,True
21006,199,12,Matched Control,4.29212962962963,True
21006,200,13,Matched Control,4.599162257495591,True
21006,179,-8,Treated,12.88888888888889,False
21006,180,-7,Treated,11.527777777777779,False
21006,181,-6,Treated,10.944444444444445,False
21006,182,-5,Treated,9.972222222222221,False
21006,183,-4,Treated,12.083333333333334,False
21006,184,-3,Treated,10.63888888888889,False
21006,185,-2,Treated,10.277777777777779,False
21006,186,-1,Treated,12.777777777777779,False
21006,187,0,Treated,18.083333333333332,True
21006,188,1,Treated,11.055555555555555,True
21006,189,2,Treated,15.527777777777779,True
21006,190,3,Treated,15.055555555555555,True
21006,191,4,Treated,14.305555555555555,True
21006,192,5,Treated,15.805555555555555,True
21006,193,6,Treated,18.944444444444443,True
21006,194,7,Treated,15.083333333333334,True
21006,195,8,Treated,15.055555555555555,True
21006,196,9,Treated,17.0,True
21006,197,10,Treated,16.22222222222222,True
21006,198,11,Treated,15.13888888888889,True
21006,199,12,Treated,15.305555555555555,True
21006,200,13,Treated,11.777777777777779,True
21032,196,-8,Matched Control,10.626068376068377,False
21032,197,-7,Matched Control,9.166666666666666,False
21032,198,-6,Matched Control,7.892592592592593,False
21032,199,-5,Matched Control,14.81965811965812,False
21032,200,-4,Matched Control,7.736467236467236,False
21032,201,-3,Matched Control,6.897008547008547,False
21032,202,-2,Matched Control,8.933760683760685,False
21032,203,-1,Matched Control,8.461680911680912,False
21032,204,0,Matched Control,7.106552706552707,True
21032,205,1,Matched Control,8.131623931623931,True
21032,206,2,Matched Control,8.512535612535613,True
21032,207,3,Matched Control,8.280911680911682,True
21032,208,4,Matched Control,6.49928774928775,True
21032,209,5,Matched Control,7.378632478632478,True
21032,210,6,Matched Control,7.243304843304843,True
21032,211,7,Matched Control,5.441168091168091,True
21032,212,8,Matched Control,7.464957264957265,True
21032,196,-8,Treated,13.820512820512821,False
21032,197,-7,Treated,13.525641025641026,False
21032,198,-6,Treated,12.243589743589743,False
21032,199,-5,Treated,12.294871794871796,False
21032,200,-4,Treated,9.653846153846153,False
21032,201,-3,Treated,7.641025641025641,False
21032,202,-2,Treated,9.217948717948717,False
21032,203,-1,Treated,12.64102564102564,False
21032,204,0,Treated,16.91025641025641,True
21032,205,1,Treated,17.666666666666668,True
21032,206,2,Treated,18.67948717948718,True
21032,207,3,Treated,16.91025641025641,True
21032,208,4,Treated,16.294871794871796,True
21032,209,5,Treated,15.192307692307692,True
21032,210,6,Treated,13.320512820512821,True
21032,211,7,Treated,14.192307692307692,True
21032,212,8,Treated,11.64102564102564,True
21044,213,-8,Matched Control,6.616222222222222,False
21044,214,-7,Matched Control,6.7211428571428575,False
21044,215,-6,Matched Control,7.078047619047618,False
21044,216,-5,Matched Control,6.690645502645502,False
21044,217,-4,Matched Control,6.729380952380953,False
21044,218,-3,Matched Control,6.338391534391534,False
21044,220,-1,Matched Control,5.439751322751323,False
21044,221,0,Matched Control,5.809465608465609,True
21044,222,1,Matched Control,4.866296296296296,True
21044,223,2,Matched Control,4.152703703703704,True
21044,224,3,Matched Control,3.454777777777778,True
21044,225,4,Matched Control,4.204592592592593,True
21044,226,5,Matched Control,5.586666666666667,True
21044,213,-8,Treated,7.44,False
21044,214,-7,Treated,7.506666666666667,False
21044,215,-6,Treated,10.146666666666667,False
21044,216,-5,Treated,16.69333333333333,False
21044,217,-4,Treated,13.48,False
21044,218,-3,Treated,8.346666666666666,False
21044,220,-1,Treated,9.32,False
21044,221,0,Treated,20.386666666666667,True
21044,222,1,Treated,21.666666666666668,True
21044,223,2,Treated,25.426666666666666,True
21044,224,3,Treated,23.973333333333333,True
21044,225,4,Treated,16.426666666666666,True
21044,226,5,Treated,11.973333333333333,True
21069,268,-8,Matched Control,6.071946380178087,False
21069,269,-7,Matched Control,5.472231900890438,False
21069,270,-6,Matched Control,5.547009291521487,False
21069,271,-5,Matched Control,5.82232868757259,False
21069,272,-4,Matched Control,6.761933797909407,False
21069,273,-3,Matched Control,6.5327429345722035,False
21069,274,-2,Matched Control,7.2578687572590015,False
21069,275,-1,Matched Control,10.284833526906699,False
21069,276,0,Matched Control,6.978871467286101,True
21069,277,1,Matched Control,6.355318428184282,True
21069,278,2,Matched Control,6.519570267131243,True
21069,279,3,Matched Control,7.405081300813008,True
21069,280,4,Matched Control,7.006441153697252,True
21069,281,5,Matched Control,6.398698219125048,True
21069,282,6,Matched Control,6.519570267131243,True
21069,283,7,Matched Control,7.405081300813008,True
21069,268,-8,Treated,7.060975609756097,False
21069,269,-7,Treated,7.317073170731708,False
21069,270,-6,Treated,6.524390243902439,False
21069,271,-5,Treated,8.792682926829269,False
21069,272,-4,Treated,8.414634146341463,False
21069,273,-3,Treated,7.7682926829268295,False
21069,274,-2,Treated,8.634146341463415,False
21069,275,-1,Treated,13.914634146341463,False
21069,276,0,Treated,32.8780487804878,True
21069,277,1,Treated,25.01219512195122,True
21069,278,2,Treated,21.195121951219512,True
21069,279,3,Treated,20.0609756097561,True
21069,280,4,Treated,32.8780487804878,True
21069,281,5,Treated,25.01219512195122,True
21069,282,6,Treated,21.195121951219512,True
21069,283,7,Treated,20.0609756097561,True
21128,44,-8,Matched Control,37.23850340136054,False
21128,45,-7,Matched Control,36.25333333333334,False
21128,46,-6,Matched Control,39.30294117647059,False
21128,47,-5,Matched Control,27.03361762615494,False
21128,48,-4,Matched Control,28.030068027210884,False
21128,49,-3,Matched Control,38.7889355742297,False
21128,50,-2,Matched Control,31.064219576719577,False
21128,51,-1,Matched Control,31.270489604292425,False
21128,52,0,Matched Control,23.571362433862433,True
21128,53,1,Matched Control,23.43148148148148,True
21128,54,2,Matched Control,31.004761904761907,True
21128,55,3,Matched Control,24.86362433862434,True
21128,56,4,Matched Control,21.772486772486772,True
21128,57,5,Matched Control,22.315145502645503,True
21128,58,6,Matched Control,16.95324074074074,True
21128,59,7,Matched Control,13.888690476190476,True
21128,44,-8,Treated,20.0,False
21128,45,-7,Treated,28.185714285714287,False
21128,46,-6,Treated,26.352941176470587,False
21128,47,-5,Treated,28.582089552238806,False
21128,48,-4,Treated,27.3,False
21128,49,-3,Treated,27.044117647058822,False
21128,50,-2,Treated,24.38888888888889,False
21128,51,-1,Treated,18.492957746478872,False
21128,52,0,Treated,18.208333333333332,True
21128,53,1,Treated,19.11111111111111,True
21128,54,2,Treated,17.01388888888889,True
21128,55,3,Treated,15.069444444444445,True
21128,56,4,Treated,19.069444444444443,True
21128,57,5,Treated,19.25,True
21128,58,6,Treated,21.15277777777778,True
21128,59,7,Treated,20.041666666666668,True
21141,53,-8,Matched Control,0.6036866359447005,False
21141,54,-7,Matched Control,0.9443164362519202,False
21141,55,-6,Matched Control,0.6935483870967742,False
21141,56,-5,Matched Control,1.0222734254992318,False
21141,57,-4,Matched Control,1.4324116743471582,False
21141,58,-3,Matched Control,1.2834101382488479,False
21141,59,-2,Matched Control,0.9358678955453149,False
21141,60,-1,Matched Control,0.749615975422427,False
21141,61,0,Matched Control,1.3659047619047617,True
21141,62,1,Matched Control,1.9600476190476188,True
21141,63,2,Matched Control,1.2942380952380952,True
21141,64,3,Matched Control,1.5134285714285716,True
21141,65,4,Matched Control,1.4142380952380953,True
21141,66,5,Matched Control,1.5456666666666665,True
21141,67,6,Matched Control,1.5027142857142857,True
21141,68,7,Matched Control,1.3409047619047618,True
21141,69,8,Matched Control,1.8986190476190474,True
21141,53,-8,Treated,18.34328358208955,False
21141,54,-7,Treated,16.720588235294116,False
21141,55,-6,Treated,14.73134328358209,False
21141,56,-5,Treated,18.134328358208954,False
21141,57,-4,Treated,18.86764705882353,False
21141,58,-3,Treated,20.5,False
21141,59,-2,Treated,19.294117647058822,False
21141,60,-1,Treated,16.492537313432837,False
21141,61,0,Treated,16.695652173913043,True
21141,62,1,Treated,28.420289855072465,True
21141,63,2,Treated,16.27536231884058,True
21141,64,3,Treated,20.043478260869566,True
21141,65,4,Treated,25.681159420289855,True
21141,66,5,Treated,35.869565217391305,True
21141,67,6,Treated,41.72463768115942,True
21141,68,7,Treated,28.971014492753625,True
21141,69,8,Treated,17.3768115942029,True
21165,81,-8,Matched Control,2.7878648233486945,False
21165,82,-7,Matched Control,2.4528735632183905,False
21165,83,-6,Matched Control,2.5781105990783413,False
21165,84,-5,Matched Control,3.308986175115207,False
21165,85,-4,Matched Control,2.150892857142857,False
21165,86,-3,Matched Control,3.2686635944700457,False
21165,87,-2,Matched Control,3.525873015873016,False
21165,88,-1,Matched Control,2.75852534562212,False
21165,89,0,Matched Control,2.465922619047619,True
21165,90,1,Matched Control,2.2479910714285714,True
21165,91,2,Matched Control,3.113467261904762,True
21165,92,3,Matched Control,2.4613839285714287,True
21165,93,4,Matched Control,2.2167410714285714,True
21165,94,5,Matched Control,2.3033482142857142,True
21165,95,6,Matched Control,2.1997767857142856,True
21165,96,7,Matched Control,2.0907738095238093,True
21165,97,8,Matched Control,1.9268601190476191,True
21165,98,9,Matched Control,2.6250744047619046,True
21165,99,10,Matched Control,2.3685267857142858,True
21165,100,11,Matched Control,2.353794642857143,True
21165,101,12,Matched Control,2.691666666666667,True
21165,102,13,Matched Control,2.7598214285714286,True
21165,103,14,Matched Control,2.0959077380952382,True
21165,104,15,Matched Control,1.766889880952381,True
21165,105,16,Matched Control,2.1089285714285713,True
21165,106,17,Matched Control,1.8280505952380952,True
21165,107,18,Matched Control,2.3148809523809524,True
21165,108,19,Matched Control,1.7726934523809523,True
21165,109,20,Matched Control,1.48125,True
21165,110,21,Matched Control,1.4382440476190477,True
21165,111,22,Matched Control,1.0822916666666667,True
21165,112,23,Matched Control,1.0135416666666666,True
21165,113,24,Matched Control,1.3046875,True
21165,81,-8,Treated,19.258064516129032,False
21165,82,-7,Treated,14.137931034482758,False
21165,83,-6,Treated,13.096774193548388,False
21165,84,-5,Treated,15.096774193548388,False
21165,85,-4,Treated,12.71875,False
21165,86,-3,Treated,15.67741935483871,False
21165,87,-2,Treated,15.933333333333334,False
21165,88,-1,Treated,19.096774193548388,False
21165,89,0,Treated,33.5,True
21165,90,1,Treated,35.34375,True
21165,91,2,Treated,27.78125,True
21165,92,3,Treated,31.40625,True
21165,93,4,Treated,30.71875,True
21165,94,5,Treated,38.25,True
21165,95,6,Treated,29.59375,True
21165,96,7,Treated,28.53125,True
21165,97,8,Treated,35.125,True
21165,98,9,Treated,26.6875,True
21165,99,10,Treated,31.0625,True
21165,100,11,Treated,32.25,True
21165,101,12,Treated,29.8125,True
21165,102,13,Treated,37.96875,True
21165,103,14,Treated,28.6875,True
21165,104,15,Treated,30.90625,True
21165,105,16,Treated,31.625,True
21165,106,17,Treated,23.15625,True
21165,107,18,Treated,18.21875,True
21165,108,19,Treated,12.09375,True
21165,109,20,Treated,24.0625,True
21165,110,21,Treated,26.59375,True
21165,111,22,Treated,25.28125,True
21165,112,23,Treated,21.28125,True
21165,113,24,Treated,28.34375,True
21217,117,-8,Matched Control,8.568281024531025,False
21217,118,-7,Matched Control,8.317239858906525,False
21217,119,-6,Matched Control,11.391613756613758,False
21217,120,-5,Matched Control,8.457142857142857,False
21217,121,-4,Matched Control,5.289087301587301,False
21217,122,-3,Matched Control,3.8149963086009597,False
21217,123,-2,Matched Control,3.7417989417989417,False
21217,124,-1,Matched Control,3.989109347442681,False
21217,125,0,Matched Control,3.8665432098765433,True
21217,126,1,Matched Control,3.6462962962962964,True
21217,127,2,Matched Control,4.042698412698413,True
21217,128,3,Matched Control,3.8617372134038797,True
21217,129,4,Matched Control,3.7544356261022926,True
21217,130,5,Matched Control,3.705114638447972,True
21217,131,6,Matched Control,3.682204585537919,True
21217,132,7,Matched Control,3.7035714285714283,True
21217,133,8,Matched Control,3.805846560846561,True
21217,134,9,Matched Control,3.6179717813051147,True
21217,135,10,Matched Control,4.251552028218695,True
21217,136,11,Matched Control,4.378915343915343,True
21217,137,12,Matched Control,3.620890652557319,True
21217,138,13,Matched Control,4.204250440917107,True
21217,117,-8,Treated,29.772727272727273,False
21217,118,-7,Treated,35.15555555555556,False
21217,119,-6,Treated,48.55555555555556,False
21217,120,-5,Treated,36.888888888888886,False
21217,121,-4,Treated,20.295454545454547,False
21217,122,-3,Treated,16.162790697674417,False
21217,123,-2,Treated,18.355555555555554,False
21217,124,-1,Treated,22.711111111111112,False
21217,125,0,Treated,22.08888888888889,True
21217,126,1,Treated,20.511111111111113,True
21217,127,2,Treated,23.08888888888889,True
21217,128,3,Treated,21.377777777777776,True
21217,129,4,Treated,22.0,True
21217,130,5,Treated,21.622222222222224,True
21217,131,6,Treated,19.155555555555555,True
21217,132,7,Treated,19.377777777777776,True
21217,133,8,Treated,20.4,True
21217,134,9,Treated,19.355555555555554,True
21217,135,10,Treated,22.533333333333335,True
21217,136,11,Treated,19.022222222222222,True
21217,137,12,Treated,16.31111111111111,True
21217,138,13,Treated,17.08888888888889,True
21244,139,-8,Matched Control,18.428639846743295,False
21244,140,-7,Matched Control,19.311165845648603,False
21244,141,-6,Matched Control,15.435618500273673,False
21244,142,-5,Matched Control,17.007389162561577,False
21244,143,-4,Matched Control,16.925150519978107,False
21244,144,-3,Matched Control,18.085454296661194,False
21244,145,-2,Matched Control,15.02791461412151,False
21244,146,-1,Matched Control,16.749822112753147,False
21244,147,0,Matched Control,13.655363984674329,True
21244,148,1,Matched Control,11.868021346469622,True
21244,149,2,Matched Control,10.133648056923919,True
21244,150,3,Matched Control,10.829967159277505,True
21244,151,4,Matched Control,9.55544608648057,True
21244,152,5,Matched Control,11.192282430213464,True
21244,153,6,Matched Control,9.157703886152163,True
21244,154,7,Matched Control,9.298221127531473,True
21244,155,8,Matched Control,8.835864805692392,True
21244,156,9,Matched Control,9.092583470169677,True
21244,157,10,Matched Control,8.345361247947455,True
21244,158,11,Matched Control,7.34584017515052,True
21244,159,12,Matched Control,8.327627257799673,True
21244,160,13,Matched Control,7.349110563765736,True
21244,161,14,Matched Control,8.599835796387522,True
21244,162,15,Matched Control,8.245347564313082,True
21244,163,16,Matched Control,5.9151888341543515,True
21244,164,17,Matched Control,5.301614668856048,True
21244,165,18,Matched Control,5.647058018609743,True
21244,139,-8,Treated,20.448275862068964,False
21244,140,-7,Treated,16.17241379310345,False
21244,141,-6,Treated,17.24137931034483,False
21244,142,-5,Treated,21.620689655172413,False
21244,143,-4,Treated,19.724137931034484,False
21244,144,-3,Treated,22.448275862068964,False
21244,145,-2,Treated,18.655172413793103,False
21244,146,-1,Treated,25.896551724137932,False
21244,147,0,Treated,34.6551724137931,True
21244,148,1,Treated,32.724137931034484,True
21244,149,2,Treated,34.758620689655174,True
21244,150,3,Treated,33.3448275862069,True
21244,151,4,Treated,24.0,True
21244,152,5,Treated,29.482758620689655,True
21244,153,6,Treated,29.586206896551722,True
21244,154,7,Treated,21.82758620689655,True
21244,155,8,Treated,28.620689655172413,True
21244,156,9,Treated,27.379310344827587,True
21244,157,10,Treated,26.655172413793103,True
21244,158,11,Treated,26.896551724137932,True
21244,159,12,Treated,21.06896551724138,True
21244,160,13,Treated,14.206896551724139,True
21244,161,14,Treated,18.06896551724138,True
21244,162,15,Treated,23.0,True
21244,163,16,Treated,19.862068965517242,True
21244,164,17,Treated,25.93103448275862,True
21244,165,18,Treated,21.689655172413794,True
21250,142,-8,Matched Control,19.28780753968254,False
21250,143,-7,Matched Control,13.655758807588075,False
21250,144,-6,Matched Control,13.365413059163059,False
21250,145,-5,Matched Control,11.803734228734228,False
21250,146,-4,Matched Control,13.822526762643042,False
21250,147,-3,Matched Control,15.401928755998522,False
21250,148,-2,Matched Control,9.884193121693121,False
21250,149,-1,Matched Control,9.546234567901235,False
21250,150,0,Matched Control,8.239938271604938,True
21250,151,1,Matched Control,7.860352733686066,True
21250,152,2,Matched Control,9.080008818342153,True
21250,153,3,Matched Control,6.791543209876544,True
21250,154,4,Matched Control,8.665035273368606,True
21250,155,5,Matched Control,8.279938271604939,True
21250,156,6,Matched Control,10.48274250440917,True
21250,157,7,Matched Control,8.319550264550264,True
21250,158,8,Matched Control,9.331534391534392,True
21250,159,9,Matched Control,8.265017636684304,True
21250,160,10,Matched Control,10.094444444444445,True
21250,161,11,Matched Control,6.982195767195767,True
21250,162,12,Matched Control,11.378368606701942,True
21250,163,13,Matched Control,10.336022927689594,True
21250,164,14,Matched Control,9.816904761904762,True
21250,165,15,Matched Control,9.609717813051146,True
21250,166,16,Matched Control,8.784894179894179,True
21250,142,-8,Treated,18.45,False
21250,143,-7,Treated,15.414634146341463,False
21250,144,-6,Treated,16.977272727272727,False
21250,145,-5,Treated,16.358974358974358,False
21250,146,-4,Treated,21.53488372093023,False
21250,147,-3,Treated,26.58139534883721,False
21250,148,-2,Treated,25.61904761904762,False
21250,149,-1,Treated,27.933333333333334,False
21250,150,0,Treated,24.177777777777777,True
21250,151,1,Treated,23.822222222222223,True
21250,152,2,Treated,28.08888888888889,True
21250,153,3,Treated,25.022222222222222,True
21250,154,4,Treated,19.6,True
21250,155,5,Treated,24.644444444444446,True
21250,156,6,Treated,21.155555555555555,True
21250,157,7,Treated,23.77777777777778,True
21250,158,8,Treated,25.11111111111111,True
21250,159,9,Treated,20.6,True
21250,160,10,Treated,14.511111111111111,True
21250,161,11,Treated,15.777777777777779,True
21250,162,12,Treated,21.622222222222224,True
21250,163,13,Treated,16.57777777777778,True
21250,164,14,Treated,20.4,True
21250,165,15,Treated,18.8,True
21250,166,16,Treated,13.444444444444445,True
21277,179,-8,Matched Control,2.3222301587301586,False
21277,180,-7,Matched Control,2.246,False
21277,181,-6,Matched Control,2.3926666666666665,False
21277,182,-5,Matched Control,2.6963333333333335,False
21277,183,-4,Matched Control,2.4583333333333335,False
21277,184,-3,Matched Control,2.7060000000000004,False
21277,185,-2,Matched Control,2.7536666666666667,False
21277,186,-1,Matched Control,2.9273333333333333,False
21277,187,0,Matched Control,2.3593333333333333,True
21277,188,1,Matched Control,2.318,True
21277,189,2,Matched Control,3.245,True
21277,190,3,Matched Control,2.8113333333333332,True
21277,191,4,Matched Control,3.205,True
21277,192,5,Matched Control,3.3803333333333336,True
21277,193,6,Matched Control,3.353,True
21277,194,7,Matched Control,3.2056666666666667,True
21277,195,8,Matched Control,3.171333333333333,True
21277,196,9,Matched Control,3.841,True
21277,197,10,Matched Control,4.3,True
21277,198,11,Matched Control,3.447333333333333,True
21277,199,12,Matched Control,3.814666666666667,True
21277,200,13,Matched Control,3.5269999999999997,True
21277,179,-8,Treated,12.84,False
21277,180,-7,Treated,10.28,False
21277,181,-6,Treated,11.16,False
21277,182,-5,Treated,9.44,False
21277,183,-4,Treated,9.92,False
21277,184,-3,Treated,9.76,False
21277,185,-2,Treated,9.76,False
21277,186,-1,Treated,11.64,False
21277,187,0,Treated,19.88,True
21277,188,1,Treated,16.36,True
21277,189,2,Treated,21.06,True
21277,190,3,Treated,14.52,True
21277,191,4,Treated,18.94,True
21277,192,5,Treated,18.0,True
21277,193,6,Treated,22.54,True
21277,194,7,Treated,16.26,True
21277,195,8,Treated,20.44,True
21277,196,9,Treated,25.96,True
21277,197,10,Treated,26.4,True
21277,198,11,Treated,21.8,True
21277,199,12,Treated,22.44,True
21277,200,13,Treated,14.72,True
21297,196,-8,Matched Control,18.71368312757202,False
21297,197,-7,Matched Control,14.128909465020575,False
21297,198,-6,Matched Control,12.169272976680384,False
21297,199,-5,Matched Control,21.176817558299042,False
21297,200,-4,Matched Control,12.402126200274347,False
21297,201,-3,Matched Control,12.589437585733881,False
21297,202,-2,Matched Control,14.653497942386831,False
21297,203,-1,Matched Control,12.150240054869684,False
21297,204,0,Matched Control,10.915123456790123,True
21297,205,1,Matched Control,15.847942386831276,True
21297,206,2,Matched Control,12.301646090534978,True
21297,207,3,Matched Control,11.61111111111111,True
21297,208,4,Matched Control,10.741426611796982,True
21297,209,5,Matched Control,11.618518518518519,True
21297,210,6,Matched Control,11.503840877914952,True
21297,211,7,Matched Control,8.001920438957477,True
21297,212,8,Matched Control,11.152263374485598,True
21297,196,-8,Treated,22.765432098765434,False
21297,197,-7,Treated,23.34567901234568,False
21297,198,-6,Treated,19.320987654320987,False
21297,199,-5,Treated,20.209876543209877,False
21297,200,-4,Treated,13.135802469135802,False
21297,201,-3,Treated,12.012345679012345,False
21297,202,-2,Treated,14.802469135802468,False
21297,203,-1,Treated,18.246913580246915,False
21297,204,0,Treated,26.061728395061728,True
21297,205,1,Treated,25.925925925925927,True
21297,206,2,Treated,25.65432098765432,True
21297,207,3,Treated,25.925925925925927,True
21297,208,4,Treated,25.11111111111111,True
21297,209,5,Treated,22.864197530864196,True
21297,210,6,Treated,18.395061728395063,True
21297,211,7,Treated,19.679012345679013,True
21297,212,8,Treated,15.024691358024691,True
21305,213,-8,Matched Control,9.644302371154224,False
21305,214,-7,Matched Control,8.930653537135019,False
21305,215,-6,Matched Control,9.476151283558691,False
21305,216,-5,Matched Control,8.944542426023908,False
21305,217,-4,Matched Control,8.971159122085048,False
21305,218,-3,Matched Control,8.831118949637467,False
21305,220,-1,Matched Control,8.333122672937488,False
21305,221,0,Matched Control,8.604673721340388,True
21305,222,1,Matched Control,7.62120811287478,True
21305,223,2,Matched Control,7.079046639231825,True
21305,224,3,Matched Control,5.996144424848128,True
21305,225,4,Matched Control,7.031128747795415,True
21305,226,5,Matched Control,7.36261512835587,True
21305,213,-8,Treated,7.691358024691358,False
21305,214,-7,Treated,8.493827160493828,False
21305,215,-6,Treated,12.530864197530864,False
21305,216,-5,Treated,22.22222222222222,False
21305,217,-4,Treated,17.97530864197531,False
21305,218,-3,Treated,9.962962962962964,False
21305,220,-1,Treated,9.197530864197532,False
21305,221,0,Treated,26.876543209876544,True
21305,222,1,Treated,25.925925925925927,True
21305,223,2,Treated,36.135802469135804,True
21305,224,3,Treated,28.641975308641975,True
21305,225,4,Treated,17.617283950617285,True
21305,226,5,Treated,15.185185185185185,True
21320,268,-8,Matched Control,5.736909601238869,False
21320,269,-7,Matched Control,5.202743902439025,False
21320,270,-6,Matched Control,5.22078010065815,False
21320,271,-5,Matched Control,5.407200929152149,False
21320,272,-4,Matched Control,6.239755129694154,False
21320,273,-3,Matched Control,5.99579945799458,False
21320,274,-2,Matched Control,6.5617305458768875,False
21320,275,-1,Matched Control,10.613066202090593,False
21320,276,0,Matched Control,7.314832559039876,True
21320,277,1,Matched Control,5.944768679829655,True
21320,278,2,Matched Control,6.010007742934572,True
21320,279,3,Matched Control,6.8715737514518,True
21320,280,4,Matched Control,7.364469608981803,True
21320,281,5,Matched Control,5.9852497096399535,True
21320,282,6,Matched Control,6.010007742934572,True
21320,283,7,Matched Control,6.8715737514518,True
21320,268,-8,Treated,11.158536585365853,False
21320,269,-7,Treated,9.817073170731707,False
21320,270,-6,Treated,10.195121951219512,False
21320,271,-5,Treated,13.74390243902439,False
21320,272,-4,Treated,13.71951219512195,False
21320,273,-3,Treated,14.695121951219512,False
21320,274,-2,Treated,14.21951219512195,False
21320,275,-1,Treated,20.426829268292682,False
21320,276,0,Treated,47.34146341463415,True
21320,277,1,Treated,41.59756097560975,True
21320,278,2,Treated,26.695121951219512,True
21320,279,3,Treated,24.79268292682927,True
21320,280,4,Treated,47.34146341463415,True
21320,281,5,Treated,41.59756097560975,True
21320,282,6,Treated,26.695121951219512,True
21320,283,7,Treated,24.79268292682927,True
21395,53,-8,Matched Control,15.342969675432363,False
21395,54,-7,Matched Control,26.672123015873016,False
21395,55,-6,Matched Control,17.262171286425016,False
21395,56,-5,Matched Control,19.14044065387349,False
21395,57,-4,Matched Control,18.743960084033613,False
21395,58,-3,Matched Control,12.6984243697479,False
21395,59,-2,Matched Control,11.790517040149394,False
21395,60,-1,Matched Control,12.547032693674485,False
21395,61,0,Matched Control,12.994450195537151,True
21395,62,1,Matched Control,15.759374281113411,True
21395,63,2,Matched Control,10.734960892569587,True
21395,64,3,Matched Control,11.309897630549804,True
21395,65,4,Matched Control,10.184955141476882,True
21395,66,5,Matched Control,9.540602714515757,True
21395,67,6,Matched Control,9.216557395905223,True
21395,68,7,Matched Control,7.485766045548654,True
21395,69,8,Matched Control,9.23090637221072,True
21395,53,-8,Treated,28.0,False
21395,54,-7,Treated,26.5,False
21395,55,-6,Treated,23.238805970149254,False
21395,56,-5,Treated,24.0,False
21395,57,-4,Treated,24.426470588235293,False
21395,58,-3,Treated,22.441176470588236,False
21395,59,-2,Treated,25.91176470588235,False
21395,60,-1,Treated,21.791044776119403,False
21395,61,0,Treated,22.72463768115942,True
21395,62,1,Treated,36.971014492753625,True
21395,63,2,Treated,20.840579710144926,True
21395,64,3,Treated,25.44927536231884,True
21395,65,4,Treated,27.463768115942027,True
21395,66,5,Treated,31.52173913043478,True
21395,67,6,Treated,35.11594202898551,True
21395,68,7,Treated,27.26086956521739,True
21395,69,8,Treated,19.28985507246377,True
21418,81,-8,Matched Control,0.42016806722689076,False
21418,82,-7,Matched Control,2.424107142857143,False
21418,83,-6,Matched Control,2.539915966386555,False
21418,84,-5,Matched Control,1.5364145658263306,False
21418,85,-4,Matched Control,3.0163265306122446,False
21418,86,-3,Matched Control,9.407647907647908,False
21418,87,-2,Matched Control,2.970982142857143,False
21418,88,-1,Matched Control,1.610644257703081,False
21418,89,0,Matched Control,1.2374149659863947,True
21418,90,1,Matched Control,0.6714285714285714,True
21418,91,2,Matched Control,0.4775510204081633,True
21418,92,3,Matched Control,0.24353741496598638,True
21418,93,4,Matched Control,0.2380952380952381,True
21418,94,5,Matched Control,0.4142857142857143,True
21418,95,6,Matched Control,0.37619047619047624,True
21418,96,7,Matched Control,0.3142857142857143,True
21418,97,8,Matched Control,0.24285714285714285,True
21418,98,9,Matched Control,0.3142857142857143,True
21418,99,10,Matched Control,0.3888888888888889,True
21418,100,11,Matched Control,0.38383838383838387,True
21418,101,12,Matched Control,0.24242424242424243,True
21418,102,13,Matched Control,0.30808080808080807,True
21418,103,14,Matched Control,0.25757575757575757,True
21418,104,15,Matched Control,0.14141414141414144,True
21418,105,16,Matched Control,0.2676767676767676,True
21418,106,17,Matched Control,0.15151515151515152,True
21418,107,18,Matched Control,0.0707070707070707,True
21418,81,-8,Treated,23.085714285714285,False
21418,82,-7,Treated,23.515151515151516,False
21418,83,-6,Treated,22.6,False
21418,84,-5,Treated,22.885714285714286,False
21418,85,-4,Treated,21.944444444444443,False
21418,86,-3,Treated,21.08823529411765,False
21418,87,-2,Treated,25.78787878787879,False
21418,88,-1,Treated,33.25714285714286,False
21418,89,0,Treated,54.77777777777778,True
21418,90,1,Treated,45.55555555555556,True
21418,91,2,Treated,37.55555555555556,True
21418,92,3,Treated,43.72222222222222,True
21418,93,4,Treated,42.55555555555556,True
21418,94,5,Treated,58.361111111111114,True
21418,95,6,Treated,36.111111111111114,True
21418,96,7,Treated,42.138888888888886,True
21418,97,8,Treated,47.916666666666664,True
21418,98,9,Treated,41.916666666666664,True
21418,99,10,Treated,41.138888888888886,True
21418,100,11,Treated,38.94444444444444,True
21418,101,12,Treated,35.02777777777778,True
21418,102,13,Treated,53.083333333333336,True
21418,103,14,Treated,39.166666666666664,True
21418,104,15,Treated,33.19444444444444,True
21418,105,16,Treated,33.77777777777778,True
21418,106,17,Treated,28.25,True
21418,107,18,Treated,23.416666666666668,True
21449,101,-8,Matched Control,2.022777777777778,False
21449,102,-7,Matched Control,2.361111111111111,False
21449,103,-6,Matched Control,2.3779761904761902,False
21449,104,-5,Matched Control,1.681547619047619,False
21449,105,-4,Matched Control,1.3872222222222221,False
21449,106,-3,Matched Control,1.2344444444444445,False
21449,107,-2,Matched Control,0.8261111111111111,False
21449,108,-1,Matched Control,0.9948275862068966,False
21449,109,0,Matched Control,1.2388888888888887,True
21449,110,1,Matched Control,1.2694444444444444,True
21449,111,2,Matched Control,1.2922222222222222,True
21449,112,3,Matched Control,1.3655555555555556,True
21449,113,4,Matched Control,1.6594444444444443,True
21449,114,5,Matched Control,1.7322222222222223,True
21449,115,6,Matched Control,2.105,True
21449,116,7,Matched Control,1.4711538461538463,True
21449,117,8,Matched Control,1.8794871794871795,True
21449,118,9,Matched Control,1.5320512820512822,True
21449,119,10,Matched Control,1.9070512820512822,True
21449,120,11,Matched Control,1.8923076923076922,True
21449,121,12,Matched Control,2.1025641025641026,True
21449,101,-8,Treated,42.84375,False
21449,102,-7,Treated,62.984375,False
21449,103,-6,Treated,47.285714285714285,False
21449,104,-5,Treated,41.403225806451616,False
21449,105,-4,Treated,43.171875,False
21449,106,-3,Treated,33.753846153846155,False
21449,107,-2,Treated,29.4,False
21449,108,-1,Treated,23.703125,False
21449,109,0,Treated,31.723076923076924,True
21449,110,1,Treated,29.923076923076923,True
21449,111,2,Treated,32.16923076923077,True
21449,112,3,Treated,25.953846153846154,True
21449,113,4,Treated,34.13846153846154,True
21449,114,5,Treated,30.615384615384617,True
21449,115,6,Treated,44.784615384615385,True
21449,116,7,Treated,22.876923076923077,True
21449,117,8,Treated,30.184615384615384,True
21449,118,9,Treated,33.58461538461538,True
21449,119,10,Treated,40.8,True
21449,120,11,Treated,38.10769230769231,True
21449,121,12,Treated,23.353846153846153,True
21468,117,-8,Matched Control,6.03419452887538,False
21468,118,-7,Matched Control,6.644097222222222,False
21468,119,-6,Matched Control,9.859027777777778,False
21468,120,-5,Matched Control,8.032911706349205,False
21468,121,-4,Matched Control,5.483535967578521,False
21468,122,-3,Matched Control,4.040346790890269,False
21468,123,-2,Matched Control,3.9204613095238092,False
21468,124,-1,Matched Control,4.243328373015873,False
21468,125,0,Matched Control,4.088665674603175,True
21468,126,1,Matched Control,3.8900793650793655,True
21468,127,2,Matched Control,4.228373015873015,True
21468,128,3,Matched Control,4.037624007936508,True
21468,129,4,Matched Control,3.9449404761904763,True
21468,130,5,Matched Control,3.9333333333333336,True
21468,131,6,Matched Control,3.850322420634921,True
21468,132,7,Matched Control,3.892609126984127,True
21468,133,8,Matched Control,4.014087301587302,True
21468,134,9,Matched Control,3.8812748015873013,True
21468,135,10,Matched Control,4.557043650793651,True
21468,136,11,Matched Control,4.699280753968254,True
21468,137,12,Matched Control,3.8389384920634924,True
21468,117,-8,Treated,26.595744680851062,False
21468,118,-7,Treated,28.916666666666668,False
21468,119,-6,Treated,35.416666666666664,False
21468,120,-5,Treated,29.395833333333332,False
21468,121,-4,Treated,18.851063829787233,False
21468,122,-3,Treated,18.434782608695652,False
21468,123,-2,Treated,20.375,False
21468,124,-1,Treated,23.458333333333332,False
21468,125,0,Treated,21.208333333333332,True
21468,126,1,Treated,22.104166666666668,True
21468,127,2,Treated,23.895833333333332,True
21468,128,3,Treated,22.979166666666668,True
21468,129,4,Treated,24.625,True
21468,130,5,Treated,24.729166666666668,True
21468,131,6,Treated,21.083333333333332,True
21468,132,7,Treated,22.625,True
21468,133,8,Treated,24.25,True
21468,134,9,Treated,20.583333333333332,True
21468,135,10,Treated,22.854166666666668,True
21468,136,11,Treated,26.25,True
21468,137,12,Treated,18.791666666666668,True
21493,139,-8,Matched Control,17.71887400793651,False
21493,140,-7,Matched Control,19.415178571428573,False
21493,141,-6,Matched Control,15.269717261904763,False
21493,142,-5,Matched Control,16.073363095238093,False
21493,143,-4,Matched Control,16.297519841269843,False
21493,144,-3,Matched Control,17.012326388888887,False
21493,145,-2,Matched Control,14.49905753968254,False
21493,146,-1,Matched Control,18.03844246031746,False
21493,147,0,Matched Control,15.248660714285714,True
21493,148,1,Matched Control,11.242596726190476,True
21493,149,2,Matched Control,11.663665674603175,True
21493,150,3,Matched Control,10.784275793650794,True
21493,151,4,Matched Control,9.680691964285714,True
21493,152,5,Matched Control,12.81705109126984,True
21493,153,6,Matched Control,9.050111607142856,True
21493,154,7,Matched Control,8.613467261904763,True
21493,155,8,Matched Control,8.616381448412698,True
21493,156,9,Matched Control,9.919791666666667,True
21493,157,10,Matched Control,8.418501984126983,True
21493,158,11,Matched Control,7.444518849206349,True
21493,159,12,Matched Control,8.039136904761905,True
21493,160,13,Matched Control,7.042361111111111,True
21493,161,14,Matched Control,8.38562748015873,True
21493,162,15,Matched Control,8.065600198412698,True
21493,163,16,Matched Control,6.234412202380952,True
21493,164,17,Matched Control,5.471850198412699,True
21493,165,18,Matched Control,5.524144345238096,True
21493,139,-8,Treated,29.65625,False
21493,140,-7,Treated,33.125,False
21493,141,-6,Treated,33.96875,False
21493,142,-5,Treated,28.40625,False
21493,143,-4,Treated,32.09375,False
21493,144,-3,Treated,34.5625,False
21493,145,-2,Treated,33.21875,False
21493,146,-1,Treated,37.96875,False
21493,147,0,Treated,43.21875,True
21493,148,1,Treated,40.1875,True
21493,149,2,Treated,38.5625,True
21493,150,3,Treated,33.59375,True
21493,151,4,Treated,35.9375,True
21493,152,5,Treated,39.0625,True
21493,153,6,Treated,32.9375,True
21493,154,7,Treated,32.5,True
21493,155,8,Treated,34.875,True
21493,156,9,Treated,35.90625,True
21493,157,10,Treated,31.75,True
21493,158,11,Treated,31.71875,True
21493,159,12,Treated,25.53125,True
21493,160,13,Treated,18.5,True
21493,161,14,Treated,24.625,True
21493,162,15,Treated,25.90625,True
21493,163,16,Treated,24.90625,True
21493,164,17,Treated,26.28125,True
21493,165,18,Treated,21.875,True
21501,141,-8,Matched Control,5.454464285714286,False
21501,142,-7,Matched Control,6.665952380952381,False
21501,143,-6,Matched Control,6.072072072072072,False
21501,144,-5,Matched Control,5.688461538461539,False
21501,145,-4,Matched Control,3.9545238095238093,False
21501,146,-3,Matched Control,4.831410256410257,False
21501,147,-2,Matched Control,4.824561403508772,False
21501,148,-1,Matched Control,4.174561403508772,False
21501,149,0,Matched Control,4.376875,True
21501,150,1,Matched Control,3.995238095238095,True
21501,151,2,Matched Control,3.8252380952380953,True
21501,152,3,Matched Control,4.000416666666666,True
21501,153,4,Matched Control,3.5608333333333335,True
21501,154,5,Matched Control,4.645416666666667,True
21501,155,6,Matched Control,3.6229166666666663,True
21501,156,7,Matched Control,3.5450000000000004,True
21501,157,8,Matched Control,3.6879166666666663,True
21501,158,9,Matched Control,4.05375,True
21501,159,10,Matched Control,3.7470833333333333,True
21501,160,11,Matched Control,4.497222222222222,True
21501,161,12,Matched Control,3.037638888888889,True
21501,162,13,Matched Control,3.1395833333333334,True
21501,163,14,Matched Control,3.6791666666666663,True
21501,164,15,Matched Control,3.225416666666667,True
21501,165,16,Matched Control,2.9966666666666666,True
21501,166,17,Matched Control,3.8,True
21501,167,18,Matched Control,3.8024999999999998,True
21501,168,19,Matched Control,2.966666666666667,True
21501,169,20,Matched Control,3.0129166666666665,True
21501,170,21,Matched Control,2.7275,True
21501,171,22,Matched Control,3.2962499999999997,True
21501,172,23,Matched Control,2.745,True
21501,173,24,Matched Control,2.4837499999999997,True
21501,174,25,Matched Control,2.69375,True
21501,141,-8,Treated,27.775,False
21501,142,-7,Treated,26.714285714285715,False
21501,143,-6,Treated,26.16216216216216,False
21501,144,-5,Treated,28.435897435897434,False
21501,145,-4,Treated,26.17142857142857,False
21501,146,-3,Treated,32.92307692307692,False
21501,147,-2,Treated,37.71052631578947,False
21501,148,-1,Treated,30.289473684210527,False
21501,149,0,Treated,34.375,True
21501,150,1,Treated,26.825,True
21501,151,2,Treated,28.725,True
21501,152,3,Treated,32.5,True
21501,153,4,Treated,30.575,True
21501,154,5,Treated,29.075,True
21501,155,6,Treated,28.6,True
21501,156,7,Treated,28.8,True
21501,157,8,Treated,25.275,True
21501,158,9,Treated,23.55,True
21501,159,10,Treated,20.0,True
21501,160,11,Treated,18.55,True
21501,161,12,Treated,18.575,True
21501,162,13,Treated,22.175,True
21501,163,14,Treated,20.75,True
21501,164,15,Treated,20.675,True
21501,165,16,Treated,21.625,True
21501,166,17,Treated,17.4,True
21501,167,18,Treated,25.975,True
21501,168,19,Treated,14.15,True
21501,169,20,Treated,20.6,True
21501,170,21,Treated,23.525,True
21501,171,22,Treated,31.875,True
21501,172,23,Treated,21.2,True
21501,173,24,Treated,19.1,True
21501,174,25,Treated,15.75,True
21532,179,-8,Matched Control,3.4183375104427736,False
21532,180,-7,Matched Control,2.932403926482874,False
21532,181,-6,Matched Control,3.611487050960735,False
21532,182,-5,Matched Control,3.667157477025898,False
21532,183,-4,Matched Control,3.6498224728487885,False
21532,184,-3,Matched Control,4.391854636591479,False
21532,185,-2,Matched Control,4.263878446115288,False
21532,186,-1,Matched Control,5.227046783625731,False
21532,187,0,Matched Control,4.815570175438597,True
21532,188,1,Matched Control,6.284659565580618,True
21532,189,2,Matched Control,11.377380952380951,True
21532,190,3,Matched Control,9.933500417710944,True
21532,191,4,Matched Control,10.380910609857978,True
21532,192,5,Matched Control,7.857466583124479,True
21532,193,6,Matched Control,10.72983500417711,True
21532,194,7,Matched Control,10.804563492063492,True
21532,195,8,Matched Control,9.375229741019215,True
21532,196,9,Matched Control,10.718629908103592,True
21532,197,10,Matched Control,10.471637426900585,True
21532,198,11,Matched Control,10.892418546365915,True
21532,199,12,Matched Control,11.078362573099415,True
21532,200,13,Matched Control,19.65567042606516,True
21532,179,-8,Treated,21.36842105263158,False
21532,180,-7,Treated,18.789473684210527,False
21532,181,-6,Treated,21.342105263157894,False
21532,182,-5,Treated,21.210526315789473,False
21532,183,-4,Treated,21.789473684210527,False
21532,184,-3,Treated,21.894736842105264,False
21532,185,-2,Treated,19.68421052631579,False
21532,186,-1,Treated,22.94736842105263,False
21532,187,0,Treated,31.026315789473685,True
21532,188,1,Treated,20.736842105263158,True
21532,189,2,Treated,26.07894736842105,True
21532,190,3,Treated,36.23684210526316,True
21532,191,4,Treated,35.05263157894737,True
21532,192,5,Treated,33.73684210526316,True
21532,193,6,Treated,38.21052631578947,True
21532,194,7,Treated,35.78947368421053,True
21532,195,8,Treated,33.26315789473684,True
21532,196,9,Treated,39.1578947368421,True
21532,197,10,Treated,42.94736842105263,True
21532,198,11,Treated,43.3421052631579,True
21532,199,12,Treated,50.71052631578947,True
21532,200,13,Treated,34.8421052631579,True
21555,196,-8,Matched Control,16.120416666666664,False
21555,197,-7,Matched Control,13.555000000000001,False
21555,198,-6,Matched Control,11.695972222222222,False
21555,199,-5,Matched Control,25.96347222222222,False
21555,200,-4,Matched Control,11.72236111111111,False
21555,201,-3,Matched Control,10.870138888888889,False
21555,202,-2,Matched Control,14.41472222222222,False
21555,203,-1,Matched Control,12.035833333333333,False
21555,204,0,Matched Control,11.448055555555555,True
21555,205,1,Matched Control,14.992916666666668,True
21555,206,2,Matched Control,14.647499999999999,True
21555,207,3,Matched Control,12.974027777777778,True
21555,208,4,Matched Control,11.03875,True
21555,209,5,Matched Control,11.61875,True
21555,210,6,Matched Control,11.3425,True
21555,211,7,Matched Control,7.5675,True
21555,212,8,Matched Control,12.44375,True
21555,196,-8,Treated,30.3,False
21555,197,-7,Treated,34.8875,False
21555,198,-6,Treated,34.9,False
21555,199,-5,Treated,38.8,False
21555,200,-4,Treated,26.8875,False
21555,201,-3,Treated,27.6625,False
21555,202,-2,Treated,26.75,False
21555,203,-1,Treated,32.075,False
21555,204,0,Treated,37.1875,True
21555,205,1,Treated,36.9125,True
21555,206,2,Treated,39.0,True
21555,207,3,Treated,39.375,True
21555,208,4,Treated,39.1625,True
21555,209,5,Treated,33.375,True
21555,210,6,Treated,27.5625,True
21555,211,7,Treated,25.8125,True
21555,212,8,Treated,22.875,True
21566,213,-8,Matched Control,9.459338280766852,False
21566,214,-7,Matched Control,8.655658627087199,False
21566,215,-6,Matched Control,9.319861884147599,False
21566,216,-5,Matched Control,8.940326736755308,False
21566,217,-4,Matched Control,8.94920634920635,False
21566,218,-3,Matched Control,8.835837971552257,False
21566,220,-1,Matched Control,8.12272211915069,False
21566,221,0,Matched Control,8.460616367759226,True
21566,222,1,Matched Control,7.475231910946197,True
21566,223,2,Matched Control,6.978932178932179,True
21566,224,3,Matched Control,5.7996237889095035,True
21566,225,4,Matched Control,6.880725623582766,True
21566,226,5,Matched Control,7.303458049886621,True
21566,213,-8,Treated,19.493506493506494,False
21566,214,-7,Treated,18.883116883116884,False
21566,215,-6,Treated,22.90909090909091,False
21566,216,-5,Treated,27.493506493506494,False
21566,217,-4,Treated,25.883116883116884,False
21566,218,-3,Treated,18.636363636363637,False
21566,220,-1,Treated,15.2987012987013,False
21566,221,0,Treated,30.7012987012987,True
21566,222,1,Treated,32.22077922077922,True
21566,223,2,Treated,34.72727272727273,True
21566,224,3,Treated,28.714285714285715,True
21566,225,4,Treated,23.428571428571427,True
21566,226,5,Treated,19.155844155844157,True
21584,268,-8,Matched Control,14.84907738095238,False
21584,269,-7,Matched Control,14.16625992063492,False
21584,270,-6,Matched Control,16.253804563492064,False
21584,271,-5,Matched Control,15.42138888888889,False
21584,272,-4,Matched Control,16.72983630952381,False
21584,273,-3,Matched Control,15.086483134920636,False
21584,274,-2,Matched Control,14.387782738095236,False
21584,275,-1,Matched Control,18.79158234126984,False
21584,276,0,Matched Control,12.48561011904762,True
21584,277,1,Matched Control,14.041294642857142,True
21584,278,2,Matched Control,15.128933531746032,True
21584,279,3,Matched Control,15.15625496031746,True
21584,280,4,Matched Control,12.519320436507936,True
21584,281,5,Matched Control,14.097951388888891,True
21584,282,6,Matched Control,15.128933531746032,True
21584,283,7,Matched Control,15.15625496031746,True
21584,268,-8,Treated,20.7375,False
21584,269,-7,Treated,21.6875,False
21584,270,-6,Treated,22.05,False
21584,271,-5,Treated,21.825,False
21584,272,-4,Treated,21.75,False
21584,273,-3,Treated,18.9,False
21584,274,-2,Treated,21.55,False
21584,275,-1,Treated,29.225,False
21584,276,0,Treated,39.7375,True
21584,277,1,Treated,35.75,True
21584,278,2,Treated,25.525,True
21584,279,3,Treated,26.775,True
21584,280,4,Treated,39.7375,True
21584,281,5,Treated,35.75,True
21584,282,6,Treated,25.525,True
21584,283,7,Treated,26.775,True
21611,44,-8,Matched Control,5.721408045977011,False
21611,45,-7,Matched Control,6.9029214559386975,False
21611,46,-6,Matched Control,7.328021442495127,False
21611,47,-5,Matched Control,6.808535353535353,False
21611,48,-4,Matched Control,7.9431513409961685,False
21611,49,-3,Matched Control,6.132093253968255,False
21611,50,-2,Matched Control,6.71,False
21611,51,-1,Matched Control,7.362222222222223,False
21611,52,0,Matched Control,5.833796296296296,True
21611,53,1,Matched Control,5.707083333333333,True
21611,54,2,Matched Control,5.263333333333334,True
21611,55,3,Matched Control,5.696574074074074,True
21611,56,4,Matched Control,5.746990740740741,True
21611,57,5,Matched Control,5.431898148148148,True
21611,58,6,Matched Control,5.145555555555556,True
21611,59,7,Matched Control,5.433703703703704,True
21611,44,-8,Treated,10.03448275862069,False
21611,45,-7,Treated,12.120689655172415,False
21611,46,-6,Treated,12.385964912280702,False
21611,47,-5,Treated,13.472727272727273,False
21611,48,-4,Treated,12.293103448275861,False
21611,49,-3,Treated,11.946428571428571,False
21611,50,-2,Treated,10.966666666666667,False
21611,51,-1,Treated,12.433333333333334,False
21611,52,0,Treated,9.5,True
21611,53,1,Treated,9.866666666666667,True
21611,54,2,Treated,8.3,True
21611,55,3,Treated,8.566666666666666,True
21611,56,4,Treated,8.15,True
21611,57,5,Treated,7.966666666666667,True
21611,58,6,Treated,9.016666666666667,True
21611,59,7,Treated,8.016666666666667,True
21636,54,-8,Matched Control,6.29760101010101,False
21636,55,-7,Matched Control,6.46156330749354,False
21636,56,-6,Matched Control,6.306912144702841,False
21636,57,-5,Matched Control,5.761679292929293,False
21636,58,-4,Matched Control,5.368876262626262,False
21636,59,-3,Matched Control,5.443992248062016,False
21636,60,-2,Matched Control,5.1363095238095235,False
21636,61,-1,Matched Control,5.180420274170275,False
21636,62,0,Matched Control,6.584805996472663,True
21636,63,1,Matched Control,3.8749206349206347,True
21636,64,2,Matched Control,4.994373897707231,True
21636,65,3,Matched Control,4.948465608465609,True
21636,66,4,Matched Control,5.376340388007055,True
21636,67,5,Matched Control,5.281587301587302,True
21636,68,6,Matched Control,5.03563492063492,True
21636,69,7,Matched Control,5.680467372134038,True
21636,70,8,Matched Control,5.772768959435625,True
21636,71,9,Matched Control,5.167619047619048,True
21636,72,10,Matched Control,4.797028218694885,True
21636,73,11,Matched Control,5.495626102292769,True
21636,74,12,Matched Control,4.887266313932981,True
21636,75,13,Matched Control,4.848386243386243,True
21636,76,14,Matched Control,4.811067019400353,True
21636,77,15,Matched Control,4.371940035273369,True
21636,78,16,Matched Control,4.543553791887126,True
21636,79,17,Matched Control,5.040088183421517,True
21636,80,18,Matched Control,4.947019400352733,True
21636,81,19,Matched Control,4.494761904761905,True
21636,54,-8,Treated,8.568181818181818,False
21636,55,-7,Treated,9.186046511627907,False
21636,56,-6,Treated,8.581395348837209,False
21636,57,-5,Treated,8.772727272727273,False
21636,58,-4,Treated,9.159090909090908,False
21636,59,-3,Treated,8.0,False
21636,60,-2,Treated,6.976190476190476,False
21636,61,-1,Treated,6.954545454545454,False
21636,62,0,Treated,13.088888888888889,True
21636,63,1,Treated,6.333333333333333,True
21636,64,2,Treated,7.155555555555556,True
21636,65,3,Treated,8.222222222222221,True
21636,66,4,Treated,10.333333333333334,True
21636,67,5,Treated,15.222222222222221,True
21636,68,6,Treated,10.2,True
21636,69,7,Treated,6.2,True
21636,70,8,Treated,6.444444444444445,True
21636,71,9,Treated,6.8,True
21636,72,10,Treated,6.955555555555556,True
21636,73,11,Treated,7.444444444444445,True
21636,74,12,Treated,7.155555555555556,True
21636,75,13,Treated,7.355555555555555,True
21636,76,14,Treated,7.911111111111111,True
21636,77,15,Treated,8.377777777777778,True
21636,78,16,Treated,6.733333333333333,True
21636,79,17,Treated,8.511111111111111,True
21636,80,18,Treated,8.444444444444445,True
21636,81,19,Treated,9.533333333333333,True
21681,106,-8,Matched Control,5.404875283446712,False
21681,107,-7,Matched Control,5.586585884353741,False
21681,108,-6,Matched Control,5.486255411255411,False
21681,109,-5,Matched Control,5.303876133786848,False
21681,110,-4,Matched Control,5.269727891156463,False
21681,111,-3,Matched Control,4.824787414965987,False
21681,112,-2,Matched Control,4.9457908163265305,False
21681,113,-1,Matched Control,5.690837585034013,False
21681,114,0,Matched Control,5.4364866780045356,True
21681,115,1,Matched Control,5.922916666666667,True
21681,116,2,Matched Control,4.0743551587301585,True
21681,117,3,Matched Control,4.852572278911564,True
21681,118,4,Matched Control,4.964236111111111,True
21681,119,5,Matched Control,5.205342970521542,True
21681,120,6,Matched Control,5.695160147392291,True
21681,121,7,Matched Control,5.44765447845805,True
21681,106,-8,Treated,6.089285714285714,False
21681,107,-7,Treated,6.089285714285714,False
21681,108,-6,Treated,5.654545454545454,False
21681,109,-5,Treated,4.589285714285714,False
21681,110,-4,Treated,5.196428571428571,False
21681,111,-3,Treated,5.464285714285714,False
21681,112,-2,Treated,4.696428571428571,False
21681,113,-1,Treated,4.892857142857143,False
21681,114,0,Treated,6.0,True
21681,115,1,Treated,9.25,True
21681,116,2,Treated,4.785714285714286,True
21681,117,3,Treated,5.517857142857143,True
21681,118,4,Treated,8.071428571428571,True
21681,119,5,Treated,12.642857142857142,True
21681,120,6,Treated,8.678571428571429,True
21681,121,7,Treated,4.875,True
21711,143,-8,Matched Control,5.533783783783784,False
21711,144,-7,Matched Control,6.198717948717949,False
21711,145,-6,Matched Control,5.2125,False
21711,146,-5,Matched Control,6.97171052631579,False
21711,147,-4,Matched Control,5.2269736842105265,False
21711,148,-3,Matched Control,4.809459459459459,False
21711,149,-2,Matched Control,4.6381250000000005,False
21711,150,-1,Matched Control,4.051339285714286,False
21711,151,0,Matched Control,4.195625,True
21711,152,1,Matched Control,4.57875,True
21711,153,2,Matched Control,4.1525,True
21711,154,3,Matched Control,4.2,True
21711,155,4,Matched Control,3.975,True
21711,156,5,Matched Control,3.9283928571428577,True
21711,157,6,Matched Control,3.701875,True
21711,158,7,Matched Control,3.7893749999999997,True
21711,159,8,Matched Control,3.9137500000000003,True
21711,160,9,Matched Control,3.72,True
21711,161,10,Matched Control,3.5387500000000003,True
21711,143,-8,Treated,8.25,False
21711,144,-7,Treated,9.342105263157896,False
21711,145,-6,Treated,8.0,False
21711,146,-5,Treated,9.486486486486486,False
21711,147,-4,Treated,10.108108108108109,False
21711,148,-3,Treated,6.972972972972973,False
21711,149,-2,Treated,8.425,False
21711,150,-1,Treated,7.825,False
21711,151,0,Treated,9.475,True
21711,152,1,Treated,9.4,True
21711,153,2,Treated,9.325,True
21711,154,3,Treated,8.2,True
21711,155,4,Treated,7.9,True
21711,156,5,Treated,8.7,True
21711,157,6,Treated,6.95,True
21711,158,7,Treated,6.45,True
21711,159,8,Treated,5.275,True
21711,160,9,Treated,5.375,True
21711,161,10,Treated,5.0,True
21739,155,-8,Matched Control,5.442063492063492,False
21739,156,-7,Matched Control,4.824644945697577,False
21739,157,-6,Matched Control,4.0586883876357565,False
21739,158,-5,Matched Control,3.543400167084378,False
21739,159,-4,Matched Control,3.926775271512114,False
21739,160,-3,Matched Control,3.238116123642439,False
21739,161,-2,Matched Control,3.2669590643274855,False
21739,162,-1,Matched Control,3.3690685045948205,False
21739,163,0,Matched Control,3.222639933166249,True
21739,164,1,Matched Control,3.322514619883041,True
21739,165,2,Matched Control,3.7464912280701754,True
21739,166,3,Matched Control,3.2228696741854637,True
21739,167,4,Matched Control,3.607832080200501,True
21739,168,5,Matched Control,2.6392648287385128,True
21739,169,6,Matched Control,2.9308479532163743,True
21739,170,7,Matched Control,2.977819548872181,True
21739,171,8,Matched Control,3.169277360066834,True
21739,172,9,Matched Control,2.6764619883040934,True
21739,173,10,Matched Control,2.6493525480367586,True
21739,155,-8,Treated,8.491228070175438,False
21739,156,-7,Treated,10.0,False
21739,157,-6,Treated,7.4035087719298245,False
21739,158,-5,Treated,7.315789473684211,False
21739,159,-4,Treated,5.964912280701754,False
21739,160,-3,Treated,5.43859649122807,False
21739,161,-2,Treated,5.298245614035087,False
21739,162,-1,Treated,5.350877192982456,False
21739,163,0,Treated,5.7894736842105265,True
21739,164,1,Treated,5.947368421052632,True
21739,165,2,Treated,5.175438596491228,True
21739,166,3,Treated,5.824561403508772,True
21739,167,4,Treated,9.666666666666666,True
21739,168,5,Treated,5.333333333333333,True
21739,169,6,Treated,6.0,True
21739,170,7,Treated,7.5964912280701755,True
21739,171,8,Treated,11.912280701754385,True
21739,172,9,Treated,9.31578947368421,True
21739,173,10,Treated,6.456140350877193,True
21770,179,-8,Matched Control,3.29165169212339,False
21770,180,-7,Matched Control,3.0830413297394434,False
21770,181,-6,Matched Control,2.901040730757712,False
21770,182,-5,Matched Control,3.211440551063193,False
21770,183,-4,Matched Control,3.328885893980234,False
21770,184,-3,Matched Control,3.8377882599580713,False
21770,185,-2,Matched Control,3.133625336927224,False
21770,186,-1,Matched Control,3.5608415693321356,False
21770,187,0,Matched Control,3.4163447139862235,True
21770,188,1,Matched Control,3.3191674153938306,True
21770,189,2,Matched Control,3.4809898173105718,True
21770,190,3,Matched Control,3.6113806528900865,True
21770,191,4,Matched Control,4.123487571129081,True
21770,192,5,Matched Control,3.603548966756514,True
21770,193,6,Matched Control,3.848944294699012,True
21770,194,7,Matched Control,3.495694818808026,True
21770,195,8,Matched Control,3.4769017669961064,True
21770,196,9,Matched Control,3.977088948787062,True
21770,197,10,Matched Control,4.115678346810422,True
21770,198,11,Matched Control,3.632412398921833,True
21770,199,12,Matched Control,3.6296421084156933,True
21770,200,13,Matched Control,3.480645402815214,True
21770,179,-8,Treated,4.981132075471698,False
21770,180,-7,Treated,5.433962264150943,False
21770,181,-6,Treated,4.547169811320755,False
21770,182,-5,Treated,5.056603773584905,False
21770,183,-4,Treated,4.7924528301886795,False
21770,184,-3,Treated,4.886792452830188,False
21770,185,-2,Treated,5.113207547169812,False
21770,186,-1,Treated,6.264150943396227,False
21770,187,0,Treated,9.320754716981131,True
21770,188,1,Treated,5.90566037735849,True
21770,189,2,Treated,7.962264150943396,True
21770,190,3,Treated,7.981132075471698,True
21770,191,4,Treated,10.943396226415095,True
21770,192,5,Treated,9.830188679245284,True
21770,193,6,Treated,8.584905660377359,True
21770,194,7,Treated,11.584905660377359,True
21770,195,8,Treated,8.981132075471699,True
21770,196,9,Treated,11.88679245283019,True
21770,197,10,Treated,12.528301886792454,True
21770,198,11,Treated,11.88679245283019,True
21770,199,12,Treated,14.830188679245284,True
21770,200,13,Treated,10.20754716981132,True
21806,196,-8,Matched Control,7.821367521367522,False
21806,197,-7,Matched Control,7.375726495726496,False
21806,198,-6,Matched Control,6.464957264957265,False
21806,199,-5,Matched Control,8.52051282051282,False
21806,200,-4,Matched Control,5.757948717948718,False
21806,201,-3,Matched Control,5.34034188034188,False
21806,202,-2,Matched Control,6.781538461538462,False
21806,203,-1,Matched Control,6.376410256410256,False
21806,204,0,Matched Control,5.6405128205128205,True
21806,205,1,Matched Control,5.783247863247863,True
21806,206,2,Matched Control,6.133504273504274,True
21806,207,3,Matched Control,6.023760683760684,True
21806,208,4,Matched Control,5.246666666666666,True
21806,209,5,Matched Control,5.165470085470085,True
21806,210,6,Matched Control,4.424786324786324,True
21806,211,7,Matched Control,0.716923076923077,True
21806,212,8,Matched Control,4.891623931623932,True
21806,196,-8,Treated,10.03076923076923,False
21806,197,-7,Treated,11.323076923076924,False
21806,198,-6,Treated,10.461538461538462,False
21806,199,-5,Treated,12.923076923076923,False
21806,200,-4,Treated,9.107692307692307,False
21806,201,-3,Treated,7.292307692307692,False
21806,202,-2,Treated,7.661538461538462,False
21806,203,-1,Treated,8.76923076923077,False
21806,204,0,Treated,9.107692307692307,True
21806,205,1,Treated,9.938461538461539,True
21806,206,2,Treated,8.4,True
21806,207,3,Treated,8.615384615384615,True
21806,208,4,Treated,9.261538461538462,True
21806,209,5,Treated,7.584615384615384,True
21806,210,6,Treated,6.707692307692308,True
21806,211,7,Treated,6.0,True
21806,212,8,Treated,5.876923076923077,True
22170,54,-8,Matched Control,4.736691086691087,False
22170,55,-7,Matched Control,5.072117794486215,False
22170,56,-6,Matched Control,5.142606516290726,False
22170,57,-5,Matched Control,5.392429792429793,False
22170,58,-4,Matched Control,5.029181929181929,False
22170,59,-3,Matched Control,6.978258145363408,False
22170,60,-2,Matched Control,5.03030888030888,False
22170,61,-1,Matched Control,4.87051282051282,False
22170,62,0,Matched Control,6.465833333333333,True
22170,63,1,Matched Control,3.69125,True
22170,64,2,Matched Control,4.722916666666666,True
22170,65,3,Matched Control,13.461666666666668,True
22170,66,4,Matched Control,5.008333333333334,True
22170,67,5,Matched Control,4.597083333333333,True
22170,68,6,Matched Control,4.445416666666667,True
22170,69,7,Matched Control,5.19375,True
22170,70,8,Matched Control,5.216666666666667,True
22170,71,9,Matched Control,13.628333333333334,True
22170,54,-8,Treated,4.051282051282051,False
22170,55,-7,Treated,4.026315789473684,False
22170,56,-6,Treated,4.157894736842105,False
22170,57,-5,Treated,5.205128205128205,False
22170,58,-4,Treated,4.897435897435898,False
22170,59,-3,Treated,4.473684210526316,False
22170,60,-2,Treated,3.2432432432432434,False
22170,61,-1,Treated,3.128205128205128,False
22170,62,0,Treated,6.6,True
22170,63,1,Treated,3.825,True
22170,64,2,Treated,4.0,True
22170,65,3,Treated,4.625,True
22170,66,4,Treated,4.275,True
22170,67,5,Treated,6.875,True
22170,68,6,Treated,5.325,True
22170,69,7,Treated,4.275,True
22170,70,8,Treated,4.95,True
22170,71,9,Treated,4.025,True
22206,65,-8,Matched Control,5.480512422360248,False
22206,66,-7,Matched Control,6.807625948930297,False
22206,67,-6,Matched Control,8.78725749559083,False
22206,68,-5,Matched Control,5.820691609977324,False
22206,69,-4,Matched Control,4.894982993197279,False
22206,70,-3,Matched Control,4.541170634920634,False
22206,71,-2,Matched Control,4.135559006211181,False
22206,72,-1,Matched Control,4.784765355417529,False
22206,73,0,Matched Control,4.529822291235335,True
22206,74,1,Matched Control,3.9072291235334715,True
22206,75,2,Matched Control,3.6321687370600415,True
22206,76,3,Matched Control,3.8846877156659763,True
22206,77,4,Matched Control,3.5357487922705313,True
22206,78,5,Matched Control,3.5645013802622496,True
22206,79,6,Matched Control,3.8619220151828846,True
22206,80,7,Matched Control,4.10952380952381,True
22206,81,8,Matched Control,4.318788819875777,True
22206,65,-8,Treated,4.434782608695652,False
22206,66,-7,Treated,5.065217391304348,False
22206,67,-6,Treated,7.377777777777778,False
22206,68,-5,Treated,5.285714285714286,False
22206,69,-4,Treated,4.404761904761905,False
22206,70,-3,Treated,5.181818181818182,False
22206,71,-2,Treated,4.521739130434782,False
22206,72,-1,Treated,5.173913043478261,False
22206,73,0,Treated,5.434782608695652,True
22206,74,1,Treated,5.065217391304348,True
22206,75,2,Treated,4.913043478260869,True
22206,76,3,Treated,5.0,True
22206,77,4,Treated,5.0,True
22206,78,5,Treated,4.456521739130435,True
22206,79,6,Treated,5.021739130434782,True
22206,80,7,Treated,5.8478260869565215,True
22206,81,8,Treated,4.8478260869565215,True
22379,179,-8,Matched Control,2.3022401433691755,False
22379,180,-7,Matched Control,2.415079365079365,False
22379,181,-6,Matched Control,2.4654505888376854,False
22379,182,-5,Matched Control,2.313120839733743,False
22379,183,-4,Matched Control,2.264004096262161,False
22379,184,-3,Matched Control,2.4046466973886327,False
22379,185,-2,Matched Control,2.390834613415259,False
22379,186,-1,Matched Control,2.7289042498719915,False
22379,187,0,Matched Control,3.240604198668715,True
22379,188,1,Matched Control,2.457962109575013,True
22379,189,2,Matched Control,3.133870967741936,True
22379,190,3,Matched Control,3.1452764976958525,True
22379,191,4,Matched Control,2.9972734254992317,True
22379,192,5,Matched Control,2.9810547875064004,True
22379,193,6,Matched Control,3.307539682539683,True
22379,194,7,Matched Control,3.144406041986687,True
22379,195,8,Matched Control,3.1561443932411675,True
22379,196,9,Matched Control,3.6937403993855606,True
22379,197,10,Matched Control,3.574795186891961,True
22379,198,11,Matched Control,2.9744751664106506,True
22379,199,12,Matched Control,2.829621095750128,True
22379,200,13,Matched Control,2.6226190476190476,True
22379,179,-8,Treated,3.4193548387096775,False
22379,180,-7,Treated,3.6451612903225805,False
22379,181,-6,Treated,3.967741935483871,False
22379,182,-5,Treated,3.7419354838709675,False
22379,183,-4,Treated,3.6451612903225805,False
22379,184,-3,Treated,3.4193548387096775,False
22379,185,-2,Treated,3.129032258064516,False
22379,186,-1,Treated,3.935483870967742,False
22379,187,0,Treated,4.838709677419355,True
22379,188,1,Treated,3.870967741935484,True
22379,189,2,Treated,4.741935483870968,True
22379,190,3,Treated,4.548387096774194,True
22379,191,4,Treated,4.709677419354839,True
22379,192,5,Treated,4.67741935483871,True
22379,193,6,Treated,4.580645161290323,True
22379,194,7,Treated,4.838709677419355,True
22379,195,8,Treated,4.096774193548387,True
22379,196,9,Treated,4.290322580645161,True
22379,197,10,Treated,4.67741935483871,True
22379,198,11,Treated,4.580645161290323,True
22379,199,12,Treated,5.548387096774194,True
22379,200,13,Treated,4.387096774193548,True
22655,43,-8,Matched Control,4.374603174603175,False
22655,44,-7,Matched Control,4.110305788982259,False
22655,45,-6,Matched Control,4.305753968253969,False
22655,46,-5,Matched Control,3.8958126036484244,False
22655,47,-4,Matched Control,5.388272283272284,False
22655,48,-3,Matched Control,2.509418767507003,False
22655,49,-2,Matched Control,2.6404040404040403,False
22655,50,-1,Matched Control,3.2873752834467123,False
22655,51,0,Matched Control,3.5516099773242633,True
22655,52,1,Matched Control,2.004875283446712,True
22655,53,2,Matched Control,1.7615646258503401,True
22655,54,3,Matched Control,1.5104478458049886,True
22655,55,4,Matched Control,1.5197165532879817,True
22655,56,5,Matched Control,1.707420634920635,True
22655,57,6,Matched Control,1.8948809523809522,True
22655,58,7,Matched Control,1.7849886621315192,True
22655,59,8,Matched Control,2.1393027210884354,True
22655,43,-8,Treated,7.449275362318841,False
22655,44,-7,Treated,3.7794117647058822,False
22655,45,-6,Treated,7.926470588235294,False
22655,46,-5,Treated,4.895522388059701,False
22655,47,-4,Treated,22.353846153846153,False
22655,48,-3,Treated,3.25,False
22655,49,-2,Treated,4.287878787878788,False
22655,50,-1,Treated,3.9285714285714284,False
22655,51,0,Treated,10.457142857142857,True
22655,52,1,Treated,10.485714285714286,True
22655,53,2,Treated,22.3,True
22655,54,3,Treated,18.385714285714286,True
22655,55,4,Treated,15.728571428571428,True
22655,56,5,Treated,15.571428571428571,True
22655,57,6,Treated,16.12857142857143,True
22655,58,7,Treated,16.114285714285714,True
22655,59,8,Treated,32.114285714285714,True
22851,43,-8,Matched Control,4.320113717128643,False
22851,44,-7,Matched Control,4.119708994708995,False
22851,45,-6,Matched Control,4.266534391534392,False
22851,46,-5,Matched Control,3.834145299145299,False
22851,47,-4,Matched Control,5.410122197026959,False
22851,48,-3,Matched Control,2.491522366522367,False
22851,49,-2,Matched Control,2.5791666666666666,False
22851,50,-1,Matched Control,3.2840627917833802,False
22851,51,0,Matched Control,3.5207749766573295,True
22851,52,1,Matched Control,2.002077497665733,True
22851,53,2,Matched Control,1.736904761904762,True
22851,54,3,Matched Control,1.4901669000933706,True
22851,55,4,Matched Control,1.470296451914099,True
22851,56,5,Matched Control,1.7046977124183007,True
22851,57,6,Matched Control,1.8888480392156861,True
22851,58,7,Matched Control,1.7874883286647991,True
22851,59,8,Matched Control,2.099282212885154,True
22851,43,-8,Treated,7.477611940298507,False
22851,44,-7,Treated,3.742424242424242,False
22851,45,-6,Treated,9.227272727272727,False
22851,46,-5,Treated,4.707692307692308,False
22851,47,-4,Treated,22.11111111111111,False
22851,48,-3,Treated,4.212121212121212,False
22851,49,-2,Treated,4.375,False
22851,50,-1,Treated,4.735294117647059,False
22851,51,0,Treated,11.308823529411764,True
22851,52,1,Treated,13.308823529411764,True
22851,53,2,Treated,22.235294117647058,True
22851,54,3,Treated,19.602941176470587,True
22851,55,4,Treated,16.61764705882353,True
22851,56,5,Treated,17.91176470588235,True
22851,57,6,Treated,17.41176470588235,True
22851,58,7,Treated,17.91176470588235,True
22851,59,8,Treated,30.25,True
23402,44,-8,Matched Control,5.057205215419501,False
23402,45,-7,Matched Control,6.593327664399093,False
23402,46,-6,Matched Control,6.8655695611577965,False
23402,47,-5,Matched Control,6.604607912816868,False
23402,48,-4,Matched Control,4.6709070294784585,False
23402,49,-3,Matched Control,5.554422590292155,False
23402,50,-2,Matched Control,5.910791446208113,False
23402,51,-1,Matched Control,6.959059915045831,False
23402,52,0,Matched Control,4.865465167548501,True
23402,53,1,Matched Control,4.711480379188712,True
23402,54,2,Matched Control,4.076388888888889,True
23402,55,3,Matched Control,4.800727513227513,True
23402,56,4,Matched Control,5.0081569664903,True
23402,57,5,Matched Control,5.31550925925926,True
23402,58,6,Matched Control,4.867239858906526,True
23402,59,7,Matched Control,5.492091049382716,True
23402,44,-8,Treated,4.5,False
23402,45,-7,Treated,12.414285714285715,False
23402,46,-6,Treated,4.955882352941177,False
23402,47,-5,Treated,33.208955223880594,False
23402,48,-4,Treated,4.928571428571429,False
23402,49,-3,Treated,7.27536231884058,False
23402,50,-2,Treated,5.902777777777778,False
23402,51,-1,Treated,13.76056338028169,False
23402,52,0,Treated,16.166666666666668,True
23402,53,1,Treated,18.26388888888889,True
23402,54,2,Treated,27.72222222222222,True
23402,55,3,Treated,20.25,True
23402,56,4,Treated,22.041666666666668,True
23402,57,5,Treated,18.541666666666668,True
23402,58,6,Treated,24.333333333333332,True
23402,59,7,Treated,44.125,True
23619,268,-8,Matched Control,3.6714010141093474,False
23619,269,-7,Matched Control,3.583371913580247,False
23619,270,-6,Matched Control,2.969758597883598,False
23619,271,-5,Matched Control,3.7544312169312173,False
23619,272,-4,Matched Control,3.5257936507936507,False
23619,273,-3,Matched Control,3.521412037037037,False
23619,274,-2,Matched Control,3.2265376984126983,False
23619,275,-1,Matched Control,4.636210317460318,False
23619,276,0,Matched Control,3.362714947089947,True
23619,277,1,Matched Control,2.5084656084656083,True
23619,278,2,Matched Control,3.2748511904761903,True
23619,279,3,Matched Control,4.626372354497354,True
23619,280,4,Matched Control,3.3812334656084655,True
23619,281,5,Matched Control,2.5237433862433862,True
23619,282,6,Matched Control,3.2748511904761903,True
23619,283,7,Matched Control,4.626372354497354,True
23619,268,-8,Treated,7.527777777777778,False
23619,269,-7,Treated,5.902777777777778,False
23619,270,-6,Treated,6.208333333333333,False
23619,271,-5,Treated,7.736111111111111,False
23619,272,-4,Treated,6.541666666666667,False
23619,273,-3,Treated,7.430555555555555,False
23619,274,-2,Treated,6.736111111111111,False
23619,275,-1,Treated,6.625,False
23619,276,0,Treated,9.083333333333334,True
23619,277,1,Treated,11.583333333333334,True
23619,278,2,Treated,12.652777777777779,True
23619,279,3,Treated,12.88888888888889,True
23619,280,4,Treated,9.083333333333334,True
23619,281,5,Treated,11.583333333333334,True
23619,282,6,Treated,12.652777777777779,True
23619,283,7,Treated,12.88888888888889,True
23719,268,-8,Matched Control,3.043223905723906,False
23719,269,-7,Matched Control,2.6982443482443483,False
23719,270,-6,Matched Control,2.753018278018278,False
23719,271,-5,Matched Control,2.881379268879269,False
23719,272,-4,Matched Control,2.8293470418470417,False
23719,273,-3,Matched Control,2.9329064454064455,False
23719,274,-2,Matched Control,2.6876082251082254,False
23719,275,-1,Matched Control,3.9573532948532946,False
23719,276,0,Matched Control,4.436501924001924,True
23719,277,1,Matched Control,3.6879569504569507,True
23719,278,2,Matched Control,4.875595238095238,True
23719,279,3,Matched Control,4.098641173641174,True
23719,280,4,Matched Control,4.627837902837903,True
23719,281,5,Matched Control,3.8299242424242426,True
23719,282,6,Matched Control,4.875595238095238,True
23719,283,7,Matched Control,4.098641173641174,True
23719,268,-8,Treated,6.651515151515151,False
23719,269,-7,Treated,5.5606060606060606,False
23719,270,-6,Treated,5.606060606060606,False
23719,271,-5,Treated,5.606060606060606,False
23719,272,-4,Treated,6.075757575757576,False
23719,273,-3,Treated,5.636363636363637,False
23719,274,-2,Treated,5.348484848484849,False
23719,275,-1,Treated,6.090909090909091,False
23719,276,0,Treated,7.454545454545454,True
23719,277,1,Treated,9.590909090909092,True
23719,278,2,Treated,10.424242424242424,True
23719,279,3,Treated,11.772727272727273,True
23719,280,4,Treated,7.454545454545454,True
23719,281,5,Treated,9.590909090909092,True
23719,282,6,Treated,10.424242424242424,True
23719,283,7,Treated,11.772727272727273,True
23913,268,-8,Matched Control,2.9577467218771565,False
23913,269,-7,Matched Control,3.043121693121693,False
23913,270,-6,Matched Control,3.0962272831838047,False
23913,271,-5,Matched Control,3.4381815044858524,False
23913,272,-4,Matched Control,3.551363008971705,False
23913,273,-3,Matched Control,3.696371060501495,False
23913,274,-2,Matched Control,3.0945192086496434,False
23913,275,-1,Matched Control,4.782464918334483,False
23913,276,0,Matched Control,3.9767828387393607,True
23913,277,1,Matched Control,3.3550724637681157,True
23913,278,2,Matched Control,3.055164481251438,True
23913,279,3,Matched Control,5.238008971704624,True
23913,280,4,Matched Control,4.018207959512307,True
23913,281,5,Matched Control,3.416994478951001,True
23913,282,6,Matched Control,3.055164481251438,True
23913,283,7,Matched Control,5.238008971704624,True
23913,268,-8,Treated,4.478260869565218,False
23913,269,-7,Treated,5.3478260869565215,False
23913,270,-6,Treated,5.6231884057971016,False
23913,271,-5,Treated,5.898550724637682,False
23913,272,-4,Treated,6.449275362318841,False
23913,273,-3,Treated,5.9855072463768115,False
23913,274,-2,Treated,5.811594202898551,False
23913,275,-1,Treated,6.130434782608695,False
23913,276,0,Treated,8.521739130434783,True
23913,277,1,Treated,8.73913043478261,True
23913,278,2,Treated,10.304347826086957,True
23913,279,3,Treated,11.376811594202898,True
23913,280,4,Treated,8.521739130434783,True
23913,281,5,Treated,8.73913043478261,True
23913,282,6,Treated,10.304347826086957,True
23913,283,7,Treated,11.376811594202898,True
24023,45,-8,Matched Control,4.7984809027777775,False
24023,46,-7,Matched Control,5.15241935483871,False
24023,47,-6,Matched Control,5.839435336976321,False
24023,48,-5,Matched Control,5.625925925925926,False
24023,49,-4,Matched Control,4.279280510018214,False
24023,50,-3,Matched Control,4.62734375,False
24023,51,-2,Matched Control,5.087213403880071,False
24023,52,-1,Matched Control,4.167989417989418,False
24023,53,0,Matched Control,4.041927083333333,True
24023,54,1,Matched Control,3.6625434027777777,True
24023,55,2,Matched Control,3.7100694444444446,True
24023,56,3,Matched Control,3.5390625,True
24023,57,4,Matched Control,2.9623263888888887,True
24023,58,5,Matched Control,2.612282986111111,True
24023,59,6,Matched Control,3.278689236111111,True
24023,45,-8,Treated,8.625,False
24023,46,-7,Treated,8.258064516129032,False
24023,47,-6,Treated,8.950819672131148,False
24023,48,-5,Treated,9.555555555555555,False
24023,49,-4,Treated,8.852459016393443,False
24023,50,-3,Treated,7.875,False
24023,51,-2,Treated,6.73015873015873,False
24023,52,-1,Treated,7.190476190476191,False
24023,53,0,Treated,6.875,True
24023,54,1,Treated,6.671875,True
24023,55,2,Treated,5.859375,True
24023,56,3,Treated,6.46875,True
24023,57,4,Treated,7.859375,True
24023,58,5,Treated,8.65625,True
24023,59,6,Treated,7.609375,True
24040,54,-8,Matched Control,6.545914168136391,False
24040,55,-7,Matched Control,6.755570530098832,False
24040,56,-6,Matched Control,7.218238993710692,False
24040,57,-5,Matched Control,6.747751322751323,False
24040,58,-4,Matched Control,6.56632128159906,False
24040,59,-3,Matched Control,8.75012728361785,False
24040,60,-2,Matched Control,6.55291514041514,False
24040,61,-1,Matched Control,6.303975602586713,False
24040,62,0,Matched Control,8.321825396825396,True
24040,63,1,Matched Control,4.922186147186147,True
24040,64,2,Matched Control,6.23524531024531,True
24040,65,3,Matched Control,17.075829725829728,True
24040,66,4,Matched Control,6.707756132756132,True
24040,67,5,Matched Control,6.5641774891774896,True
24040,68,6,Matched Control,6.122150072150072,True
24040,69,7,Matched Control,6.901984126984127,True
24040,70,8,Matched Control,7.238095238095238,True
24040,71,9,Matched Control,17.311002886002886,True
24040,54,-8,Treated,6.388888888888889,False
24040,55,-7,Treated,5.716981132075472,False
24040,56,-6,Treated,6.509433962264151,False
24040,57,-5,Treated,7.796296296296297,False
24040,58,-4,Treated,8.407407407407407,False
24040,59,-3,Treated,7.471698113207547,False
24040,60,-2,Treated,6.711538461538462,False
24040,61,-1,Treated,5.444444444444445,False
24040,62,0,Treated,10.018181818181818,True
24040,63,1,Treated,4.327272727272727,True
24040,64,2,Treated,6.4,True
24040,65,3,Treated,6.8545454545454545,True
24040,66,4,Treated,7.8545454545454545,True
24040,67,5,Treated,10.745454545454546,True
24040,68,6,Treated,8.2,True
24040,69,7,Treated,6.527272727272727,True
24040,70,8,Treated,7.127272727272727,True
24040,71,9,Treated,6.872727272727273,True
24063,65,-8,Matched Control,6.409201388888889,False
24063,66,-7,Matched Control,7.3538461538461535,False
24063,67,-6,Matched Control,9.064583333333333,False
24063,68,-5,Matched Control,6.891438979963571,False
24063,69,-4,Matched Control,5.722586520947177,False
24063,70,-3,Matched Control,5.391935483870968,False
24063,71,-2,Matched Control,5.0734375,False
24063,72,-1,Matched Control,6.177256944444444,False
24063,73,0,Matched Control,5.591452991452992,True
24063,74,1,Matched Control,4.7384615384615385,True
24063,75,2,Matched Control,4.566837606837606,True
24063,76,3,Matched Control,4.656923076923077,True
24063,77,4,Matched Control,4.3193162393162385,True
24063,78,5,Matched Control,4.317948717948719,True
24063,79,6,Matched Control,4.810256410256411,True
24063,80,7,Matched Control,4.881880341880342,True
24063,81,8,Matched Control,4.810940170940171,True
24063,65,-8,Treated,6.265625,False
24063,66,-7,Treated,7.938461538461539,False
24063,67,-6,Treated,10.84375,False
24063,68,-5,Treated,8.049180327868852,False
24063,69,-4,Treated,6.540983606557377,False
24063,70,-3,Treated,7.129032258064516,False
24063,71,-2,Treated,7.125,False
24063,72,-1,Treated,7.015625,False
24063,73,0,Treated,7.7846153846153845,True
24063,74,1,Treated,7.123076923076923,True
24063,75,2,Treated,6.953846153846154,True
24063,76,3,Treated,6.6923076923076925,True
24063,77,4,Treated,7.292307692307692,True
24063,78,5,Treated,6.4,True
24063,79,6,Treated,7.276923076923077,True
24063,80,7,Treated,7.861538461538461,True
24063,81,8,Treated,7.846153846153846,True
24151,155,-8,Matched Control,3.3794826572604353,False
24151,156,-7,Matched Control,3.594664902998236,False
24151,157,-6,Matched Control,3.2121472663139334,False
24151,158,-5,Matched Control,3.033502351557907,False
24151,159,-4,Matched Control,3.2249926513815406,False
24151,160,-3,Matched Control,2.738117283950617,False
24151,161,-2,Matched Control,2.919194591416814,False
24151,162,-1,Matched Control,2.760890652557319,False
24151,163,0,Matched Control,2.2982142857142858,True
24151,164,1,Matched Control,2.417372134038801,True
24151,165,2,Matched Control,2.4374559082892415,True
24151,166,3,Matched Control,2.6728615520282184,True
24151,167,4,Matched Control,3.0292254556143443,True
24151,168,5,Matched Control,2.176800411522634,True
24151,169,6,Matched Control,2.4161228689006466,True
24151,170,7,Matched Control,2.5563712522045856,True
24151,171,8,Matched Control,2.804835390946502,True
24151,172,9,Matched Control,2.1043944738389184,True
24151,173,10,Matched Control,2.2708627278071725,True
24151,155,-8,Treated,6.703703703703703,False
24151,156,-7,Treated,7.5,False
24151,157,-6,Treated,6.7592592592592595,False
24151,158,-5,Treated,6.833333333333333,False
24151,159,-4,Treated,6.5,False
24151,160,-3,Treated,6.092592592592593,False
24151,161,-2,Treated,5.685185185185185,False
24151,162,-1,Treated,5.888888888888889,False
24151,163,0,Treated,6.685185185185185,True
24151,164,1,Treated,6.074074074074074,True
24151,165,2,Treated,6.518518518518518,True
24151,166,3,Treated,6.296296296296297,True
24151,167,4,Treated,9.12962962962963,True
24151,168,5,Treated,5.648148148148148,True
24151,169,6,Treated,6.611111111111111,True
24151,170,7,Treated,7.296296296296297,True
24151,171,8,Treated,10.314814814814815,True
24151,172,9,Treated,7.703703703703703,True
24151,173,10,Treated,7.222222222222222,True
24196,179,-8,Matched Control,2.5586014586014585,False
24196,180,-7,Matched Control,2.3274345774345777,False
24196,181,-6,Matched Control,2.760199485199485,False
24196,182,-5,Matched Control,2.05492277992278,False
24196,183,-4,Matched Control,2.8225010725010726,False
24196,184,-3,Matched Control,2.4591591591591593,False
24196,185,-2,Matched Control,2.7971256971256975,False
24196,186,-1,Matched Control,2.5314779064779063,False
24196,187,0,Matched Control,3.0203560703560703,True
24196,188,1,Matched Control,1.867953667953668,True
24196,189,2,Matched Control,2.0969648219648223,True
24196,190,3,Matched Control,2.306006006006006,True
24196,191,4,Matched Control,2.25995280995281,True
24196,192,5,Matched Control,2.1321964821964823,True
24196,193,6,Matched Control,2.377906477906478,True
24196,194,7,Matched Control,2.190873015873016,True
24196,195,8,Matched Control,2.1476404976404977,True
24196,196,9,Matched Control,2.542042042042042,True
24196,197,10,Matched Control,2.3625160875160875,True
24196,198,11,Matched Control,2.2312526812526814,True
24196,199,12,Matched Control,2.2782067782067785,True
24196,200,13,Matched Control,1.9509438009438007,True
24196,179,-8,Treated,5.4324324324324325,False
24196,180,-7,Treated,5.1891891891891895,False
24196,181,-6,Treated,4.918918918918919,False
24196,182,-5,Treated,4.694444444444445,False
24196,183,-4,Treated,5.297297297297297,False
24196,184,-3,Treated,4.135135135135135,False
24196,185,-2,Treated,4.972972972972973,False
24196,186,-1,Treated,5.837837837837838,False
24196,187,0,Treated,7.243243243243243,True
24196,188,1,Treated,4.783783783783784,True
24196,189,2,Treated,6.135135135135135,True
24196,190,3,Treated,6.972972972972973,True
24196,191,4,Treated,8.81081081081081,True
24196,192,5,Treated,6.5675675675675675,True
24196,193,6,Treated,7.4324324324324325,True
24196,194,7,Treated,6.783783783783784,True
24196,195,8,Treated,6.45945945945946,True
24196,196,9,Treated,8.486486486486486,True
24196,197,10,Treated,8.64864864864865,True
24196,198,11,Treated,7.27027027027027,True
24196,199,12,Treated,6.864864864864865,True
24196,200,13,Treated,5.135135135135135,True
24251,196,-8,Matched Control,4.962054507337526,False
24251,197,-7,Matched Control,4.718448637316562,False
24251,198,-6,Matched Control,4.0274633123689725,False
24251,199,-5,Matched Control,4.061844863731656,False
24251,200,-4,Matched Control,3.5591194968553457,False
24251,201,-3,Matched Control,3.5199161425576517,False
24251,202,-2,Matched Control,3.581551362683438,False
24251,203,-1,Matched Control,3.4545073375262056,False
24251,204,0,Matched Control,3.6587002096436056,True
24251,205,1,Matched Control,3.6549266247379455,True
24251,206,2,Matched Control,3.8545073375262056,True
24251,207,3,Matched Control,3.291614255765199,True
24251,208,4,Matched Control,2.5823899371069183,True
24251,209,5,Matched Control,2.186792452830189,True
24251,210,6,Matched Control,1.7876310272536686,True
24251,211,7,Matched Control,0.04067085953878406,True
24251,212,8,Matched Control,1.8939203354297693,True
24251,196,-8,Treated,7.773584905660377,False
24251,197,-7,Treated,7.584905660377358,False
24251,198,-6,Treated,7.660377358490566,False
24251,199,-5,Treated,6.39622641509434,False
24251,200,-4,Treated,3.9056603773584904,False
24251,201,-3,Treated,4.6415094339622645,False
24251,202,-2,Treated,4.6415094339622645,False
24251,203,-1,Treated,5.528301886792453,False
24251,204,0,Treated,6.7924528301886795,True
24251,205,1,Treated,6.849056603773585,True
24251,206,2,Treated,6.226415094339623,True
24251,207,3,Treated,6.39622641509434,True
24251,208,4,Treated,8.226415094339623,True
24251,209,5,Treated,8.60377358490566,True
24251,210,6,Treated,6.6415094339622645,True
24251,211,7,Treated,7.09433962264151,True
24251,212,8,Treated,5.3584905660377355,True
24465,268,-8,Matched Control,3.2385281385281384,False
24465,269,-7,Matched Control,3.203216690716691,False
24465,270,-6,Matched Control,3.3096320346320347,False
24465,271,-5,Matched Control,3.6461940836940836,False
24465,272,-4,Matched Control,3.8944203944203943,False
24465,273,-3,Matched Control,3.7833814333814333,False
24465,274,-2,Matched Control,3.8088023088023086,False
24465,275,-1,Matched Control,5.8509319384319385,False
24465,276,0,Matched Control,4.6121753246753245,True
24465,277,1,Matched Control,3.3790824915824915,True
24465,278,2,Matched Control,2.9439814814814813,True
24465,279,3,Matched Control,3.506499518999519,True
24465,280,4,Matched Control,4.636231361231362,True
24465,281,5,Matched Control,3.398659211159211,True
24465,282,6,Matched Control,2.9439814814814813,True
24465,283,7,Matched Control,3.506499518999519,True
24465,268,-8,Treated,5.409090909090909,False
24465,269,-7,Treated,5.46969696969697,False
24465,270,-6,Treated,5.136363636363637,False
24465,271,-5,Treated,6.454545454545454,False
24465,272,-4,Treated,6.136363636363637,False
24465,273,-3,Treated,6.545454545454546,False
24465,274,-2,Treated,7.2272727272727275,False
24465,275,-1,Treated,7.590909090909091,False
24465,276,0,Treated,11.818181818181818,True
24465,277,1,Treated,12.56060606060606,True
24465,278,2,Treated,11.969696969696969,True
24465,279,3,Treated,12.575757575757576,True
24465,280,4,Treated,11.818181818181818,True
24465,281,5,Treated,12.56060606060606,True
24465,282,6,Treated,11.969696969696969,True
24465,283,7,Treated,12.575757575757576,True
24583,313,-8,Matched Control,17.14585953878407,False
24583,314,-7,Matched Control,18.002253668763103,False
24583,315,-6,Matched Control,16.660796645702305,False
24583,316,-5,Matched Control,17.33422431865828,False
24583,317,-4,Matched Control,16.45251572327044,False
24583,318,-3,Matched Control,31.602672955974842,False
24583,319,-2,Matched Control,25.366194968553458,False
24583,320,-1,Matched Control,18.003301886792453,False
24583,321,0,Matched Control,13.331970649895178,True
24583,322,1,Matched Control,12.485691823899371,True
24583,323,2,Matched Control,14.931603773584905,True
24583,324,3,Matched Control,10.876677148846959,True
24583,325,4,Matched Control,12.119916142557651,True
24583,326,5,Matched Control,10.87038784067086,True
24583,327,6,Matched Control,11.732127882599581,True
24583,328,7,Matched Control,10.983700209643604,True
24583,313,-8,Treated,10.90566037735849,False
24583,314,-7,Treated,12.132075471698114,False
24583,315,-6,Treated,10.754716981132075,False
24583,316,-5,Treated,11.584905660377359,False
24583,317,-4,Treated,15.622641509433961,False
24583,318,-3,Treated,29.566037735849058,False
24583,319,-2,Treated,17.132075471698112,False
24583,320,-1,Treated,10.339622641509434,False
24583,321,0,Treated,41.320754716981135,True
24583,322,1,Treated,11.584905660377359,True
24583,323,2,Treated,19.11320754716981,True
24583,324,3,Treated,14.88679245283019,True
24583,325,4,Treated,21.81132075471698,True
24583,326,5,Treated,22.754716981132077,True
24583,327,6,Treated,26.962264150943398,True
24583,328,7,Treated,13.735849056603774,True
25156,43,-8,Matched Control,5.567199715707178,False
25156,44,-7,Matched Control,4.416762866762867,False
25156,45,-6,Matched Control,4.173502886002885,False
25156,46,-5,Matched Control,3.0546502976190477,False
25156,47,-4,Matched Control,5.048425296044344,False
25156,48,-3,Matched Control,1.9748196248196248,False
25156,49,-2,Matched Control,1.962912087912088,False
25156,50,-1,Matched Control,2.3810690943043884,False
25156,51,0,Matched Control,2.7123074229691877,True
25156,52,1,Matched Control,1.5925361811391223,True
25156,53,2,Matched Control,1.420687441643324,True
25156,54,3,Matched Control,1.2179096638655462,True
25156,55,4,Matched Control,1.2021591970121381,True
25156,56,5,Matched Control,1.3439600840336134,True
25156,57,6,Matched Control,1.6303688141923436,True
25156,58,7,Matched Control,1.5327847805788983,True
25156,59,8,Matched Control,1.8594304388422036,True
25156,43,-8,Treated,7.044776119402985,False
25156,44,-7,Treated,3.0303030303030303,False
25156,45,-6,Treated,7.393939393939394,False
25156,46,-5,Treated,2.828125,False
25156,47,-4,Treated,17.11111111111111,False
25156,48,-3,Treated,3.0303030303030303,False
25156,49,-2,Treated,3.3846153846153846,False
25156,50,-1,Treated,3.073529411764706,False
25156,51,0,Treated,7.426470588235294,True
25156,52,1,Treated,9.720588235294118,True
25156,53,2,Treated,10.897058823529411,True
25156,54,3,Treated,15.970588235294118,True
25156,55,4,Treated,11.661764705882353,True
25156,56,5,Treated,11.5,True
25156,57,6,Treated,11.279411764705882,True
25156,58,7,Treated,13.191176470588236,True
25156,59,8,Treated,18.029411764705884,True
25576,102,-8,Matched Control,3.7182291666666667,False
25576,103,-7,Matched Control,3.793866459627329,False
25576,104,-6,Matched Control,2.9208994708994713,False
25576,105,-5,Matched Control,3.3532674772036475,False
25576,106,-4,Matched Control,4.734067882472138,False
25576,107,-3,Matched Control,5.135094246031746,False
25576,108,-2,Matched Control,2.444021164021164,False
25576,109,-1,Matched Control,4.288677811550152,False
25576,110,0,Matched Control,2.3875992063492064,True
25576,111,1,Matched Control,2.239955357142857,True
25576,112,2,Matched Control,1.7847718253968254,True
25576,113,3,Matched Control,4.241121031746032,True
25576,114,4,Matched Control,2.11312003968254,True
25576,115,5,Matched Control,2.486780753968254,True
25576,116,6,Matched Control,2.480729166666667,True
25576,117,7,Matched Control,1.8633680555555554,True
25576,118,8,Matched Control,1.793576388888889,True
25576,119,9,Matched Control,1.8345486111111111,True
25576,102,-8,Treated,6.208333333333333,False
25576,103,-7,Treated,30.08695652173913,False
25576,104,-6,Treated,7.666666666666667,False
25576,105,-5,Treated,42.40425531914894,False
25576,106,-4,Treated,9.148936170212766,False
25576,107,-3,Treated,20.875,False
25576,108,-2,Treated,16.266666666666666,False
25576,109,-1,Treated,20.5531914893617,False
25576,110,0,Treated,16.833333333333332,True
25576,111,1,Treated,20.9375,True
25576,112,2,Treated,13.354166666666666,True
25576,113,3,Treated,25.166666666666668,True
25576,114,4,Treated,14.791666666666666,True
25576,115,5,Treated,32.604166666666664,True
25576,116,6,Treated,10.9375,True
25576,117,7,Treated,11.979166666666666,True
25576,118,8,Treated,17.979166666666668,True
25576,119,9,Treated,29.895833333333332,True
25756,368,-8,Matched Control,17.475641025641025,False
25756,369,-7,Matched Control,16.39873417721519,False
25756,370,-6,Matched Control,18.30632911392405,False
25756,371,-5,Matched Control,23.798734177215188,False
25756,372,-4,Matched Control,16.270886075949367,False
25756,373,-3,Matched Control,16.270886075949367,False
25756,374,-2,Matched Control,14.953164556962024,False
25756,375,-1,Matched Control,12.020253164556962,False
25756,376,0,Matched Control,12.805063291139241,True
25756,377,1,Matched Control,16.29746835443038,True
25756,378,2,Matched Control,11.248101265822784,True
25756,379,3,Matched Control,12.60253164556962,True
25756,380,4,Matched Control,12.887341772151899,True
25756,381,5,Matched Control,12.560759493670885,True
25756,382,6,Matched Control,11.186075949367089,True
25756,383,7,Matched Control,11.288607594936709,True
25756,384,8,Matched Control,11.429113924050633,True
25756,385,9,Matched Control,11.712658227848102,True
25756,386,10,Matched Control,11.468354430379748,True
25756,368,-8,Treated,23.076923076923077,False
25756,369,-7,Treated,11.189873417721518,False
25756,370,-6,Treated,28.050632911392405,False
25756,371,-5,Treated,12.683544303797468,False
25756,372,-4,Treated,18.59493670886076,False
25756,373,-3,Treated,18.59493670886076,False
25756,374,-2,Treated,20.9873417721519,False
25756,375,-1,Treated,8.455696202531646,False
25756,376,0,Treated,22.658227848101266,True
25756,377,1,Treated,24.303797468354432,True
25756,378,2,Treated,22.151898734177216,True
25756,379,3,Treated,30.72151898734177,True
25756,380,4,Treated,39.10126582278481,True
25756,381,5,Treated,51.44303797468354,True
25756,382,6,Treated,26.518987341772153,True
25756,383,7,Treated,32.21518987341772,True
25756,384,8,Treated,14.974683544303797,True
25756,385,9,Treated,38.936708860759495,True
25756,386,10,Treated,11.746835443037975,True
26080,268,-8,Matched Control,4.252408897831433,False
26080,269,-7,Matched Control,4.299066621953946,False
26080,270,-6,Matched Control,4.596333556896937,False
26080,271,-5,Matched Control,4.54434942991281,False
26080,272,-4,Matched Control,4.721439749608764,False
26080,273,-3,Matched Control,4.759993293091885,False
26080,274,-2,Matched Control,4.598770400178851,False
26080,275,-1,Matched Control,6.95819360608093,False
26080,276,0,Matched Control,5.826715850659513,True
26080,277,1,Matched Control,4.492901855577912,True
26080,278,2,Matched Control,3.9986362620165434,True
26080,279,3,Matched Control,4.628677621283255,True
26080,280,4,Matched Control,5.861910350994858,True
26080,281,5,Matched Control,4.523669796557121,True
26080,282,6,Matched Control,3.9986362620165434,True
26080,268,-8,Treated,5.859154929577465,False
26080,269,-7,Treated,6.112676056338028,False
26080,270,-6,Treated,9.084507042253522,False
26080,271,-5,Treated,5.591549295774648,False
26080,272,-4,Treated,5.887323943661972,False
26080,273,-3,Treated,6.830985915492958,False
26080,274,-2,Treated,7.605633802816901,False
26080,275,-1,Treated,8.0,False
26080,276,0,Treated,8.464788732394366,True
26080,277,1,Treated,83.73239436619718,True
26080,278,2,Treated,9.943661971830986,True
26080,279,3,Treated,7.126760563380282,True
26080,280,4,Treated,8.464788732394366,True
26080,281,5,Treated,83.73239436619718,True
26080,282,6,Treated,9.943661971830986,True
26183,33,-8,Matched Control,5.459147869674186,False
26183,34,-7,Matched Control,5.152108843537415,False
26183,35,-6,Matched Control,5.229613095238095,False
26183,36,-5,Matched Control,4.088571428571428,False
26183,37,-4,Matched Control,5.45015873015873,False
26183,38,-3,Matched Control,4.871286848072562,False
26183,39,-2,Matched Control,5.592081949058693,False
26183,40,-1,Matched Control,6.806774376417233,False
26183,41,0,Matched Control,6.244047619047619,True
26183,42,1,Matched Control,5.799947089947089,True
26183,43,2,Matched Control,5.095238095238095,True
26183,44,3,Matched Control,4.631693121693122,True
26183,45,4,Matched Control,4.936164021164021,True
26183,46,5,Matched Control,4.962539682539683,True
26183,47,6,Matched Control,4.77468253968254,True
26183,48,7,Matched Control,4.748756613756614,True
26183,49,8,Matched Control,4.799232804232804,True
26183,50,9,Matched Control,5.056084656084656,True
26183,51,10,Matched Control,4.298412698412698,True
26183,52,11,Matched Control,4.176613756613756,True
26183,53,12,Matched Control,4.221772486772487,True
26183,33,-8,Treated,7.2631578947368425,False
26183,34,-7,Treated,5.8,False
26183,35,-6,Treated,6.0625,False
26183,36,-5,Treated,6.8,False
26183,37,-4,Treated,7.2444444444444445,False
26183,38,-3,Treated,6.404761904761905,False
26183,39,-2,Treated,5.953488372093023,False
26183,40,-1,Treated,6.119047619047619,False
26183,41,0,Treated,6.888888888888889,True
26183,42,1,Treated,9.044444444444444,True
26183,43,2,Treated,8.044444444444444,True
26183,44,3,Treated,5.733333333333333,True
26183,45,4,Treated,6.0,True
26183,46,5,Treated,7.088888888888889,True
26183,47,6,Treated,5.888888888888889,True
26183,48,7,Treated,4.555555555555555,True
26183,49,8,Treated,5.466666666666667,True
26183,50,9,Treated,7.0,True
26183,51,10,Treated,8.177777777777777,True
26183,52,11,Treated,6.733333333333333,True
26183,53,12,Treated,6.511111111111111,True
26217,53,-8,Matched Control,3.296753246753247,False
26217,54,-7,Matched Control,2.710034013605442,False
26217,55,-6,Matched Control,2.673051948051948,False
26217,56,-5,Matched Control,2.1632034632034634,False
26217,57,-4,Matched Control,1.284438775510204,False
26217,58,-3,Matched Control,0.9926658163265306,False
26217,59,-2,Matched Control,1.9334608843537413,False
26217,60,-1,Matched Control,0.8979437229437229,False
26217,61,0,Matched Control,0.709795321637427,True
26217,62,1,Matched Control,0.9113408521303258,True
26217,63,2,Matched Control,0.5974310776942356,True
26217,64,3,Matched Control,0.5908521303258145,True
26217,65,4,Matched Control,5.94047619047619,True
26217,66,5,Matched Control,0.6314745196324144,True
26217,67,6,Matched Control,0.5277777777777778,True
26217,68,7,Matched Control,0.5652673350041771,True
26217,69,8,Matched Control,0.6043233082706767,True
26217,53,-8,Treated,5.672727272727273,False
26217,54,-7,Treated,6.357142857142857,False
26217,55,-6,Treated,6.3090909090909095,False
26217,56,-5,Treated,5.9818181818181815,False
26217,57,-4,Treated,4.964285714285714,False
26217,58,-3,Treated,3.767857142857143,False
26217,59,-2,Treated,4.446428571428571,False
26217,60,-1,Treated,5.763636363636364,False
26217,61,0,Treated,6.421052631578948,True
26217,62,1,Treated,11.210526315789474,True
26217,63,2,Treated,6.43859649122807,True
26217,64,3,Treated,7.0,True
26217,65,4,Treated,6.526315789473684,True
26217,66,5,Treated,8.614035087719298,True
26217,67,6,Treated,10.263157894736842,True
26217,68,7,Treated,7.2105263157894735,True
26217,69,8,Treated,5.2105263157894735,True
26259,103,-8,Matched Control,3.5863205467372135,False
26259,104,-7,Matched Control,3.7747959183673467,False
26259,105,-6,Matched Control,4.758848133848134,False
26259,106,-5,Matched Control,6.269047619047619,False
26259,107,-4,Matched Control,4.044726399331663,False
26259,108,-3,Matched Control,5.981337868480726,False
26259,109,-2,Matched Control,3.6888245388245386,False
26259,110,-1,Matched Control,3.884471595655806,False
26259,111,0,Matched Control,3.5225981620718465,True
26259,112,1,Matched Control,5.234335839598997,True
26259,113,2,Matched Control,4.090977443609023,True
26259,114,3,Matched Control,3.8846908939014204,True
26259,115,4,Matched Control,4.8235797827903095,True
26259,116,5,Matched Control,18.510056390977443,True
26259,117,6,Matched Control,3.6742481203007515,True
26259,118,7,Matched Control,3.5084168755221388,True
26259,119,8,Matched Control,4.248652882205514,True
26259,120,9,Matched Control,3.8995509607351715,True
26259,121,10,Matched Control,3.7044903926482875,True
26259,103,-8,Treated,5.222222222222222,False
26259,104,-7,Treated,4.428571428571429,False
26259,105,-6,Treated,4.378378378378378,False
26259,106,-5,Treated,4.315789473684211,False
26259,107,-4,Treated,4.684210526315789,False
26259,108,-3,Treated,3.857142857142857,False
26259,109,-2,Treated,4.972972972972973,False
26259,110,-1,Treated,5.842105263157895,False
26259,111,0,Treated,5.5,True
26259,112,1,Treated,4.605263157894737,True
26259,113,2,Treated,5.842105263157895,True
26259,114,3,Treated,5.5,True
26259,115,4,Treated,6.842105263157895,True
26259,116,5,Treated,4.7631578947368425,True
26259,117,6,Treated,6.184210526315789,True
26259,118,7,Treated,6.394736842105263,True
26259,119,8,Treated,8.68421052631579,True
26259,120,9,Treated,8.710526315789474,True
26259,121,10,Treated,6.026315789473684,True
26406,212,-8,Matched Control,3.4164141414141413,False
26406,213,-7,Matched Control,3.545707070707071,False
26406,214,-6,Matched Control,3.2044191919191922,False
26406,215,-5,Matched Control,3.3446548821548823,False
26406,216,-4,Matched Control,3.3719155844155844,False
26406,217,-3,Matched Control,3.4243746993746993,False
26406,218,-2,Matched Control,3.632034632034632,False
26406,220,0,Matched Control,3.6151996151996153,True
26406,221,1,Matched Control,3.6666606541606543,True
26406,222,2,Matched Control,3.6637566137566138,True
26406,223,3,Matched Control,3.489472101972102,True
26406,224,4,Matched Control,3.1231421356421354,True
26406,225,5,Matched Control,3.2649350649350652,True
26406,226,6,Matched Control,3.400228475228475,True
26406,227,7,Matched Control,3.274621212121212,True
26406,228,8,Matched Control,3.7903198653198653,True
26406,229,9,Matched Control,3.334000721500722,True
26406,212,-8,Treated,4.196969696969697,False
26406,213,-7,Treated,5.106060606060606,False
26406,214,-6,Treated,5.090909090909091,False
26406,215,-5,Treated,5.242424242424242,False
26406,216,-4,Treated,4.909090909090909,False
26406,217,-3,Treated,3.9545454545454546,False
26406,218,-2,Treated,4.196969696969697,False
26406,220,0,Treated,6.212121212121212,True
26406,221,1,Treated,6.757575757575758,True
26406,222,2,Treated,6.424242424242424,True
26406,223,3,Treated,7.742424242424242,True
26406,224,4,Treated,7.03030303030303,True
26406,225,5,Treated,6.515151515151516,True
26406,226,6,Treated,5.924242424242424,True
26406,227,7,Treated,5.5,True
26406,228,8,Treated,6.893939393939394,True
26406,229,9,Treated,5.015151515151516,True
26614,53,-8,Matched Control,3.2647879464285716,False
26614,54,-7,Matched Control,2.6496336996336995,False
26614,55,-6,Matched Control,2.6674107142857144,False
26614,56,-5,Matched Control,2.1703869047619047,False
26614,57,-4,Matched Control,1.3181318681318681,False
26614,58,-3,Matched Control,1.042032967032967,False
26614,59,-2,Matched Control,1.898168498168498,False
26614,60,-1,Matched Control,0.9055989583333333,False
26614,61,0,Matched Control,0.7366522366522367,True
26614,62,1,Matched Control,0.9767316017316017,True
26614,63,2,Matched Control,0.6252705627705628,True
26614,64,3,Matched Control,0.5873917748917749,True
26614,65,4,Matched Control,5.579274891774891,True
26614,66,5,Matched Control,0.6917388167388168,True
26614,67,6,Matched Control,0.5469877344877344,True
26614,68,7,Matched Control,0.591540404040404,True
26614,69,8,Matched Control,0.6006493506493505,True
26614,53,-8,Treated,8.140625,False
26614,54,-7,Treated,7.569230769230769,False
26614,55,-6,Treated,7.046875,False
26614,56,-5,Treated,6.765625,False
26614,57,-4,Treated,4.153846153846154,False
26614,58,-3,Treated,5.107692307692307,False
26614,59,-2,Treated,5.292307692307692,False
26614,60,-1,Treated,6.765625,False
26614,61,0,Treated,8.121212121212121,True
26614,62,1,Treated,11.696969696969697,True
26614,63,2,Treated,7.242424242424242,True
26614,64,3,Treated,8.151515151515152,True
26614,65,4,Treated,7.833333333333333,True
26614,66,5,Treated,9.590909090909092,True
26614,67,6,Treated,12.0,True
26614,68,7,Treated,9.090909090909092,True
26614,69,8,Treated,7.0606060606060606,True
26692,194,-8,Matched Control,3.9551120448179273,False
26692,195,-7,Matched Control,3.2151960784313722,False
26692,196,-6,Matched Control,4.254044117647059,False
26692,197,-5,Matched Control,3.756004901960784,False
26692,198,-4,Matched Control,3.4786764705882356,False
26692,199,-3,Matched Control,3.7421743697478993,False
26692,200,-2,Matched Control,3.3432948179271706,False
26692,201,-1,Matched Control,3.570518207282913,False
26692,202,0,Matched Control,3.8158555088702144,True
26692,203,1,Matched Control,3.710049019607843,True
26692,204,2,Matched Control,3.693160597572362,True
26692,205,3,Matched Control,3.5045985060690943,True
26692,206,4,Matched Control,3.9179621848739496,True
26692,207,5,Matched Control,3.3749824929971988,True
26692,208,6,Matched Control,2.353168767507003,True
26692,194,-8,Treated,8.897058823529411,False
26692,195,-7,Treated,7.455882352941177,False
26692,196,-6,Treated,8.720588235294118,False
26692,197,-5,Treated,8.367647058823529,False
26692,198,-4,Treated,8.088235294117647,False
26692,199,-3,Treated,8.632352941176471,False
26692,200,-2,Treated,8.470588235294118,False
26692,201,-1,Treated,9.235294117647058,False
26692,202,0,Treated,11.808823529411764,True
26692,203,1,Treated,10.161764705882353,True
26692,204,2,Treated,8.75,True
26692,205,3,Treated,9.602941176470589,True
26692,206,4,Treated,9.367647058823529,True
26692,207,5,Treated,8.955882352941176,True
26692,208,6,Treated,7.1911764705882355,True
26713,212,-8,Matched Control,5.101564945226917,False
26713,213,-7,Matched Control,5.342762128325509,False
26713,214,-6,Matched Control,4.764749608763693,False
26713,215,-5,Matched Control,4.9797339593114245,False
26713,216,-4,Matched Control,5.168572546389448,False
26713,217,-3,Matched Control,5.305644980997093,False
26713,218,-2,Matched Control,5.580052537446903,False
26713,220,0,Matched Control,5.768706684551755,True
26713,221,1,Matched Control,5.620824949698189,True
26713,222,2,Matched Control,5.677671585065951,True
26713,223,3,Matched Control,5.8004638944779785,True
26713,224,4,Matched Control,5.038581488933602,True
26713,225,5,Matched Control,5.270098367985692,True
26713,226,6,Matched Control,4.971327967806841,True
26713,227,7,Matched Control,4.959266711379388,True
26713,228,8,Matched Control,5.556729264475743,True
26713,229,9,Matched Control,5.049016320143081,True
26713,212,-8,Treated,6.028169014084507,False
26713,213,-7,Treated,8.450704225352112,False
26713,214,-6,Treated,8.380281690140846,False
26713,215,-5,Treated,8.309859154929578,False
26713,216,-4,Treated,8.098591549295774,False
26713,217,-3,Treated,7.225352112676056,False
26713,218,-2,Treated,6.957746478873239,False
26713,220,0,Treated,7.690140845070423,True
26713,221,1,Treated,9.014084507042254,True
26713,222,2,Treated,8.943661971830986,True
26713,223,3,Treated,11.43661971830986,True
26713,224,4,Treated,10.507042253521126,True
26713,225,5,Treated,7.295774647887324,True
26713,226,6,Treated,7.915492957746479,True
26713,227,7,Treated,7.338028169014085,True
26713,228,8,Treated,8.140845070422536,True
26713,229,9,Treated,7.267605633802817,True
27988,100,-8,Matched Control,0.29153439153439153,False
27988,101,-7,Matched Control,0.5384126984126983,False
27988,102,-6,Matched Control,0.2791005291005291,False
27988,103,-5,Matched Control,0.29213732004429677,False
27988,104,-4,Matched Control,0.22074829931972792,False
27988,105,-3,Matched Control,0.21163419913419912,False
27988,106,-2,Matched Control,0.10865800865800866,False
27988,107,-1,Matched Control,0.09407407407407407,False
27988,108,0,Matched Control,0.11867724867724867,True
27988,109,1,Matched Control,0.08455026455026454,True
27988,110,2,Matched Control,0.15185185185185188,True
27988,111,3,Matched Control,0.17592592592592593,True
27988,112,4,Matched Control,0.1361904761904762,True
27988,113,5,Matched Control,0.13999999999999999,True
27988,114,6,Matched Control,0.11835978835978836,True
27988,115,7,Matched Control,0.1496825396825397,True
27988,116,8,Matched Control,0.07349206349206348,True
27988,117,9,Matched Control,0.1715873015873016,True
27988,118,10,Matched Control,0.14947089947089948,True
27988,119,11,Matched Control,0.1952380952380952,True
27988,100,-8,Treated,14.133333333333333,False
27988,101,-7,Treated,136.9777777777778,False
27988,102,-6,Treated,13.88888888888889,False
27988,103,-5,Treated,66.34883720930233,False
27988,104,-4,Treated,14.285714285714286,False
27988,105,-3,Treated,105.27272727272727,False
27988,106,-2,Treated,21.34090909090909,False
27988,107,-1,Treated,89.13333333333334,False
27988,108,0,Treated,37.84444444444444,True
27988,109,1,Treated,49.68888888888889,True
27988,110,2,Treated,32.577777777777776,True
27988,111,3,Treated,38.55555555555556,True
27988,112,4,Treated,26.466666666666665,True
27988,113,5,Treated,55.888888888888886,True
27988,114,6,Treated,28.466666666666665,True
27988,115,7,Treated,72.26666666666667,True
27988,116,8,Treated,27.977777777777778,True
27988,117,9,Treated,28.68888888888889,True
27988,118,10,Treated,35.422222222222224,True
27988,119,11,Treated,81.82222222222222,True
28154,368,-8,Matched Control,24.604011154011154,False
28154,369,-7,Matched Control,23.728798941798942,False
28154,370,-6,Matched Control,27.044772486772487,False
28154,371,-5,Matched Control,21.028693121693124,False
28154,372,-4,Matched Control,22.108428571428572,False
28154,373,-3,Matched Control,23.379756613756616,False
28154,374,-2,Matched Control,22.114994708994708,False
28154,375,-1,Matched Control,19.8004708994709,False
28154,376,0,Matched Control,21.264439153439152,True
28154,377,1,Matched Control,22.793904761904763,True
28154,378,2,Matched Control,17.44758201058201,True
28154,379,3,Matched Control,20.398185185185184,True
28154,380,4,Matched Control,20.11083068783069,True
28154,381,5,Matched Control,17.929142857142857,True
28154,382,6,Matched Control,18.631031746031745,True
28154,383,7,Matched Control,16.65310582010582,True
28154,384,8,Matched Control,17.26457671957672,True
28154,385,9,Matched Control,16.236661375661377,True
28154,386,10,Matched Control,17.045645502645502,True
28154,368,-8,Treated,48.891891891891895,False
28154,369,-7,Treated,22.533333333333335,False
28154,370,-6,Treated,57.49333333333333,False
28154,371,-5,Treated,21.14666666666667,False
28154,372,-4,Treated,33.2,False
28154,373,-3,Treated,33.2,False
28154,374,-2,Treated,40.13333333333333,False
28154,375,-1,Treated,16.426666666666666,False
28154,376,0,Treated,44.50666666666667,True
28154,377,1,Treated,52.70666666666666,True
28154,378,2,Treated,38.653333333333336,True
28154,379,3,Treated,62.42666666666667,True
28154,380,4,Treated,81.76,True
28154,381,5,Treated,108.53333333333333,True
28154,382,6,Treated,59.93333333333333,True
28154,383,7,Treated,63.56,True
28154,384,8,Treated,26.4,True
28154,385,9,Treated,72.6,True
28154,386,10,Treated,22.213333333333335,True
28466,42,-8,Matched Control,5.456279919375158,False
28466,43,-7,Matched Control,5.6835007440476195,False
28466,44,-6,Matched Control,6.97555183531746,False
28466,45,-5,Matched Control,5.106956845238095,False
28466,46,-4,Matched Control,4.806797235023042,False
28466,47,-3,Matched Control,9.551945094977883,False
28466,48,-2,Matched Control,2.9370101686507937,False
28466,49,-1,Matched Control,3.4895801331285203,False
28466,50,0,Matched Control,4.196233211233211,True
28466,51,1,Matched Control,4.328705738705739,True
28466,52,2,Matched Control,3.4323931623931623,True
28466,53,3,Matched Control,2.79462148962149,True
28466,54,4,Matched Control,2.5705433455433457,True
28466,55,5,Matched Control,2.9687545787545786,True
28466,56,6,Matched Control,3.0295604395604396,True
28466,42,-8,Treated,14.317460317460318,False
28466,43,-7,Treated,15.015625,False
28466,44,-6,Treated,12.171875,False
28466,45,-5,Treated,12.734375,False
28466,46,-4,Treated,11.838709677419354,False
28466,47,-3,Treated,11.655737704918034,False
28466,48,-2,Treated,8.09375,False
28466,49,-1,Treated,10.919354838709678,False
28466,50,0,Treated,18.16923076923077,True
28466,51,1,Treated,17.29230769230769,True
28466,52,2,Treated,15.323076923076924,True
28466,53,3,Treated,14.276923076923078,True
28466,54,4,Treated,14.384615384615385,True
28466,55,5,Treated,14.692307692307692,True
28466,56,6,Treated,12.138461538461538,True
28480,53,-8,Matched Control,3.110185185185185,False
28480,54,-7,Matched Control,7.333221726190477,False
28480,55,-6,Matched Control,3.7222789115646258,False
28480,56,-5,Matched Control,4.027815570672713,False
28480,57,-4,Matched Control,4.900744047619048,False
28480,58,-3,Matched Control,3.1241629464285716,False
28480,59,-2,Matched Control,3.0122209821428574,False
28480,60,-1,Matched Control,3.319501133786848,False
28480,61,0,Matched Control,3.78974358974359,True
28480,62,1,Matched Control,4.720952380952381,True
28480,63,2,Matched Control,3.114102564102564,True
28480,64,3,Matched Control,0.5515384615384615,True
28480,65,4,Matched Control,0.42957875457875455,True
28480,66,5,Matched Control,0.48721611721611724,True
28480,67,6,Matched Control,0.6728754578754579,True
28480,68,7,Matched Control,0.5297435897435898,True
28480,69,8,Matched Control,0.5076007326007326,True
28480,53,-8,Treated,13.507936507936508,False
28480,54,-7,Treated,14.125,False
28480,55,-6,Treated,13.285714285714286,False
28480,56,-5,Treated,10.984126984126984,False
28480,57,-4,Treated,6.859375,False
28480,58,-3,Treated,6.859375,False
28480,59,-2,Treated,7.421875,False
28480,60,-1,Treated,11.206349206349206,False
28480,61,0,Treated,14.615384615384615,True
28480,62,1,Treated,22.8,True
28480,63,2,Treated,12.184615384615384,True
28480,64,3,Treated,15.723076923076922,True
28480,65,4,Treated,16.907692307692308,True
28480,66,5,Treated,17.953846153846154,True
28480,67,6,Treated,24.984615384615385,True
28480,68,7,Treated,18.73846153846154,True
28480,69,8,Treated,11.953846153846154,True
28526,105,-8,Matched Control,6.409102564102564,False
28526,106,-7,Matched Control,5.372438672438673,False
28526,107,-6,Matched Control,4.879671717171718,False
28526,108,-5,Matched Control,5.490003779289494,False
28526,109,-4,Matched Control,4.854230769230769,False
28526,110,-3,Matched Control,4.5316919191919185,False
28526,111,-2,Matched Control,4.374494949494949,False
28526,112,-1,Matched Control,4.659451659451659,False
28526,113,0,Matched Control,5.311020923520924,True
28526,114,1,Matched Control,5.01017316017316,True
28526,115,2,Matched Control,5.845472582972583,True
28526,116,3,Matched Control,3.5694805194805195,True
28526,117,4,Matched Control,4.4451479076479075,True
28526,118,5,Matched Control,4.430970418470419,True
28526,119,6,Matched Control,5.06497113997114,True
28526,120,7,Matched Control,5.190097402597402,True
28526,121,8,Matched Control,4.796933621933622,True
28526,105,-8,Treated,14.107692307692307,False
28526,106,-7,Treated,13.636363636363637,False
28526,107,-6,Treated,13.242424242424242,False
28526,108,-5,Treated,16.555555555555557,False
28526,109,-4,Treated,12.738461538461538,False
28526,110,-3,Treated,14.075757575757576,False
28526,111,-2,Treated,13.515151515151516,False
28526,112,-1,Treated,12.666666666666666,False
28526,113,0,Treated,15.242424242424242,True
28526,114,1,Treated,13.393939393939394,True
28526,115,2,Treated,24.742424242424242,True
28526,116,3,Treated,16.075757575757574,True
28526,117,4,Treated,18.924242424242426,True
28526,118,5,Treated,22.515151515151516,True
28526,119,6,Treated,34.84848484848485,True
28526,120,7,Treated,28.151515151515152,True
28526,121,8,Treated,16.151515151515152,True
28565,168,-8,Matched Control,3.004248366013072,False
28565,169,-7,Matched Control,3.954563492063492,False
28565,170,-6,Matched Control,4.625396825396826,False
28565,171,-5,Matched Control,7.23531746031746,False
28565,172,-4,Matched Control,4.834430438842204,False
28565,173,-3,Matched Control,4.56390056022409,False
28565,174,-2,Matched Control,3.8133403361344542,False
28565,175,-1,Matched Control,4.532539682539682,False
28565,176,0,Matched Control,5.312068160597572,True
28565,177,1,Matched Control,5.70546218487395,True
28565,178,2,Matched Control,5.752217553688142,True
28565,179,3,Matched Control,4.998879551820728,True
28565,180,4,Matched Control,4.529878618113912,True
28565,181,5,Matched Control,5.538865546218488,True
28565,182,6,Matched Control,5.158029878618114,True
28565,183,7,Matched Control,4.567168534080299,True
28565,184,8,Matched Control,4.2066993464052285,True
28565,185,9,Matched Control,4.609477124183007,True
28565,186,10,Matched Control,7.226132119514473,True
28565,187,11,Matched Control,7.695436507936508,True
28565,188,12,Matched Control,7.8068977591036415,True
28565,168,-8,Treated,9.294117647058824,False
28565,169,-7,Treated,13.323529411764707,False
28565,170,-6,Treated,22.11764705882353,False
28565,171,-5,Treated,28.235294117647058,False
28565,172,-4,Treated,21.705882352941178,False
28565,173,-3,Treated,19.5,False
28565,174,-2,Treated,11.382352941176471,False
28565,175,-1,Treated,8.147058823529411,False
28565,176,0,Treated,7.470588235294118,True
28565,177,1,Treated,21.176470588235293,True
28565,178,2,Treated,13.941176470588236,True
28565,179,3,Treated,20.08823529411765,True
28565,180,4,Treated,14.235294117647058,True
28565,181,5,Treated,13.617647058823529,True
28565,182,6,Treated,13.147058823529411,True
28565,183,7,Treated,14.352941176470589,True
28565,184,8,Treated,11.705882352941176,True
28565,185,9,Treated,10.941176470588236,True
28565,186,10,Treated,12.147058823529411,True
28565,187,11,Treated,12.176470588235293,True
28565,188,12,Treated,7.676470588235294,True
28602,202,-8,Matched Control,7.97018779342723,False
28602,203,-7,Matched Control,6.380438184663537,False
28602,204,-6,Matched Control,5.166901408450705,False
28602,205,-5,Matched Control,6.689593114241002,False
28602,206,-4,Matched Control,6.788732394366197,False
28602,207,-3,Matched Control,6.464084507042253,False
28602,208,-2,Matched Control,6.965610328638498,False
28602,209,-1,Matched Control,7.327386541471048,False
28602,210,0,Matched Control,5.702230046948357,True
28602,211,1,Matched Control,4.4145931142410015,True
28602,212,2,Matched Control,5.528169014084507,True
28602,213,3,Matched Control,5.320461658841941,True
28602,214,4,Matched Control,5.6731220657277,True
28602,215,5,Matched Control,5.984741784037559,True
28602,202,-8,Treated,8.915492957746478,False
28602,203,-7,Treated,8.859154929577464,False
28602,204,-6,Treated,7.802816901408451,False
28602,205,-5,Treated,8.450704225352112,False
28602,206,-4,Treated,8.43661971830986,False
28602,207,-3,Treated,8.084507042253522,False
28602,208,-2,Treated,8.492957746478874,False
28602,209,-1,Treated,10.408450704225352,False
28602,210,0,Treated,12.140845070422536,True
28602,211,1,Treated,12.32394366197183,True
28602,212,2,Treated,12.56338028169014,True
28602,213,3,Treated,14.577464788732394,True
28602,214,4,Treated,15.394366197183098,True
28602,215,5,Treated,13.633802816901408,True
28625,226,-8,Matched Control,8.347089947089946,False
28625,227,-7,Matched Control,9.333216931216931,False
28625,228,-6,Matched Control,10.046037037037037,False
28625,229,-5,Matched Control,13.030555555555555,False
28625,230,-4,Matched Control,9.075296296296296,False
28625,231,-3,Matched Control,7.631333333333334,False
28625,232,-2,Matched Control,9.055148148148147,False
28625,233,-1,Matched Control,7.615185185185186,False
28625,234,0,Matched Control,7.843333333333334,True
28625,235,1,Matched Control,7.546666666666667,True
28625,236,2,Matched Control,8.275037037037036,True
28625,237,3,Matched Control,7.307333333333332,True
28625,238,4,Matched Control,8.042481481481481,True
28625,239,5,Matched Control,7.75574074074074,True
28625,240,6,Matched Control,7.387555555555556,True
28625,226,-8,Treated,8.52,False
28625,227,-7,Treated,14.88,False
28625,228,-6,Treated,10.386666666666667,False
28625,229,-5,Treated,15.853333333333333,False
28625,230,-4,Treated,8.88,False
28625,231,-3,Treated,10.786666666666667,False
28625,232,-2,Treated,8.88,False
28625,233,-1,Treated,10.786666666666667,False
28625,234,0,Treated,11.693333333333333,True
28625,235,1,Treated,8.44,True
28625,236,2,Treated,13.733333333333333,True
28625,237,3,Treated,12.786666666666667,True
28625,238,4,Treated,17.24,True
28625,239,5,Treated,12.04,True
28625,240,6,Treated,9.373333333333333,True
28709,42,-8,Matched Control,10.420486111111112,False
28709,43,-7,Matched Control,8.93630604288499,False
28709,44,-6,Matched Control,9.794990079365078,False
28709,45,-5,Matched Control,7.278273809523809,False
28709,46,-4,Matched Control,7.936717171717172,False
28709,47,-3,Matched Control,10.45712788259958,False
28709,48,-2,Matched Control,4.702529761904762,False
28709,49,-1,Matched Control,6.858487654320988,False
28709,50,0,Matched Control,5.8886015325670495,True
28709,51,1,Matched Control,5.6899904214559385,True
28709,52,2,Matched Control,4.7732758620689655,True
28709,53,3,Matched Control,4.343917624521072,True
28709,54,4,Matched Control,5.8663314176245205,True
28709,55,5,Matched Control,4.62801724137931,True
28709,56,6,Matched Control,4.848036398467434,True
28709,42,-8,Treated,19.142857142857142,False
28709,43,-7,Treated,18.526315789473685,False
28709,44,-6,Treated,15.267857142857142,False
28709,45,-5,Treated,18.410714285714285,False
28709,46,-4,Treated,16.236363636363638,False
28709,47,-3,Treated,14.81132075471698,False
28709,48,-2,Treated,11.071428571428571,False
28709,49,-1,Treated,14.75925925925926,False
28709,50,0,Treated,23.482758620689655,True
28709,51,1,Treated,23.017241379310345,True
28709,52,2,Treated,22.24137931034483,True
28709,53,3,Treated,18.46551724137931,True
28709,54,4,Treated,18.637931034482758,True
28709,55,5,Treated,18.396551724137932,True
28709,56,6,Treated,14.931034482758621,True
28726,53,-8,Matched Control,6.613067870826492,False
28726,54,-7,Matched Control,8.696724509012645,False
28726,55,-6,Matched Control,8.212992610837437,False
28726,56,-5,Matched Control,7.644033935413246,False
28726,57,-4,Matched Control,6.842352703793382,False
28726,58,-3,Matched Control,4.561770244821092,False
28726,59,-2,Matched Control,11.009940812483185,False
28726,60,-1,Matched Control,4.650212096332786,False
28726,61,0,Matched Control,4.760330687830688,True
28726,62,1,Matched Control,5.8430489417989415,True
28726,63,2,Matched Control,3.7787169312169313,True
28726,64,3,Matched Control,3.0823875661375664,True
28726,65,4,Matched Control,3.1799074074074074,True
28726,66,5,Matched Control,4.5009523809523815,True
28726,67,6,Matched Control,4.129768518518518,True
28726,68,7,Matched Control,4.885833333333333,True
28726,69,8,Matched Control,5.553445767195767,True
28726,53,-8,Treated,16.775862068965516,False
28726,54,-7,Treated,17.25423728813559,False
28726,55,-6,Treated,16.362068965517242,False
28726,56,-5,Treated,12.89655172413793,False
28726,57,-4,Treated,8.542372881355933,False
28726,58,-3,Treated,10.220338983050848,False
28726,59,-2,Treated,11.440677966101696,False
28726,60,-1,Treated,9.017241379310345,False
28726,61,0,Treated,13.016666666666667,True
28726,62,1,Treated,20.85,True
28726,63,2,Treated,10.25,True
28726,64,3,Treated,13.316666666666666,True
28726,65,4,Treated,15.233333333333333,True
28726,66,5,Treated,17.1,True
28726,67,6,Treated,23.0,True
28726,68,7,Treated,16.5,True
28726,69,8,Treated,9.833333333333334,True
28760,99,-8,Matched Control,6.301753712237583,False
28760,100,-7,Matched Control,5.354191468253968,False
28760,101,-6,Matched Control,5.667385912698412,False
28760,102,-5,Matched Control,6.600917658730158,False
28760,103,-4,Matched Control,5.412941628264209,False
28760,104,-3,Matched Control,6.5174470899470895,False
28760,105,-2,Matched Control,6.617370711725551,False
28760,106,-1,Matched Control,5.710379464285714,False
28760,107,0,Matched Control,5.902616567460317,True
28760,108,1,Matched Control,5.947110615079365,True
28760,109,2,Matched Control,5.326190476190476,True
28760,110,3,Matched Control,5.341728670634921,True
28760,111,4,Matched Control,4.8272321428571425,True
28760,112,5,Matched Control,4.775421626984127,True
28760,113,6,Matched Control,5.938814484126984,True
28760,114,7,Matched Control,5.686173115079365,True
28760,115,8,Matched Control,6.307948908730158,True
28760,116,9,Matched Control,3.724776785714286,True
28760,117,10,Matched Control,5.097817460317461,True
28760,118,11,Matched Control,4.87015128968254,True
28760,119,12,Matched Control,5.014012896825397,True
28760,120,13,Matched Control,4.976475694444445,True
28760,121,14,Matched Control,5.045262896825397,True
28760,99,-8,Treated,10.225806451612904,False
28760,100,-7,Treated,11.34375,False
28760,101,-6,Treated,10.96875,False
28760,102,-5,Treated,9.75,False
28760,103,-4,Treated,9.774193548387096,False
28760,104,-3,Treated,10.466666666666667,False
28760,105,-2,Treated,21.06451612903226,False
28760,106,-1,Treated,17.09375,False
28760,107,0,Treated,17.40625,True
28760,108,1,Treated,23.34375,True
28760,109,2,Treated,14.28125,True
28760,110,3,Treated,13.53125,True
28760,111,4,Treated,13.84375,True
28760,112,5,Treated,13.625,True
28760,113,6,Treated,15.125,True
28760,114,7,Treated,13.375,True
28760,115,8,Treated,22.5625,True
28760,116,9,Treated,12.03125,True
28760,117,10,Treated,16.5625,True
28760,118,11,Treated,18.625,True
28760,119,12,Treated,30.40625,True
28760,120,13,Treated,28.09375,True
28760,121,14,Treated,15.03125,True
28852,202,-8,Matched Control,9.39452614379085,False
28852,203,-7,Matched Control,8.920955882352942,False
28852,204,-6,Matched Control,7.573978758169935,False
28852,205,-5,Matched Control,9.042933006535948,False
28852,206,-4,Matched Control,9.223856209150327,False
28852,207,-3,Matched Control,8.359150326797385,False
28852,208,-2,Matched Control,8.765808823529412,False
28852,209,-1,Matched Control,8.571936274509804,False
28852,210,0,Matched Control,7.888684640522875,True
28852,211,1,Matched Control,6.172140522875817,True
28852,212,2,Matched Control,7.810294117647059,True
28852,213,3,Matched Control,7.254901960784314,True
28852,214,4,Matched Control,8.516666666666666,True
28852,215,5,Matched Control,8.875980392156864,True
28852,202,-8,Treated,11.970588235294118,False
28852,203,-7,Treated,11.367647058823529,False
28852,204,-6,Treated,9.441176470588236,False
28852,205,-5,Treated,11.117647058823529,False
28852,206,-4,Treated,11.058823529411764,False
28852,207,-3,Treated,9.941176470588236,False
28852,208,-2,Treated,9.941176470588236,False
28852,209,-1,Treated,11.985294117647058,False
28852,210,0,Treated,12.852941176470589,True
28852,211,1,Treated,12.558823529411764,True
28852,212,2,Treated,13.485294117647058,True
28852,213,3,Treated,19.602941176470587,True
28852,214,4,Treated,18.36764705882353,True
28852,215,5,Treated,16.25,True
28877,226,-8,Matched Control,9.625663187649488,False
28877,227,-7,Matched Control,11.127647314633617,False
28877,228,-6,Matched Control,10.95968688845401,False
28877,229,-5,Matched Control,14.641666666666667,False
28877,230,-4,Matched Control,10.513426831919983,False
28877,231,-3,Matched Control,9.182979995651229,False
28877,232,-2,Matched Control,10.494020439225919,False
28877,233,-1,Matched Control,9.164905414220483,False
28877,234,0,Matched Control,9.428093063709502,True
28877,235,1,Matched Control,8.854049793433354,True
28877,236,2,Matched Control,9.829191128506197,True
28877,237,3,Matched Control,8.940171776473147,True
28877,238,4,Matched Control,9.968177864753208,True
28877,239,5,Matched Control,9.548255055446836,True
28877,240,6,Matched Control,9.009969558599696,True
28877,226,-8,Treated,6.808219178082192,False
28877,227,-7,Treated,17.493150684931507,False
28877,228,-6,Treated,10.191780821917808,False
28877,229,-5,Treated,18.82191780821918,False
28877,230,-4,Treated,9.698630136986301,False
28877,231,-3,Treated,12.356164383561644,False
28877,232,-2,Treated,9.698630136986301,False
28877,233,-1,Treated,12.356164383561644,False
28877,234,0,Treated,17.315068493150687,True
28877,235,1,Treated,11.63013698630137,True
28877,236,2,Treated,20.65753424657534,True
28877,237,3,Treated,18.904109589041095,True
28877,238,4,Treated,21.73972602739726,True
28877,239,5,Treated,14.945205479452055,True
28877,240,6,Treated,13.397260273972602,True
29165,226,-8,Matched Control,8.128557744937055,False
29165,227,-7,Matched Control,10.568411330049262,False
29165,228,-6,Matched Control,10.180842911877395,False
29165,229,-5,Matched Control,13.61676245210728,False
29165,230,-4,Matched Control,8.622844827586206,False
29165,231,-3,Matched Control,7.278256704980843,False
29165,232,-2,Matched Control,8.601963601532567,False
29165,233,-1,Matched Control,7.258333333333334,False
29165,234,0,Matched Control,7.085201149425287,True
29165,235,1,Matched Control,6.204118773946361,True
29165,236,2,Matched Control,6.666858237547892,True
29165,237,3,Matched Control,6.725383141762452,True
29165,238,4,Matched Control,7.355172413793104,True
29165,239,5,Matched Control,6.560775862068965,True
29165,240,6,Matched Control,5.98764367816092,True
29165,226,-8,Treated,3.396551724137931,False
29165,227,-7,Treated,11.586206896551724,False
29165,228,-6,Treated,5.241379310344827,False
29165,229,-5,Treated,14.051724137931034,False
29165,230,-4,Treated,4.258620689655173,False
29165,231,-3,Treated,5.620689655172414,False
29165,232,-2,Treated,4.258620689655173,False
29165,233,-1,Treated,5.620689655172414,False
29165,234,0,Treated,9.068965517241379,True
29165,235,1,Treated,5.258620689655173,True
29165,236,2,Treated,12.862068965517242,True
29165,237,3,Treated,11.344827586206897,True
29165,238,4,Treated,13.655172413793103,True
29165,239,5,Treated,6.741379310344827,True
29165,240,6,Treated,8.155172413793103,True
32501,103,-8,Matched Control,2.178095238095238,False
32501,104,-7,Matched Control,1.5269957983193279,False
32501,105,-6,Matched Control,2.2948743386243384,False
32501,106,-5,Matched Control,4.473198198198198,False
32501,107,-4,Matched Control,1.24501287001287,False
32501,108,-3,Matched Control,3.0964625850340135,False
32501,109,-2,Matched Control,1.1401785714285715,False
32501,110,-1,Matched Control,1.2381595881595882,False
32501,111,0,Matched Control,1.2135135135135136,True
32501,112,1,Matched Control,2.490057915057915,True
32501,113,2,Matched Control,1.2395752895752896,True
32501,114,3,Matched Control,1.0518339768339768,True
32501,115,4,Matched Control,1.3113256113256113,True
32501,116,5,Matched Control,31.78925353925354,True
32501,117,6,Matched Control,0.8632561132561133,True
32501,118,7,Matched Control,0.6683719433719434,True
32501,119,8,Matched Control,1.0004504504504503,True
32501,120,9,Matched Control,0.9815958815958815,True
32501,121,10,Matched Control,1.0282818532818532,True
32501,103,-8,Treated,36.22857142857143,False
32501,104,-7,Treated,38.05882352941177,False
32501,105,-6,Treated,42.666666666666664,False
32501,106,-5,Treated,45.13513513513514,False
32501,107,-4,Treated,30.756756756756758,False
32501,108,-3,Treated,42.6,False
32501,109,-2,Treated,38.638888888888886,False
32501,110,-1,Treated,31.45945945945946,False
32501,111,0,Treated,33.729729729729726,True
32501,112,1,Treated,24.16216216216216,True
32501,113,2,Treated,40.86486486486486,True
32501,114,3,Treated,22.89189189189189,True
32501,115,4,Treated,35.270270270270274,True
32501,116,5,Treated,32.2972972972973,True
32501,117,6,Treated,24.486486486486488,True
32501,118,7,Treated,37.054054054054056,True
32501,119,8,Treated,37.67567567567568,True
32501,120,9,Treated,16.89189189189189,True
32501,121,10,Treated,36.027027027027025,True
41854,162,-8,Matched Control,21.79054967666079,False
41854,163,-7,Matched Control,10.49640897511268,False
41854,164,-6,Matched Control,7.840143053106017,False
41854,165,-5,Matched Control,6.6901871448167745,False
41854,166,-4,Matched Control,7.279654125024496,False
41854,167,-3,Matched Control,9.36705859298452,False
41854,168,-2,Matched Control,6.708235351753871,False
41854,169,-1,Matched Control,6.6418724279835395,False
41854,170,0,Matched Control,7.075955320399766,True
41854,171,1,Matched Control,7.05969527728787,True
41854,172,2,Matched Control,5.993351949833431,True
41854,173,3,Matched Control,6.448716441309034,True
41854,174,4,Matched Control,6.942754262198706,True
41854,162,-8,Treated,18.65432098765432,False
41854,163,-7,Treated,201.76543209876544,False
41854,164,-6,Treated,17.580246913580247,False
41854,165,-5,Treated,13.82716049382716,False
41854,166,-4,Treated,16.19753086419753,False
41854,167,-3,Treated,75.90123456790124,False
41854,168,-2,Treated,23.02469135802469,False
41854,169,-1,Treated,18.65432098765432,False
41854,170,0,Treated,36.55555555555556,True
41854,171,1,Treated,32.123456790123456,True
41854,172,2,Treated,23.641975308641975,True
41854,173,3,Treated,20.02469135802469,True
41854,174,4,Treated,211.14814814814815,True
42749,59,-8,Matched Control,24.18578904991948,False
42749,60,-7,Matched Control,29.260650093370682,False
42749,61,-6,Matched Control,48.11785714285714,False
42749,62,-5,Matched Control,52.36694444444444,False
42749,63,-4,Matched Control,18.907785602503914,False
42749,64,-3,Matched Control,35.20625978090767,False
42749,65,-2,Matched Control,50.40848982785602,False
42749,66,-1,Matched Control,34.0037558685446,False
42749,67,0,Matched Control,24.84276212832551,True
42749,68,1,Matched Control,13.366784037558684,True
42749,69,2,Matched Control,146.3600156494523,True
42749,70,3,Matched Control,28.807433489827854,True
42749,71,4,Matched Control,25.4033255086072,True
42749,72,5,Matched Control,19.56193270735524,True
42749,73,6,Matched Control,25.997417840375586,True
42749,59,-8,Treated,41.594202898550726,False
42749,60,-7,Treated,33.38235294117647,False
42749,61,-6,Treated,29.314285714285713,False
42749,62,-5,Treated,67.35714285714286,False
42749,63,-4,Treated,35.436619718309856,False
42749,64,-3,Treated,49.66197183098591,False
42749,65,-2,Treated,64.85915492957747,False
42749,66,-1,Treated,50.71830985915493,False
42749,67,0,Treated,63.54929577464789,True
42749,68,1,Treated,84.4225352112676,True
42749,69,2,Treated,47.61971830985915,True
42749,70,3,Treated,48.478873239436616,True
42749,71,4,Treated,75.56338028169014,True
42749,72,5,Treated,51.84507042253521,True
42749,73,6,Treated,51.267605633802816,True
42854,266,-8,Matched Control,10.83204365079365,False
42854,267,-7,Matched Control,10.07298085901027,False
42854,268,-6,Matched Control,10.131279178338003,False
42854,269,-5,Matched Control,9.696323529411766,False
42854,270,-4,Matched Control,10.330829831932775,False
42854,271,-3,Matched Control,10.116917600373483,False
42854,272,-2,Matched Control,10.423354341736696,False
42854,273,-1,Matched Control,10.04014939309057,False
42854,274,0,Matched Control,7.150285947712418,True
42854,275,1,Matched Control,10.981623482726423,True
42854,276,2,Matched Control,12.135334967320262,True
42854,277,3,Matched Control,10.703816526610645,True
42854,278,4,Matched Control,10.960346638655462,True
42854,279,5,Matched Control,12.218394024276378,True
42854,280,6,Matched Control,12.198862044817927,True
42854,281,7,Matched Control,10.762966853408031,True
42854,266,-8,Treated,22.470588235294116,False
42854,267,-7,Treated,23.264705882352942,False
42854,268,-6,Treated,19.83823529411765,False
42854,269,-5,Treated,19.852941176470587,False
42854,270,-4,Treated,17.808823529411764,False
42854,271,-3,Treated,21.794117647058822,False
42854,272,-2,Treated,20.63235294117647,False
42854,273,-1,Treated,20.764705882352942,False
42854,274,0,Treated,24.13235294117647,True
42854,275,1,Treated,41.25,True
42854,276,2,Treated,28.705882352941178,True
42854,277,3,Treated,49.5735294117647,True
42854,278,4,Treated,20.205882352941178,True
42854,279,5,Treated,22.323529411764707,True
42854,280,6,Treated,28.705882352941178,True
42854,281,7,Treated,49.5735294117647,True
43029,266,-8,Matched Control,13.440895691609976,False
43029,267,-7,Matched Control,7.821337868480725,False
43029,268,-6,Matched Control,6.230238095238096,False
43029,269,-5,Matched Control,6.395079365079365,False
43029,270,-4,Matched Control,5.357619047619048,False
43029,271,-3,Matched Control,5.550374149659864,False
43029,272,-2,Matched Control,6.0378741496598645,False
43029,273,-1,Matched Control,4.815034013605442,False
43029,274,0,Matched Control,3.6091496598639456,True
43029,275,1,Matched Control,4.285255102040817,True
43029,276,2,Matched Control,2.7551360544217687,True
43029,277,3,Matched Control,2.461751700680272,True
43029,278,4,Matched Control,2.396020408163265,True
43029,279,5,Matched Control,2.3642517006802724,True
43029,280,6,Matched Control,2.758945578231293,True
43029,281,7,Matched Control,2.461751700680272,True
43029,266,-8,Treated,20.17142857142857,False
43029,267,-7,Treated,12.957142857142857,False
43029,268,-6,Treated,11.214285714285714,False
43029,269,-5,Treated,10.17142857142857,False
43029,270,-4,Treated,11.371428571428572,False
43029,271,-3,Treated,12.357142857142858,False
43029,272,-2,Treated,11.371428571428572,False
43029,273,-1,Treated,11.871428571428572,False
43029,274,0,Treated,15.857142857142858,True
43029,275,1,Treated,24.5,True
43029,276,2,Treated,16.228571428571428,True
43029,277,3,Treated,29.785714285714285,True
43029,278,4,Treated,9.257142857142858,True
43029,279,5,Treated,10.042857142857143,True
43029,280,6,Treated,16.228571428571428,True
43029,281,7,Treated,29.785714285714285,True
43089,54,-8,Matched Control,9.297653554175293,False
43089,55,-7,Matched Control,7.01624649859944,False
43089,56,-6,Matched Control,5.32626050420168,False
43089,57,-5,Matched Control,4.7608005521049,False
43089,58,-4,Matched Control,4.4109385783298825,False
43089,59,-3,Matched Control,10.399299719887956,False
43089,60,-2,Matched Control,6.607178393745557,False
43089,61,-1,Matched Control,9.712698412698412,False
43089,62,0,Matched Control,6.825306122448979,True
43089,63,1,Matched Control,3.785442176870748,True
43089,64,2,Matched Control,5.463027210884353,True
43089,65,3,Matched Control,4.692823129251701,True
43089,66,4,Matched Control,5.571751700680272,True
43089,67,5,Matched Control,4.6958503401360545,True
43089,68,6,Matched Control,3.360374149659864,True
43089,54,-8,Treated,8.869565217391305,False
43089,55,-7,Treated,16.985294117647058,False
43089,56,-6,Treated,9.308823529411764,False
43089,57,-5,Treated,7.028985507246377,False
43089,58,-4,Treated,10.26086956521739,False
43089,59,-3,Treated,15.367647058823529,False
43089,60,-2,Treated,15.701492537313433,False
43089,61,-1,Treated,11.942028985507246,False
43089,62,0,Treated,33.4,True
43089,63,1,Treated,16.085714285714285,True
43089,64,2,Treated,22.185714285714287,True
43089,65,3,Treated,30.02857142857143,True
43089,66,4,Treated,23.071428571428573,True
43089,67,5,Treated,32.5,True
43089,68,6,Treated,50.614285714285714,True
43204,266,-8,Matched Control,4.00170467247932,False
43204,267,-7,Matched Control,4.001956181533647,False
43204,268,-6,Matched Control,3.71833780460541,False
43204,269,-5,Matched Control,3.2683936955063717,False
43204,270,-4,Matched Control,2.865526492287056,False
43204,271,-3,Matched Control,3.41224010731053,False
43204,272,-2,Matched Control,4.564827856025039,False
43204,273,-1,Matched Control,4.453113123183546,False
43204,274,0,Matched Control,4.510088307623518,True
43204,275,1,Matched Control,6.17342387659289,True
43204,276,2,Matched Control,4.843058350100604,True
43204,277,3,Matched Control,3.8610831656606304,True
43204,278,4,Matched Control,4.249295774647887,True
43204,279,5,Matched Control,4.230846188240554,True
43204,280,6,Matched Control,4.851330203442879,True
43204,281,7,Matched Control,3.876397272524033,True
43204,266,-8,Treated,7.71830985915493,False
43204,267,-7,Treated,7.732394366197183,False
43204,268,-6,Treated,6.323943661971831,False
43204,269,-5,Treated,7.042253521126761,False
43204,270,-4,Treated,5.830985915492958,False
43204,271,-3,Treated,7.492957746478873,False
43204,272,-2,Treated,7.225352112676056,False
43204,273,-1,Treated,8.619718309859154,False
43204,274,0,Treated,10.788732394366198,True
43204,275,1,Treated,19.788732394366196,True
43204,276,2,Treated,16.95774647887324,True
43204,277,3,Treated,27.04225352112676,True
43204,278,4,Treated,8.112676056338028,True
43204,279,5,Treated,7.845070422535211,True
43204,280,6,Treated,16.95774647887324,True
43204,281,7,Treated,27.04225352112676,True
45103,55,-8,Matched Control,9.434696969696969,False
45103,56,-7,Matched Control,9.910909090909092,False
45103,57,-6,Matched Control,11.186011904761903,False
45103,58,-5,Matched Control,6.843601190476191,False
45103,59,-4,Matched Control,6.450757575757576,False
45103,60,-3,Matched Control,9.317283950617284,False
45103,61,-2,Matched Control,10.85,False
45103,62,-1,Matched Control,8.840327380952381,False
45103,63,0,Matched Control,6.023391812865497,True
45103,64,1,Matched Control,4.683479532163743,True
45103,65,2,Matched Control,3.5042397660818714,True
45103,66,3,Matched Control,2.6932748538011695,True
45103,67,4,Matched Control,3.912573099415205,True
45103,68,5,Matched Control,2.387865497076023,True
45103,69,6,Matched Control,6.496783625730994,True
45103,70,7,Matched Control,7.242105263157895,True
45103,71,8,Matched Control,4.375584795321638,True
45103,72,9,Matched Control,4.0171052631578945,True
45103,55,-8,Treated,11.218181818181819,False
45103,56,-7,Treated,10.345454545454546,False
45103,57,-6,Treated,13.553571428571429,False
45103,58,-5,Treated,14.357142857142858,False
45103,59,-4,Treated,10.363636363636363,False
45103,60,-3,Treated,13.944444444444445,False
45103,61,-2,Treated,12.071428571428571,False
45103,62,-1,Treated,9.321428571428571,False
45103,63,0,Treated,9.43859649122807,True
45103,64,1,Treated,10.333333333333334,True
45103,65,2,Treated,9.526315789473685,True
45103,66,3,Treated,9.631578947368421,True
45103,67,4,Treated,9.842105263157896,True
45103,68,5,Treated,7.666666666666667,True
45103,69,6,Treated,11.192982456140351,True
45103,70,7,Treated,13.31578947368421,True
45103,71,8,Treated,13.350877192982455,True
45103,72,9,Treated,12.31578947368421,True
45269,350,-8,Matched Control,4.57770061728395,False
45269,351,-7,Matched Control,4.920871913580247,False
45269,352,-6,Matched Control,7.725077160493827,False
45269,353,-5,Matched Control,14.937345679012346,False
45269,354,-4,Matched Control,9.894984567901234,False
45269,355,-3,Matched Control,14.885841049382716,False
45269,356,-2,Matched Control,6.772608024691358,False
45269,357,-1,Matched Control,16.30644290123457,False
45269,358,0,Matched Control,4.520585317460317,True
45269,359,1,Matched Control,4.770998677248677,True
45269,360,2,Matched Control,4.368055555555555,True
45269,361,3,Matched Control,4.866402116402117,True
45269,362,4,Matched Control,4.988580246913581,True
45269,363,5,Matched Control,5.037037037037037,True
45269,350,-8,Treated,7.138888888888889,False
45269,351,-7,Treated,6.430555555555555,False
45269,352,-6,Treated,6.694444444444445,False
45269,353,-5,Treated,9.333333333333334,False
45269,354,-4,Treated,8.48611111111111,False
45269,355,-3,Treated,25.069444444444443,False
45269,356,-2,Treated,12.88888888888889,False
45269,357,-1,Treated,10.527777777777779,False
45269,358,0,Treated,34.263888888888886,True
45269,359,1,Treated,22.01388888888889,True
45269,360,2,Treated,68.52777777777777,True
45269,361,3,Treated,69.875,True
45269,362,4,Treated,61.75,True
45269,363,5,Treated,33.47222222222222,True
46723,369,-8,Matched Control,5.072901234567902,False
46723,370,-7,Matched Control,8.699197530864199,False
46723,371,-6,Matched Control,3.807469135802469,False
46723,372,-5,Matched Control,4.338827160493826,False
46723,373,-4,Matched Control,4.428148148148148,False
46723,374,-3,Matched Control,3.3182804232804233,False
46723,375,-2,Matched Control,5.115767195767195,False
46723,376,-1,Matched Control,3.8229541446208115,False
46723,377,0,Matched Control,4.935440917107584,True
46723,378,1,Matched Control,3.583888888888889,True
46723,379,2,Matched Control,3.44473544973545,True
46723,380,3,Matched Control,3.8881746031746034,True
46723,381,4,Matched Control,3.9539506172839505,True
46723,382,5,Matched Control,3.9492592592592595,True
46723,383,6,Matched Control,12.56858024691358,True
46723,384,7,Matched Control,4.7101851851851855,True
46723,385,8,Matched Control,3.9085185185185183,True
46723,369,-8,Treated,3.2888888888888888,False
46723,370,-7,Treated,10.222222222222221,False
46723,371,-6,Treated,6.866666666666666,False
46723,372,-5,Treated,2.022222222222222,False
46723,373,-4,Treated,2.022222222222222,False
46723,374,-3,Treated,2.6222222222222222,False
46723,375,-2,Treated,2.4,False
46723,376,-1,Treated,2.911111111111111,False
46723,377,0,Treated,3.0444444444444443,True
46723,378,1,Treated,4.333333333333333,True
46723,379,2,Treated,7.088888888888889,True
46723,380,3,Treated,6.377777777777778,True
46723,381,4,Treated,4.177777777777778,True
46723,382,5,Treated,5.555555555555555,True
46723,383,6,Treated,2.311111111111111,True
46723,384,7,Treated,5.5777777777777775,True
46723,385,8,Treated,2.311111111111111,True
47546,75,-8,Matched Control,5.0385897435897435,False
47546,76,-7,Matched Control,5.412806637806638,False
47546,77,-6,Matched Control,4.993037518037518,False
47546,78,-5,Matched Control,5.752368927368927,False
47546,79,-4,Matched Control,6.246695290137913,False
47546,80,-3,Matched Control,6.222631848438301,False
47546,81,-2,Matched Control,5.213184079601991,False
47546,82,-1,Matched Control,4.468985615079365,False
47546,83,0,Matched Control,4.158854536839612,True
47546,84,1,Matched Control,3.728855721393035,True
47546,85,2,Matched Control,4.063041933191187,True
47546,86,3,Matched Control,4.249004975124378,True
47546,87,4,Matched Control,5.199798625918029,True
47546,88,5,Matched Control,4.448560767590618,True
47546,89,6,Matched Control,4.93650201374082,True
47546,90,7,Matched Control,4.606372897417673,True
47546,91,8,Matched Control,4.553387822790808,True
47546,75,-8,Treated,16.43076923076923,False
47546,76,-7,Treated,5.863636363636363,False
47546,77,-6,Treated,4.409090909090909,False
47546,78,-5,Treated,3.803030303030303,False
47546,79,-4,Treated,11.37704918032787,False
47546,80,-3,Treated,5.209677419354839,False
47546,81,-2,Treated,8.223880597014926,False
47546,82,-1,Treated,7.609375,False
47546,83,0,Treated,25.029850746268657,True
47546,84,1,Treated,16.08955223880597,True
47546,85,2,Treated,17.044776119402986,True
47546,86,3,Treated,21.955223880597014,True
47546,87,4,Treated,23.104477611940297,True
47546,88,5,Treated,25.582089552238806,True
47546,89,6,Treated,31.850746268656717,True
47546,90,7,Treated,18.880597014925375,True
47546,91,8,Treated,36.850746268656714,True
47991,39,-8,Matched Control,22.096875,False
47991,40,-7,Matched Control,12.262659380692169,False
47991,41,-6,Matched Control,16.777430555555554,False
47991,42,-5,Matched Control,10.003198653198654,False
47991,43,-4,Matched Control,11.536318407960199,False
47991,44,-3,Matched Control,9.592537313432837,False
47991,45,-2,Matched Control,5.930679933665008,False
47991,46,-1,Matched Control,8.515319865319865,False
47991,47,0,Matched Control,6.301658374792703,True
47991,48,1,Matched Control,4.746102819237147,True
47991,49,2,Matched Control,5.944941956882256,True
47991,50,3,Matched Control,5.534825870646766,True
47991,51,4,Matched Control,4.7321724709784405,True
47991,52,5,Matched Control,5.29983416252073,True
47991,39,-8,Treated,42.828125,False
47991,40,-7,Treated,2.9672131147540983,False
47991,41,-6,Treated,2.359375,False
47991,42,-5,Treated,3.287878787878788,False
47991,43,-4,Treated,6.074626865671642,False
47991,44,-3,Treated,2.4776119402985075,False
47991,45,-2,Treated,5.791044776119403,False
47991,46,-1,Treated,8.575757575757576,False
47991,47,0,Treated,38.83582089552239,True
47991,48,1,Treated,21.47761194029851,True
47991,49,2,Treated,28.671641791044777,True
47991,50,3,Treated,22.611940298507463,True
47991,51,4,Treated,27.26865671641791,True
47991,52,5,Treated,14.791044776119403,True
48016,75,-8,Matched Control,3.36640873015873,False
48016,76,-7,Matched Control,3.3739682539682536,False
48016,77,-6,Matched Control,4.313769841269841,False
48016,78,-5,Matched Control,6.045436507936508,False
48016,79,-4,Matched Control,5.944090909090909,False
48016,80,-3,Matched Control,6.282759353741497,False
48016,81,-2,Matched Control,4.557630757220921,False
48016,82,-1,Matched Control,3.683394909688013,False
48016,83,0,Matched Control,3.3673106947697113,True
48016,84,1,Matched Control,2.9584113973458237,True
48016,85,2,Matched Control,3.1556986729117877,True
48016,86,3,Matched Control,3.3557962529274006,True
48016,87,4,Matched Control,3.9310109289617485,True
48016,88,5,Matched Control,3.365007806401249,True
48016,89,6,Matched Control,3.6371389539422325,True
48016,90,7,Matched Control,3.2490632318501174,True
48016,91,8,Matched Control,3.233294301327088,True
48016,75,-8,Treated,8.1,False
48016,76,-7,Treated,2.2666666666666666,False
48016,77,-6,Treated,1.8166666666666667,False
48016,78,-5,Treated,1.9833333333333334,False
48016,79,-4,Treated,5.1454545454545455,False
48016,80,-3,Treated,2.6785714285714284,False
48016,81,-2,Treated,4.081967213114754,False
48016,82,-1,Treated,4.327586206896552,False
48016,83,0,Treated,15.721311475409836,True
48016,84,1,Treated,9.704918032786885,True
48016,85,2,Treated,9.245901639344263,True
48016,86,3,Treated,13.754098360655737,True
48016,87,4,Treated,13.754098360655737,True
48016,88,5,Treated,13.885245901639344,True
48016,89,6,Treated,17.9672131147541,True
48016,90,7,Treated,9.934426229508198,True
48016,91,8,Treated,18.639344262295083,True
48251,76,-8,Matched Control,5.046666666666667,False
48251,77,-7,Matched Control,3.738148148148148,False
48251,78,-6,Matched Control,9.581111111111111,False
48251,79,-5,Matched Control,5.6930555555555555,False
48251,80,-4,Matched Control,9.258284600389862,False
48251,81,-3,Matched Control,5.631147540983607,False
48251,82,-2,Matched Control,7.383625730994152,False
48251,83,-1,Matched Control,16.854074074074074,False
48251,84,0,Matched Control,5.173952641165756,True
48251,85,1,Matched Control,5.968670309653916,True
48251,86,2,Matched Control,9.039708561020037,True
48251,87,3,Matched Control,5.7639344262295085,True
48251,88,4,Matched Control,4.733151183970856,True
48251,89,5,Matched Control,5.720036429872495,True
48251,90,6,Matched Control,7.177413479052823,True
48251,91,7,Matched Control,5.528415300546448,True
48251,76,-8,Treated,4.683333333333334,False
48251,77,-7,Treated,3.316666666666667,False
48251,78,-6,Treated,4.333333333333333,False
48251,79,-5,Treated,9.482142857142858,False
48251,80,-4,Treated,5.7368421052631575,False
48251,81,-3,Treated,8.081967213114755,False
48251,82,-2,Treated,7.333333333333333,False
48251,83,-1,Treated,22.816666666666666,False
48251,84,0,Treated,9.655737704918034,True
48251,85,1,Treated,17.39344262295082,True
48251,86,2,Treated,23.360655737704917,True
48251,87,3,Treated,19.950819672131146,True
48251,88,4,Treated,22.60655737704918,True
48251,89,5,Treated,23.81967213114754,True
48251,90,6,Treated,15.59016393442623,True
48251,91,7,Treated,27.21311475409836,True
49907,99,-8,Matched Control,3.0021227009322247,False
49907,100,-7,Matched Control,2.4237103174603174,False
49907,101,-6,Matched Control,3.260115898211136,False
49907,102,-5,Matched Control,4.3088789682539685,False
49907,103,-4,Matched Control,3.651216077828981,False
49907,104,-3,Matched Control,3.7084764506895653,False
49907,105,-2,Matched Control,3.7597253716301338,False
49907,106,-1,Matched Control,2.8859747023809526,False
49907,107,0,Matched Control,2.9969494047619047,True
49907,108,1,Matched Control,3.0150049603174605,True
49907,109,2,Matched Control,2.947674851190476,True
49907,110,3,Matched Control,2.7523995535714287,True
49907,111,4,Matched Control,2.9653397817460316,True
49907,112,5,Matched Control,2.2492869543650795,True
49907,113,6,Matched Control,2.707905505952381,True
49907,99,-8,Treated,2.2063492063492065,False
49907,100,-7,Treated,2.046875,False
49907,101,-6,Treated,35.666666666666664,False
49907,102,-5,Treated,2.109375,False
49907,103,-4,Treated,31.129032258064516,False
49907,104,-3,Treated,2.0163934426229506,False
49907,105,-2,Treated,36.65079365079365,False
49907,106,-1,Treated,5.1875,False
49907,107,0,Treated,16.046875,True
49907,108,1,Treated,10.609375,True
49907,109,2,Treated,15.625,True
49907,110,3,Treated,10.953125,True
49907,111,4,Treated,14.71875,True
49907,112,5,Treated,6.75,True
49907,113,6,Treated,14.375,True
51108,268,-8,Matched Control,4.181817590424148,False
51108,269,-7,Matched Control,4.076060369502993,False
51108,270,-6,Matched Control,8.20627764767109,False
51108,271,-5,Matched Control,3.699388498568826,False
51108,272,-4,Matched Control,7.868911007025761,False
51108,273,-3,Matched Control,3.9227426489721573,False
51108,274,-2,Matched Control,3.707422586520947,False
51108,275,-1,Matched Control,4.328155087171481,False
51108,276,0,Matched Control,3.5204657819411915,True
51108,277,1,Matched Control,3.062490241998439,True
51108,278,2,Matched Control,2.9060759823054907,True
51108,279,3,Matched Control,2.8911072079104865,True
51108,280,4,Matched Control,3.5380497007546188,True
51108,281,5,Matched Control,3.0888173302107726,True
51108,282,6,Matched Control,2.9060759823054907,True
51108,268,-8,Treated,5.524590163934426,False
51108,269,-7,Treated,4.934426229508197,False
51108,270,-6,Treated,9.245901639344263,False
51108,271,-5,Treated,5.295081967213115,False
51108,272,-4,Treated,5.311475409836065,False
51108,273,-3,Treated,5.704918032786885,False
51108,274,-2,Treated,5.721311475409836,False
51108,275,-1,Treated,5.639344262295082,False
51108,276,0,Treated,5.327868852459017,True
51108,277,1,Treated,40.21311475409836,True
51108,278,2,Treated,7.049180327868853,True
51108,279,3,Treated,4.278688524590164,True
51108,280,4,Treated,5.327868852459017,True
51108,281,5,Treated,40.21311475409836,True
51108,282,6,Treated,7.049180327868853,True
51870,268,-8,Matched Control,3.4530463980463977,False
51870,269,-7,Matched Control,3.847851037851038,False
51870,270,-6,Matched Control,3.9772649572649574,False
51870,271,-5,Matched Control,3.1708241758241758,False
51870,272,-4,Matched Control,3.5945970695970697,False
51870,273,-3,Matched Control,3.400927960927961,False
51870,274,-2,Matched Control,3.4094383394383394,False
51870,275,-1,Matched Control,4.121526251526252,False
51870,276,0,Matched Control,3.969242979242979,True
51870,277,1,Matched Control,3.452899877899878,True
51870,278,2,Matched Control,3.173180708180708,True
51870,279,3,Matched Control,3.406196581196581,True
51870,280,4,Matched Control,3.981916971916972,True
51870,281,5,Matched Control,3.4621306471306474,True
51870,282,6,Matched Control,3.173180708180708,True
51870,268,-8,Treated,4.538461538461538,False
51870,269,-7,Treated,4.446153846153846,False
51870,270,-6,Treated,6.861538461538461,False
51870,271,-5,Treated,3.953846153846154,False
51870,272,-4,Treated,3.169230769230769,False
51870,273,-3,Treated,4.338461538461538,False
51870,274,-2,Treated,4.815384615384615,False
51870,275,-1,Treated,4.6461538461538465,False
51870,276,0,Treated,4.092307692307692,True
51870,277,1,Treated,31.123076923076923,True
51870,278,2,Treated,5.8307692307692305,True
51870,279,3,Treated,3.8153846153846156,True
51870,280,4,Treated,4.092307692307692,True
51870,281,5,Treated,31.123076923076923,True
51870,282,6,Treated,5.8307692307692305,True
51962,99,-8,Matched Control,0.43593358395989973,False
51962,100,-7,Matched Control,0.4902752009894867,False
51962,101,-6,Matched Control,0.551984126984127,False
51962,102,-5,Matched Control,0.43432017543859647,False
51962,103,-4,Matched Control,0.34746031746031747,False
51962,104,-3,Matched Control,0.3213159588159588,False
51962,105,-2,Matched Control,0.5048402255639097,False
51962,106,-1,Matched Control,0.36907894736842106,False
51962,107,0,Matched Control,0.2493661100803958,True
51962,108,1,Matched Control,0.41937229437229434,True
51962,109,2,Matched Control,0.29874768089053805,True
51962,110,3,Matched Control,0.29874768089053805,True
51962,111,4,Matched Control,0.23566790352504638,True
51962,112,5,Matched Control,0.11623376623376623,True
51962,113,6,Matched Control,0.1931199752628324,True
51962,99,-8,Treated,6.842105263157895,False
51962,100,-7,Treated,7.584415584415584,False
51962,101,-6,Treated,160.68,False
51962,102,-5,Treated,7.9868421052631575,False
51962,103,-4,Treated,89.01333333333334,False
51962,104,-3,Treated,7.121621621621622,False
51962,105,-2,Treated,112.65789473684211,False
51962,106,-1,Treated,14.157894736842104,False
51962,107,0,Treated,58.41558441558441,True
51962,108,1,Treated,29.350649350649352,True
51962,109,2,Treated,43.35064935064935,True
51962,110,3,Treated,26.051948051948052,True
51962,111,4,Treated,41.38961038961039,True
51962,112,5,Treated,19.12987012987013,True
51962,113,6,Treated,43.76623376623377,True
52136,372,-8,Matched Control,19.17590361445783,False
52136,373,-7,Matched Control,19.17590361445783,False
52136,374,-6,Matched Control,16.6714859437751,False
52136,375,-5,Matched Control,13.948326639892906,False
52136,376,-4,Matched Control,14.555020080321285,False
52136,377,-3,Matched Control,17.430522088353413,False
52136,378,-2,Matched Control,12.272155287817938,False
52136,379,-1,Matched Control,13.831593038821953,False
52136,380,0,Matched Control,13.892637215528783,True
52136,381,1,Matched Control,13.816599732262384,True
52136,382,2,Matched Control,12.576171352074967,True
52136,383,3,Matched Control,11.776305220883534,True
52136,384,4,Matched Control,12.108165997322624,True
52136,385,5,Matched Control,12.2334672021419,True
52136,386,6,Matched Control,12.258500669344043,True
52136,372,-8,Treated,23.325301204819276,False
52136,373,-7,Treated,23.325301204819276,False
52136,374,-6,Treated,18.759036144578314,False
52136,375,-5,Treated,6.373493975903615,False
52136,376,-4,Treated,20.3855421686747,False
52136,377,-3,Treated,20.08433734939759,False
52136,378,-2,Treated,11.626506024096386,False
52136,379,-1,Treated,8.421686746987952,False
52136,380,0,Treated,21.337349397590362,True
52136,381,1,Treated,53.19277108433735,True
52136,382,2,Treated,52.963855421686745,True
52136,383,3,Treated,45.7710843373494,True
52136,384,4,Treated,10.132530120481928,True
52136,385,5,Treated,54.024096385542165,True
52136,386,6,Treated,9.325301204819278,True
52376,372,-8,Matched Control,14.819409282700422,False
52376,373,-7,Matched Control,14.99817158931083,False
52376,374,-6,Matched Control,12.50168776371308,False
52376,375,-5,Matched Control,10.023206751054852,False
52376,376,-4,Matched Control,10.286075949367088,False
52376,377,-3,Matched Control,12.862447257383966,False
52376,378,-2,Matched Control,8.78241912798875,False
52376,379,-1,Matched Control,9.687060478199719,False
52376,380,0,Matched Control,10.277355836849509,True
52376,381,1,Matched Control,10.439662447257383,True
52376,382,2,Matched Control,8.538818565400843,True
52376,383,3,Matched Control,8.351476793248946,True
52376,384,4,Matched Control,8.71659634317862,True
52376,385,5,Matched Control,8.671167369901548,True
52376,386,6,Matched Control,8.469057665260197,True
52376,372,-8,Treated,16.911392405063292,False
52376,373,-7,Treated,16.911392405063292,False
52376,374,-6,Treated,14.810126582278482,False
52376,375,-5,Treated,4.556962025316456,False
52376,376,-4,Treated,14.0,False
52376,377,-3,Treated,11.468354430379748,False
52376,378,-2,Treated,6.9113924050632916,False
52376,379,-1,Treated,5.772151898734177,False
52376,380,0,Treated,14.405063291139241,True
52376,381,1,Treated,28.569620253164558,True
52376,382,2,Treated,22.59493670886076,True
52376,383,3,Treated,24.9873417721519,True
52376,384,4,Treated,7.772151898734177,True
52376,385,5,Treated,32.69620253164557,True
52376,386,6,Treated,6.1645569620253164,True
52565,372,-8,Matched Control,19.156666666666666,False
52565,373,-7,Matched Control,19.35361111111111,False
52565,374,-6,Matched Control,16.901666666666664,False
52565,375,-5,Matched Control,14.513055555555557,False
52565,376,-4,Matched Control,15.123055555555556,False
52565,377,-3,Matched Control,17.84777777777778,False
52565,378,-2,Matched Control,12.646527777777779,False
52565,379,-1,Matched Control,14.165000000000001,False
52565,380,0,Matched Control,14.24152777777778,True
52565,381,1,Matched Control,14.2925,True
52565,382,2,Matched Control,12.915972222222223,True
52565,383,3,Matched Control,12.154027777777777,True
52565,384,4,Matched Control,12.466944444444444,True
52565,385,5,Matched Control,12.444444444444445,True
52565,386,6,Matched Control,12.718472222222221,True
52565,372,-8,Treated,23.725,False
52565,373,-7,Treated,23.725,False
52565,374,-6,Treated,18.7125,False
52565,375,-5,Treated,6.725,False
52565,376,-4,Treated,21.3125,False
52565,377,-3,Treated,19.65,False
52565,378,-2,Treated,11.4,False
52565,379,-1,Treated,8.6,False
52565,380,0,Treated,23.45,True
52565,381,1,Treated,56.7875,True
52565,382,2,Treated,66.25,True
52565,383,3,Treated,44.15,True
52565,384,4,Treated,12.3,True
52565,385,5,Treated,59.4875,True
52565,386,6,Treated,10.3375,True
53416,371,-8,Matched Control,8.50686274509804,False
53416,372,-7,Matched Control,9.52107843137255,False
53416,373,-6,Matched Control,9.862908496732025,False
53416,374,-5,Matched Control,9.198747276688453,False
53416,375,-4,Matched Control,8.742374727668844,False
53416,376,-3,Matched Control,9.45718954248366,False
53416,377,-2,Matched Control,12.834313725490196,False
53416,378,-1,Matched Control,8.426416122004357,False
53416,379,0,Matched Control,9.998257080610022,True
53416,380,1,Matched Control,10.250490196078431,True
53416,381,2,Matched Control,10.24673202614379,True
53416,382,3,Matched Control,8.816503267973856,True
53416,383,4,Matched Control,8.80190631808279,True
53416,384,5,Matched Control,8.775326797385622,True
53416,385,6,Matched Control,8.813888888888888,True
53416,386,7,Matched Control,8.846568627450981,True
53416,371,-8,Treated,1.0196078431372548,False
53416,372,-7,Treated,18.294117647058822,False
53416,373,-6,Treated,18.294117647058822,False
53416,374,-5,Treated,1.3529411764705883,False
53416,375,-4,Treated,0.8627450980392157,False
53416,376,-3,Treated,1.9607843137254901,False
53416,377,-2,Treated,28.823529411764707,False
53416,378,-1,Treated,5.568627450980392,False
53416,379,0,Treated,7.2745098039215685,True
53416,380,1,Treated,7.294117647058823,True
53416,381,2,Treated,14.411764705882353,True
53416,382,3,Treated,3.607843137254902,True
53416,383,4,Treated,1.7254901960784315,True
53416,384,5,Treated,43.78431372549019,True
53416,385,6,Treated,17.941176470588236,True
53416,386,7,Treated,1.4509803921568627,True
54436,189,-8,Matched Control,15.107529884381735,False
54436,190,-7,Matched Control,13.674368018812464,False
54436,191,-6,Matched Control,17.280393885949444,False
54436,192,-5,Matched Control,15.455540858318637,False
54436,193,-4,Matched Control,17.26045953360768,False
54436,194,-3,Matched Control,15.223162845385067,False
54436,195,-2,Matched Control,14.51884675680972,False
54436,196,-1,Matched Control,17.16428081520674,False
54436,197,0,Matched Control,17.691573584166175,True
54436,198,1,Matched Control,15.980413482265332,True
54436,199,2,Matched Control,11.931020968058005,True
54436,200,3,Matched Control,9.903135410542818,True
54436,201,4,Matched Control,9.973079561042525,True
54436,189,-8,Treated,48.17283950617284,False
54436,190,-7,Treated,6.518518518518518,False
54436,191,-6,Treated,46.370370370370374,False
54436,192,-5,Treated,9.444444444444445,False
54436,193,-4,Treated,45.51851851851852,False
54436,194,-3,Treated,25.876543209876544,False
54436,195,-2,Treated,37.5679012345679,False
54436,196,-1,Treated,9.320987654320987,False
54436,197,0,Treated,50.851851851851855,True
54436,198,1,Treated,39.5679012345679,True
54436,199,2,Treated,38.01234567901235,True
54436,200,3,Treated,34.58024691358025,True
54436,201,4,Treated,21.876543209876544,True
54579,316,-8,Matched Control,57.27972972972973,False
54579,317,-7,Matched Control,44.086486486486486,False
54579,318,-6,Matched Control,48.07027027027027,False
54579,319,-5,Matched Control,57.60270270270271,False
54579,320,-4,Matched Control,42.674324324324324,False
54579,321,-3,Matched Control,68.9554054054054,False
54579,322,-2,Matched Control,55.935135135135134,False
54579,323,-1,Matched Control,48.81216216216216,False
54579,324,0,Matched Control,37.00405405405406,True
54579,325,1,Matched Control,40.005405405405405,True
54579,326,2,Matched Control,43.24864864864865,True
54579,327,3,Matched Control,40.48918918918919,True
54579,328,4,Matched Control,33.4081081081081,True
54579,329,5,Matched Control,31.2472972972973,True
54579,316,-8,Treated,32.5,False
54579,317,-7,Treated,14.337837837837839,False
54579,318,-6,Treated,32.027027027027025,False
54579,319,-5,Treated,13.608108108108109,False
54579,320,-4,Treated,20.0,False
54579,321,-3,Treated,14.513513513513514,False
54579,322,-2,Treated,66.83783783783784,False
54579,323,-1,Treated,19.824324324324323,False
54579,324,0,Treated,46.189189189189186,True
54579,325,1,Treated,33.513513513513516,True
54579,326,2,Treated,36.28378378378378,True
54579,327,3,Treated,53.12162162162162,True
54579,328,4,Treated,77.51351351351352,True
54579,329,5,Treated,82.33783783783784,True
54614,373,-8,Matched Control,22.761653116531164,False
54614,374,-7,Matched Control,21.268563685636856,False
54614,375,-6,Matched Control,19.337127371273713,False
54614,376,-5,Matched Control,22.08929539295393,False
54614,377,-4,Matched Control,24.596883468834687,False
54614,378,-3,Matched Control,17.393631436314365,False
54614,379,-2,Matched Control,18.28157181571816,False
54614,380,-1,Matched Control,18.367886178861788,False
54614,381,0,Matched Control,17.374254742547425,True
54614,382,1,Matched Control,17.053794037940378,True
54614,383,2,Matched Control,15.891734417344175,True
54614,384,3,Matched Control,16.981436314363144,True
54614,385,4,Matched Control,15.853658536585366,True
54614,386,5,Matched Control,17.309349593495938,True
54614,373,-8,Treated,38.19512195121951,False
54614,374,-7,Treated,28.902439024390244,False
54614,375,-6,Treated,10.853658536585366,False
54614,376,-5,Treated,36.670731707317074,False
54614,377,-4,Treated,37.0609756097561,False
54614,378,-3,Treated,14.878048780487806,False
54614,379,-2,Treated,11.853658536585366,False
54614,380,-1,Treated,17.634146341463413,False
54614,381,0,Treated,62.609756097560975,True
54614,382,1,Treated,15.487804878048781,True
54614,383,2,Treated,67.46341463414635,True
54614,384,3,Treated,15.353658536585366,True
54614,385,4,Treated,104.3048780487805,True
54614,386,5,Treated,14.414634146341463,True
55965,322,-8,Matched Control,20.504996646545944,False
55965,323,-7,Matched Control,24.261463223787167,False
55965,324,-6,Matched Control,16.91524703778225,False
55965,325,-5,Matched Control,22.72504471272077,False
55965,326,-4,Matched Control,17.56754415381176,False
55965,327,-3,Matched Control,21.292348535658395,False
55965,328,-2,Matched Control,21.024642298233847,False
55965,329,-1,Matched Control,22.198245025709817,False
55965,330,0,Matched Control,15.891851106639841,True
55965,331,1,Matched Control,17.12920299575229,True
55965,332,2,Matched Control,16.699172814665772,True
55965,333,3,Matched Control,15.68023138832998,True
55965,334,4,Matched Control,15.773261792980104,True
55965,335,5,Matched Control,18.520098367985693,True
55965,336,6,Matched Control,16.699647887323945,True
55965,322,-8,Treated,29.225352112676056,False
55965,323,-7,Treated,79.28169014084507,False
55965,324,-6,Treated,72.22535211267606,False
55965,325,-5,Treated,47.28169014084507,False
55965,326,-4,Treated,44.774647887323944,False
55965,327,-3,Treated,55.971830985915496,False
55965,328,-2,Treated,29.056338028169016,False
55965,329,-1,Treated,36.929577464788736,False
55965,330,0,Treated,109.66197183098592,True
55965,331,1,Treated,114.35211267605634,True
55965,332,2,Treated,32.690140845070424,True
55965,333,3,Treated,67.67605633802818,True
55965,334,4,Treated,69.01408450704226,True
55965,335,5,Treated,43.985915492957744,True
55965,336,6,Treated,40.95774647887324,True
55988,372,-8,Matched Control,18.964444444444446,False
55988,373,-7,Matched Control,19.18888888888889,False
55988,374,-6,Matched Control,16.57208333333333,False
55988,375,-5,Matched Control,13.816111111111109,False
55988,376,-4,Matched Control,14.368194444444445,False
55988,377,-3,Matched Control,17.29277777777778,False
55988,378,-2,Matched Control,12.176666666666666,False
55988,379,-1,Matched Control,13.73611111111111,False
55988,380,0,Matched Control,13.930416666666668,True
55988,381,1,Matched Control,13.710416666666665,True
55988,382,2,Matched Control,12.470833333333333,True
55988,383,3,Matched Control,11.619583333333335,True
55988,384,4,Matched Control,11.982777777777779,True
55988,385,5,Matched Control,12.020694444444445,True
55988,386,6,Matched Control,12.134027777777778,True
55988,372,-8,Treated,24.4625,False
55988,373,-7,Treated,24.4625,False
55988,374,-6,Treated,16.375,False
55988,375,-5,Treated,12.425,False
55988,376,-4,Treated,17.25,False
55988,377,-3,Treated,19.925,False
55988,378,-2,Treated,18.6375,False
55988,379,-1,Treated,12.2,False
55988,380,0,Treated,40.6125,True
55988,381,1,Treated,51.575,True
55988,382,2,Treated,144.0125,True
55988,383,3,Treated,43.0375,True
55988,384,4,Treated,20.95,True
55988,385,5,Treated,41.3125,True
55988,386,6,Treated,17.4125,True
56193,372,-8,Matched Control,14.474521072796936,False
56193,373,-7,Matched Control,14.474521072796936,False
56193,374,-6,Matched Control,12.325095785440611,False
56193,375,-5,Matched Control,9.763793103448275,False
56193,376,-4,Matched Control,10.07816091954023,False
56193,377,-3,Matched Control,12.970114942528735,False
56193,378,-2,Matched Control,8.479310344827587,False
56193,379,-1,Matched Control,9.749616858237548,False
56193,380,0,Matched Control,10.295977011494251,True
56193,381,1,Matched Control,10.598275862068967,True
56193,382,2,Matched Control,8.272413793103448,True
56193,383,3,Matched Control,8.47662835249042,True
56193,384,4,Matched Control,8.76072796934866,True
56193,385,5,Matched Control,9.158237547892721,True
56193,386,6,Matched Control,8.455172413793104,True
56193,372,-8,Treated,15.293103448275861,False
56193,373,-7,Treated,15.293103448275861,False
56193,374,-6,Treated,18.724137931034484,False
56193,375,-5,Treated,7.982758620689655,False
56193,376,-4,Treated,17.724137931034484,False
56193,377,-3,Treated,11.810344827586206,False
56193,378,-2,Treated,9.689655172413794,False
56193,379,-1,Treated,8.89655172413793,False
56193,380,0,Treated,19.103448275862068,True
56193,381,1,Treated,28.982758620689655,True
56193,382,2,Treated,19.56896551724138,True
56193,383,3,Treated,20.896551724137932,True
56193,384,4,Treated,8.155172413793103,True
56193,385,5,Treated,27.137931034482758,True
56193,386,6,Treated,8.431034482758621,True
56288,189,-8,Matched Control,16.37483193277311,False
56288,190,-7,Matched Control,15.635,False
56288,191,-6,Matched Control,20.433846872082167,False
56288,192,-5,Matched Control,17.92910364145658,False
56288,193,-4,Matched Control,24.126484593837535,False
56288,194,-3,Matched Control,21.19483193277311,False
56288,195,-2,Matched Control,21.670060690943043,False
56288,196,-1,Matched Control,25.657469654528477,False
56288,197,0,Matched Control,26.258823529411764,True
56288,198,1,Matched Control,25.90950513538749,True
56288,199,2,Matched Control,26.064299719887956,True
56288,200,3,Matched Control,22.96422502334267,True
56288,201,4,Matched Control,19.6653081232493,True
56288,189,-8,Treated,118.81176470588235,False
56288,190,-7,Treated,19.023529411764706,False
56288,191,-6,Treated,100.55294117647058,False
56288,192,-5,Treated,20.4,False
56288,193,-4,Treated,122.15294117647059,False
56288,194,-3,Treated,64.14117647058823,False
56288,195,-2,Treated,78.55294117647058,False
56288,196,-1,Treated,19.96470588235294,False
56288,197,0,Treated,104.12941176470588,True
56288,198,1,Treated,109.82352941176471,True
56288,199,2,Treated,99.56470588235294,True
56288,200,3,Treated,103.84705882352941,True
56288,201,4,Treated,55.294117647058826,True
56460,316,-8,Matched Control,87.47938596491228,False
56460,317,-7,Matched Control,29.99897660818714,False
56460,318,-6,Matched Control,32.435526315789474,False
56460,319,-5,Matched Control,113.11461988304094,False
56460,320,-4,Matched Control,31.45869883040936,False
56460,321,-3,Matched Control,28.660380116959065,False
56460,322,-2,Matched Control,108.78377192982457,False
56460,323,-1,Matched Control,41.177046783625734,False
56460,324,0,Matched Control,29.889766081871347,True
56460,325,1,Matched Control,30.65453216374269,True
56460,326,2,Matched Control,102.68256578947368,True
56460,327,3,Matched Control,87.4673976608187,True
56460,328,4,Matched Control,28.226461988304095,True
56460,329,5,Matched Control,27.03625730994152,True
56460,316,-8,Treated,56.78947368421053,False
56460,317,-7,Treated,33.35526315789474,False
56460,318,-6,Treated,61.671052631578945,False
56460,319,-5,Treated,30.69736842105263,False
56460,320,-4,Treated,53.921052631578945,False
56460,321,-3,Treated,32.60526315789474,False
56460,322,-2,Treated,186.30263157894737,False
56460,323,-1,Treated,53.60526315789474,False
56460,324,0,Treated,205.10526315789474,True
56460,325,1,Treated,77.14473684210526,True
56460,326,2,Treated,77.61842105263158,True
56460,327,3,Treated,165.0921052631579,True
56460,328,4,Treated,235.8684210526316,True
56460,329,5,Treated,275.44736842105266,True
56484,368,-8,Matched Control,2.694139566395664,False
56484,369,-7,Matched Control,2.0097341747944157,False
56484,370,-6,Matched Control,1.9374593612545419,False
56484,371,-5,Matched Control,1.871538535092752,False
56484,372,-4,Matched Control,1.8769506597819852,False
56484,373,-3,Matched Control,1.9165375788869765,False
56484,374,-2,Matched Control,1.8305364314400456,False
56484,375,-1,Matched Control,1.805192197360872,False
56484,376,0,Matched Control,1.9311197169630905,True
56484,377,1,Matched Control,2.16675272518646,True
56484,378,2,Matched Control,1.5220931344425321,True
56484,379,3,Matched Control,1.5464955058328553,True
56484,380,4,Matched Control,1.722030981067126,True
56484,381,5,Matched Control,1.7386115892139988,True
56484,382,6,Matched Control,1.8314639510422643,True
56484,383,7,Matched Control,1.8168053165041116,True
56484,384,8,Matched Control,2.0457926945878753,True
56484,385,9,Matched Control,1.8278208070376745,True
56484,386,10,Matched Control,1.6124354561101548,True
56484,368,-8,Treated,163.6219512195122,False
56484,369,-7,Treated,35.7710843373494,False
56484,370,-6,Treated,55.78313253012048,False
56484,371,-5,Treated,29.566265060240966,False
56484,372,-4,Treated,92.3855421686747,False
56484,373,-3,Treated,92.3855421686747,False
56484,374,-2,Treated,80.57831325301204,False
56484,375,-1,Treated,25.337349397590362,False
56484,376,0,Treated,132.0722891566265,True
56484,377,1,Treated,90.87951807228916,True
56484,378,2,Treated,94.46987951807229,True
56484,379,3,Treated,161.66265060240963,True
56484,380,4,Treated,201.81927710843374,True
56484,381,5,Treated,286.3734939759036,True
56484,382,6,Treated,79.09638554216868,True
56484,383,7,Treated,170.3975903614458,True
56484,384,8,Treated,40.40963855421687,True
56484,385,9,Treated,282.06024096385545,True
56484,386,10,Treated,43.626506024096386,True
56767,189,-8,Matched Control,16.840736016628874,False
56767,190,-7,Matched Control,15.286947278911565,False
56767,191,-6,Matched Control,19.5082955404384,False
56767,192,-5,Matched Control,17.565315570672713,False
56767,193,-4,Matched Control,19.924045729402874,False
56767,194,-3,Matched Control,17.41025132275132,False
56767,195,-2,Matched Control,16.80530045351474,False
56767,196,-1,Matched Control,20.15341553287982,False
56767,197,0,Matched Control,20.554832766439908,True
56767,198,1,Matched Control,17.89871031746032,True
56767,199,2,Matched Control,13.128387188208617,True
56767,200,3,Matched Control,12.268853930461072,True
56767,201,4,Matched Control,13.134982048374907,True
56767,189,-8,Treated,47.392857142857146,False
56767,190,-7,Treated,7.309523809523809,False
56767,191,-6,Treated,42.666666666666664,False
56767,192,-5,Treated,8.321428571428571,False
56767,193,-4,Treated,47.892857142857146,False
56767,194,-3,Treated,25.821428571428573,False
56767,195,-2,Treated,28.30952380952381,False
56767,196,-1,Treated,8.25,False
56767,197,0,Treated,39.82142857142857,True
56767,198,1,Treated,39.51190476190476,True
56767,199,2,Treated,38.976190476190474,True
56767,200,3,Treated,40.19047619047619,True
56767,201,4,Treated,22.785714285714285,True
56892,316,-8,Matched Control,23.237062404870624,False
56892,317,-7,Matched Control,20.099429223744295,False
56892,318,-6,Matched Control,35.75669710806697,False
56892,319,-5,Matched Control,28.307686453576867,False
56892,320,-4,Matched Control,20.778310502283105,False
56892,321,-3,Matched Control,23.685197869101977,False
56892,322,-2,Matched Control,16.817313546423136,False
56892,323,-1,Matched Control,18.647412480974126,False
56892,324,0,Matched Control,13.700722983257231,True
56892,325,1,Matched Control,15.288584474885845,True
56892,326,2,Matched Control,13.164611872146118,True
56892,327,3,Matched Control,13.584779299847792,True
56892,328,4,Matched Control,13.530022831050227,True
56892,329,5,Matched Control,13.289193302891933,True
56892,316,-8,Treated,22.041095890410958,False
56892,317,-7,Treated,10.36986301369863,False
56892,318,-6,Treated,19.301369863013697,False
56892,319,-5,Treated,9.794520547945206,False
56892,320,-4,Treated,17.794520547945204,False
56892,321,-3,Treated,10.26027397260274,False
56892,322,-2,Treated,49.24657534246575,False
56892,323,-1,Treated,17.17808219178082,False
56892,324,0,Treated,48.61643835616438,True
56892,325,1,Treated,30.0,True
56892,326,2,Treated,27.65753424657534,True
56892,327,3,Treated,52.16438356164384,True
56892,328,4,Treated,67.46575342465754,True
56892,329,5,Treated,56.534246575342465,True
56925,368,-8,Matched Control,20.45236625514403,False
56925,369,-7,Matched Control,19.392987804878047,False
56925,370,-6,Matched Control,19.94867886178862,False
56925,371,-5,Matched Control,19.57171409214092,False
56925,372,-4,Matched Control,18.977811653116532,False
56925,373,-3,Matched Control,19.316565040650406,False
56925,374,-2,Matched Control,16.974491869918698,False
56925,375,-1,Matched Control,14.692208672086721,False
56925,376,0,Matched Control,15.763346883468834,True
56925,377,1,Matched Control,19.14058265582656,True
56925,378,2,Matched Control,13.559756097560976,True
56925,379,3,Matched Control,15.618868563685638,True
56925,380,4,Matched Control,16.82730352303523,True
56925,381,5,Matched Control,16.38360433604336,True
56925,382,6,Matched Control,15.282723577235773,True
56925,383,7,Matched Control,14.215176151761517,True
56925,384,8,Matched Control,15.362974254742548,True
56925,385,9,Matched Control,15.564532520325205,True
56925,386,10,Matched Control,15.121747967479674,True
56925,368,-8,Treated,40.5679012345679,False
56925,369,-7,Treated,9.207317073170731,False
56925,370,-6,Treated,18.378048780487806,False
56925,371,-5,Treated,9.146341463414634,False
56925,372,-4,Treated,34.34146341463415,False
56925,373,-3,Treated,34.34146341463415,False
56925,374,-2,Treated,30.085365853658537,False
56925,375,-1,Treated,7.414634146341464,False
56925,376,0,Treated,35.13414634146341,True
56925,377,1,Treated,29.48780487804878,True
56925,378,2,Treated,31.926829268292682,True
56925,379,3,Treated,49.51219512195122,True
56925,380,4,Treated,65.71951219512195,True
56925,381,5,Treated,67.45121951219512,True
56925,382,6,Treated,33.26829268292683,True
56925,383,7,Treated,51.24390243902439,True
56925,384,8,Treated,12.768292682926829,True
56925,385,9,Treated,84.70731707317073,True
56925,386,10,Treated,11.75609756097561,True
57381,368,-8,Matched Control,10.163851851851852,False
57381,369,-7,Matched Control,9.226315789473684,False
57381,370,-6,Matched Control,10.874415204678362,False
57381,371,-5,Matched Control,9.952046783625732,False
57381,372,-4,Matched Control,9.010672514619884,False
57381,373,-3,Matched Control,9.010672514619884,False
57381,374,-2,Matched Control,8.875877192982458,False
57381,375,-1,Matched Control,8.084941520467837,False
57381,376,0,Matched Control,8.94502923976608,True
57381,377,1,Matched Control,9.737134502923977,True
57381,378,2,Matched Control,7.488888888888889,True
57381,379,3,Matched Control,7.719444444444445,True
57381,380,4,Matched Control,7.902923976608188,True
57381,381,5,Matched Control,7.22485380116959,True
57381,382,6,Matched Control,8.025292397660818,True
57381,383,7,Matched Control,7.693128654970761,True
57381,384,8,Matched Control,7.6546783625731,True
57381,385,9,Matched Control,7.6160818713450285,True
57381,386,10,Matched Control,8.098099415204677,True
57381,368,-8,Treated,21.666666666666668,False
57381,369,-7,Treated,4.578947368421052,False
57381,370,-6,Treated,12.223684210526315,False
57381,371,-5,Treated,5.2105263157894735,False
57381,372,-4,Treated,15.355263157894736,False
57381,373,-3,Treated,15.355263157894736,False
57381,374,-2,Treated,15.407894736842104,False
57381,375,-1,Treated,5.368421052631579,False
57381,376,0,Treated,16.473684210526315,True
57381,377,1,Treated,14.578947368421053,True
57381,378,2,Treated,15.118421052631579,True
57381,379,3,Treated,22.105263157894736,True
57381,380,4,Treated,25.05263157894737,True
57381,381,5,Treated,38.276315789473685,True
57381,382,6,Treated,21.19736842105263,True
57381,383,7,Treated,27.539473684210527,True
57381,384,8,Treated,9.789473684210526,True
57381,385,9,Treated,38.11842105263158,True
57381,386,10,Treated,8.105263157894736,True
58079,316,-8,Matched Control,36.792204469507105,False
58079,317,-7,Matched Control,12.429589598997493,False
58079,318,-6,Matched Control,13.109038220551378,False
58079,319,-5,Matched Control,39.9750313283208,False
58079,320,-4,Matched Control,13.664019423558898,False
58079,321,-3,Matched Control,10.921679197994987,False
58079,322,-2,Matched Control,45.528634085213035,False
58079,323,-1,Matched Control,16.259758771929825,False
58079,324,0,Matched Control,13.853242481203006,True
58079,325,1,Matched Control,11.160604636591478,True
58079,326,2,Matched Control,43.25198934837093,True
58079,327,3,Matched Control,37.20910087719299,True
58079,328,4,Matched Control,11.960808270676692,True
58079,329,5,Matched Control,13.066917293233082,True
58079,316,-8,Treated,221.51315789473685,False
58079,317,-7,Treated,96.17105263157895,False
58079,318,-6,Treated,228.07894736842104,False
58079,319,-5,Treated,94.97368421052632,False
58079,320,-4,Treated,149.78947368421052,False
58079,321,-3,Treated,101.6842105263158,False
58079,322,-2,Treated,756.4078947368421,False
58079,323,-1,Treated,153.5,False
58079,324,0,Treated,693.671052631579,True
58079,325,1,Treated,274.69736842105266,True
58079,326,2,Treated,293.35526315789474,True
58079,327,3,Treated,518.0394736842105,True
58079,328,4,Treated,863.5921052631579,True
58079,329,5,Treated,1258.0263157894738,True
58106,373,-8,Matched Control,3.879432013769363,False
58106,374,-7,Matched Control,3.590873015873016,False
58106,375,-6,Matched Control,3.2933495888315165,False
58106,376,-5,Matched Control,3.7927615222795947,False
58106,377,-4,Matched Control,3.7187368521705872,False
58106,378,-3,Matched Control,2.86270319372729,False
58106,379,-2,Matched Control,2.8714285714285714,False
58106,380,-1,Matched Control,3.0346528973035,False
58106,381,0,Matched Control,3.0151176133103843,True
58106,382,1,Matched Control,3.2790447504302924,True
58106,383,2,Matched Control,3.137684069611781,True
58106,384,3,Matched Control,3.1677376171352076,True
58106,385,4,Matched Control,3.1527921208644103,True
58106,386,5,Matched Control,3.045787913558998,True
58106,373,-8,Treated,284.5542168674699,False
58106,374,-7,Treated,229.15662650602408,False
58106,375,-6,Treated,74.79518072289157,False
58106,376,-5,Treated,363.10843373493975,False
58106,377,-4,Treated,252.6265060240964,False
58106,378,-3,Treated,120.27710843373494,False
58106,379,-2,Treated,80.27710843373494,False
58106,380,-1,Treated,125.39759036144578,False
58106,381,0,Treated,827.1325301204819,True
58106,382,1,Treated,111.03614457831326,True
58106,383,2,Treated,690.5903614457832,True
58106,384,3,Treated,108.92771084337349,True
58106,385,4,Treated,1136.1686746987953,True
58106,386,5,Treated,109.78313253012048,True
58394,189,-8,Matched Control,4.875803329461866,False
58394,190,-7,Matched Control,3.8068573364305074,False
58394,191,-6,Matched Control,4.867479674796748,False
58394,192,-5,Matched Control,4.876664730933023,False
58394,193,-4,Matched Control,4.63283004258614,False
58394,194,-3,Matched Control,3.9509194734804494,False
58394,195,-2,Matched Control,3.7129452187379015,False
58394,196,-1,Matched Control,3.912224157955865,False
58394,197,0,Matched Control,4.44247483546264,True
58394,198,1,Matched Control,4.147570654277971,True
58394,199,2,Matched Control,4.420020325203252,True
58394,200,3,Matched Control,3.6318186217576462,True
58394,201,4,Matched Control,3.883386566008517,True
58394,189,-8,Treated,457.4024390243902,False
58394,190,-7,Treated,45.207317073170735,False
58394,191,-6,Treated,439.1463414634146,False
58394,192,-5,Treated,56.329268292682926,False
58394,193,-4,Treated,431.7317073170732,False
58394,194,-3,Treated,218.46341463414635,False
58394,195,-2,Treated,328.6829268292683,False
58394,196,-1,Treated,62.073170731707314,False
58394,197,0,Treated,461.609756097561,True
58394,198,1,Treated,399.7560975609756,True
58394,199,2,Treated,342.8170731707317,True
58394,200,3,Treated,328.0609756097561,True
58394,201,4,Treated,183.21951219512195,True
58583,316,-8,Matched Control,1.7152412280701756,False
58583,317,-7,Matched Control,1.180905388471178,False
58583,318,-6,Matched Control,1.570945945945946,False
58583,319,-5,Matched Control,1.2860360360360361,False
58583,320,-4,Matched Control,1.3713963963963964,False
58583,321,-3,Matched Control,1.3085585585585584,False
58583,322,-2,Matched Control,1.5286036036036037,False
58583,323,-1,Matched Control,1.5873873873873874,False
58583,324,0,Matched Control,1.2662162162162163,True
58583,325,1,Matched Control,1.5247747747747746,True
58583,326,2,Matched Control,1.2108108108108107,True
58583,327,3,Matched Control,1.5576576576576577,True
58583,328,4,Matched Control,1.4677927927927927,True
58583,329,5,Matched Control,1.5567567567567568,True
58583,330,6,Matched Control,1.5556306306306307,True
58583,316,-8,Treated,169.80263157894737,False
58583,317,-7,Treated,72.10526315789474,False
58583,318,-6,Treated,167.93421052631578,False
58583,319,-5,Treated,67.47368421052632,False
58583,320,-4,Treated,101.28947368421052,False
58583,321,-3,Treated,71.17105263157895,False
58583,322,-2,Treated,474.19736842105266,False
58583,323,-1,Treated,102.46052631578948,False
58583,324,0,Treated,373.11842105263156,True
58583,325,1,Treated,172.64473684210526,True
58583,326,2,Treated,200.17105263157896,True
58583,327,3,Treated,290.39473684210526,True
58583,328,4,Treated,447.05263157894734,True
58583,329,5,Treated,744.078947368421,True
58583,330,6,Treated,140.81578947368422,True
58608,373,-8,Matched Control,3.8802017594186267,False
58608,374,-7,Matched Control,3.588711990820425,False
58608,375,-6,Matched Control,3.2792742398164085,False
58608,376,-5,Matched Control,3.6728724421495507,False
58608,377,-4,Matched Control,3.6663272136163703,False
58608,378,-3,Matched Control,2.837655383438516,False
58608,379,-2,Matched Control,2.8108290304073438,False
58608,380,-1,Matched Control,2.9508844903423217,False
58608,381,0,Matched Control,3.0211751768980686,True
58608,382,1,Matched Control,3.273933830560336,True
58608,383,2,Matched Control,3.106750812774909,True
58608,384,3,Matched Control,3.157520558424173,True
58608,385,4,Matched Control,3.2024335436986036,True
58608,386,5,Matched Control,3.150807993880283,True
58608,373,-8,Treated,209.3975903614458,False
58608,374,-7,Treated,161.48192771084337,False
58608,375,-6,Treated,49.9277108433735,False
58608,376,-5,Treated,235.26506024096386,False
58608,377,-4,Treated,158.0120481927711,False
58608,378,-3,Treated,66.10843373493977,False
58608,379,-2,Treated,56.566265060240966,False
58608,380,-1,Treated,85.8433734939759,False
58608,381,0,Treated,446.5903614457831,True
58608,382,1,Treated,71.73493975903614,True
58608,383,2,Treated,417.12048192771084,True
58608,384,3,Treated,64.1566265060241,True
58608,385,4,Treated,674.0722891566265,True
58608,386,5,Treated,62.204819277108435,True
59316,189,-8,Matched Control,5.525297619047619,False
59316,190,-7,Matched Control,5.352584089191232,False
59316,191,-6,Matched Control,7.482331821617536,False
59316,192,-5,Matched Control,125.6120559334845,False
59316,193,-4,Matched Control,28.18813775510204,False
59316,194,-3,Matched Control,15.75984977324263,False
59316,195,-2,Matched Control,10.915013227513228,False
59316,196,-1,Matched Control,49.62814153439153,False
59316,197,0,Matched Control,11.149069349962208,True
59316,198,1,Matched Control,8.694680650037792,True
59316,199,2,Matched Control,7.6232993197278915,True
59316,200,3,Matched Control,9.228954081632654,True
59316,201,4,Matched Control,10.309027777777777,True
59316,189,-8,Treated,255.46428571428572,False
59316,190,-7,Treated,26.05952380952381,False
59316,191,-6,Treated,239.23809523809524,False
59316,192,-5,Treated,33.19047619047619,False
59316,193,-4,Treated,224.73809523809524,False
59316,194,-3,Treated,116.23809523809524,False
59316,195,-2,Treated,166.8452380952381,False
59316,196,-1,Treated,32.642857142857146,False
59316,197,0,Treated,219.79761904761904,True
59316,198,1,Treated,201.45238095238096,True
59316,199,2,Treated,176.66666666666666,True
59316,200,3,Treated,165.35714285714286,True
59316,201,4,Treated,92.86904761904762,True
59474,316,-8,Matched Control,29.04372050622051,False
59474,317,-7,Matched Control,25.087215787215786,False
59474,318,-6,Matched Control,32.422892535392535,False
59474,319,-5,Matched Control,31.153442728442727,False
59474,320,-4,Matched Control,28.886888674388672,False
59474,321,-3,Matched Control,44.33606821106821,False
59474,322,-2,Matched Control,32.317744530244525,False
59474,323,-1,Matched Control,37.59253539253539,False
59474,324,0,Matched Control,27.599565637065638,True
59474,325,1,Matched Control,33.4358268983269,True
59474,326,2,Matched Control,26.511824324324323,True
59474,327,3,Matched Control,28.82261904761905,True
59474,328,4,Matched Control,27.474485199485198,True
59474,329,5,Matched Control,24.869771557271555,True
59474,330,6,Matched Control,28.49313063063063,True
59474,316,-8,Treated,87.6891891891892,False
59474,317,-7,Treated,35.12162162162162,False
59474,318,-6,Treated,79.10810810810811,False
59474,319,-5,Treated,31.675675675675677,False
59474,320,-4,Treated,52.270270270270274,False
59474,321,-3,Treated,34.2027027027027,False
59474,322,-2,Treated,236.0810810810811,False
59474,323,-1,Treated,50.75675675675676,False
59474,324,0,Treated,173.78378378378378,True
59474,325,1,Treated,88.56756756756756,True
59474,326,2,Treated,94.79729729729729,True
59474,327,3,Treated,146.1081081081081,True
59474,328,4,Treated,211.1216216216216,True
59474,329,5,Treated,313.2027027027027,True
59474,330,6,Treated,77.62162162162163,True
59505,373,-8,Matched Control,23.653246318607763,False
59505,374,-7,Matched Control,21.974263721552877,False
59505,375,-6,Matched Control,20.395606234461656,False
59505,376,-5,Matched Control,22.287401988908012,False
59505,377,-4,Matched Control,23.889371772805507,False
59505,378,-3,Matched Control,18.023360107095048,False
59505,379,-2,Matched Control,21.21125932300631,False
59505,380,-1,Matched Control,21.870061197169633,False
59505,381,0,Matched Control,20.179231210556512,True
59505,382,1,Matched Control,20.52342704149933,True
59505,383,2,Matched Control,19.45843373493976,True
59505,384,3,Matched Control,20.284404283801877,True
59505,385,4,Matched Control,19.158275960986806,True
59505,386,5,Matched Control,19.916671447695542,True
59505,373,-8,Treated,124.2289156626506,False
59505,374,-7,Treated,94.01204819277109,False
59505,375,-6,Treated,26.19277108433735,False
59505,376,-5,Treated,123.09638554216868,False
59505,377,-4,Treated,86.72289156626506,False
59505,378,-3,Treated,31.433734939759034,False
59505,379,-2,Treated,28.289156626506024,False
59505,380,-1,Treated,41.48192771084337,False
59505,381,0,Treated,206.66265060240963,True
59505,382,1,Treated,35.08433734939759,True
59505,383,2,Treated,193.90361445783134,True
59505,384,3,Treated,31.698795180722893,True
59505,385,4,Treated,321.5301204819277,True
59505,386,5,Treated,30.228915662650603,True
60718,371,-8,Matched Control,15.959090909090909,False
60718,372,-7,Matched Control,15.756060606060608,False
60718,373,-6,Matched Control,15.756060606060608,False
60718,374,-5,Matched Control,14.289393939393939,False
60718,375,-4,Matched Control,13.469696969696969,False
60718,376,-3,Matched Control,14.08030303030303,False
60718,377,-2,Matched Control,20.42878787878788,False
60718,378,-1,Matched Control,12.38939393939394,False
60718,379,0,Matched Control,13.66060606060606,True
60718,380,1,Matched Control,14.61969696969697,True
60718,381,2,Matched Control,14.91969696969697,True
60718,382,3,Matched Control,12.184848484848485,True
60718,383,4,Matched Control,12.618181818181817,True
60718,384,5,Matched Control,13.22121212121212,True
60718,385,6,Matched Control,13.23030303030303,True
60718,386,7,Matched Control,12.75,True
60718,371,-8,Treated,2.4393939393939394,False
60718,372,-7,Treated,42.18181818181818,False
60718,373,-6,Treated,42.18181818181818,False
60718,374,-5,Treated,3.4393939393939394,False
60718,375,-4,Treated,2.121212121212121,False
60718,376,-3,Treated,5.0606060606060606,False
60718,377,-2,Treated,63.196969696969695,False
60718,378,-1,Treated,10.833333333333334,False
60718,379,0,Treated,17.075757575757574,True
60718,380,1,Treated,25.136363636363637,True
60718,381,2,Treated,33.81818181818182,True
60718,382,3,Treated,10.606060606060606,True
60718,383,4,Treated,4.0,True
60718,384,5,Treated,97.93939393939394,True
60718,385,6,Treated,37.77272727272727,True
60718,386,7,Treated,3.272727272727273,True
60896,371,-8,Matched Control,11.294230769230769,False
60896,372,-7,Matched Control,11.828846153846154,False
60896,373,-6,Matched Control,11.847863247863247,False
60896,374,-5,Matched Control,10.958760683760685,False
60896,375,-4,Matched Control,10.30448717948718,False
60896,376,-3,Matched Control,11.451923076923077,False
60896,377,-2,Matched Control,15.14423076923077,False
60896,378,-1,Matched Control,9.809615384615386,False
60896,379,0,Matched Control,11.440384615384614,True
60896,380,1,Matched Control,12.294230769230769,True
60896,381,2,Matched Control,11.988461538461538,True
60896,382,3,Matched Control,10.563461538461537,True
60896,383,4,Matched Control,10.390384615384615,True
60896,384,5,Matched Control,10.721153846153847,True
60896,385,6,Matched Control,10.523076923076925,True
60896,386,7,Matched Control,10.415384615384616,True
60896,371,-8,Treated,1.8846153846153846,False
60896,372,-7,Treated,24.403846153846153,False
60896,373,-6,Treated,24.403846153846153,False
60896,374,-5,Treated,1.5961538461538463,False
60896,375,-4,Treated,1.2692307692307692,False
60896,376,-3,Treated,2.480769230769231,False
60896,377,-2,Treated,36.65384615384615,False
60896,378,-1,Treated,5.365384615384615,False
60896,379,0,Treated,8.538461538461538,True
60896,380,1,Treated,12.76923076923077,True
60896,381,2,Treated,17.78846153846154,True
60896,382,3,Treated,5.8076923076923075,True
60896,383,4,Treated,1.8269230769230769,True
60896,384,5,Treated,45.96153846153846,True
60896,385,6,Treated,21.442307692307693,True
60896,386,7,Treated,1.8846153846153846,True
61417,369,-8,Matched Control,17.842664092664094,False
61417,370,-7,Matched Control,19.962215787215786,False
61417,371,-6,Matched Control,16.231601244101245,False
61417,372,-5,Matched Control,16.26053196053196,False
61417,373,-4,Matched Control,16.59253003003003,False
61417,374,-3,Matched Control,15.279466966966968,False
61417,375,-2,Matched Control,13.602370227370228,False
61417,376,-1,Matched Control,14.355829043329043,False
61417,377,0,Matched Control,14.900981338481339,True
61417,378,1,Matched Control,11.777750965250965,True
61417,379,2,Matched Control,13.310328185328185,True
61417,380,3,Matched Control,12.45744851994852,True
61417,381,4,Matched Control,10.99343093093093,True
61417,382,5,Matched Control,11.433612183612183,True
61417,383,6,Matched Control,10.157711282711283,True
61417,384,7,Matched Control,10.719835907335908,True
61417,385,8,Matched Control,10.187124624624625,True
61417,386,9,Matched Control,10.783842771342773,True
61417,369,-8,Treated,5.216216216216216,False
61417,370,-7,Treated,116.78378378378379,False
61417,371,-6,Treated,4.094594594594595,False
61417,372,-5,Treated,60.67567567567568,False
61417,373,-4,Treated,60.67567567567568,False
61417,374,-3,Treated,4.554054054054054,False
61417,375,-2,Treated,3.472972972972973,False
61417,376,-1,Treated,6.351351351351352,False
61417,377,0,Treated,103.13513513513513,True
61417,378,1,Treated,28.256756756756758,True
61417,379,2,Treated,39.567567567567565,True
61417,380,3,Treated,37.13513513513514,True
61417,381,4,Treated,58.986486486486484,True
61417,382,5,Treated,14.635135135135135,True
61417,383,6,Treated,5.743243243243243,True
61417,384,7,Treated,146.36486486486487,True
61417,385,8,Treated,58.270270270270274,True
61417,386,9,Treated,4.864864864864865,True
62235,372,-8,Matched Control,12.99375,False
62235,373,-7,Matched Control,13.131527777777777,False
62235,374,-6,Matched Control,11.065277777777776,False
62235,375,-5,Matched Control,8.960416666666667,False
62235,376,-4,Matched Control,9.419722222222223,False
62235,377,-3,Matched Control,11.899861111111111,False
62235,378,-2,Matched Control,8.025138888888888,False
62235,379,-1,Matched Control,8.937777777777779,False
62235,380,0,Matched Control,9.510972222222222,True
62235,381,1,Matched Control,9.746944444444445,True
62235,382,2,Matched Control,7.773055555555556,True
62235,383,3,Matched Control,7.828333333333333,True
62235,384,4,Matched Control,8.136111111111111,True
62235,385,5,Matched Control,8.457638888888889,True
62235,386,6,Matched Control,7.964444444444444,True
62235,372,-8,Treated,14.9125,False
62235,373,-7,Treated,14.9125,False
62235,374,-6,Treated,13.05,False
62235,375,-5,Treated,4.175,False
62235,376,-4,Treated,14.275,False
62235,377,-3,Treated,12.425,False
62235,378,-2,Treated,6.775,False
62235,379,-1,Treated,4.8,False
62235,380,0,Treated,13.2875,True
62235,381,1,Treated,37.9375,True
62235,382,2,Treated,35.175,True
62235,383,3,Treated,27.1125,True
62235,384,4,Treated,6.6125,True
62235,385,5,Treated,38.4875,True
62235,386,6,Treated,6.1625,True
62340,372,-8,Matched Control,15.128006088280062,False
62340,373,-7,Matched Control,15.298021308980212,False
62340,374,-6,Matched Control,12.790715372907153,False
62340,375,-5,Matched Control,10.561187214611872,False
62340,376,-4,Matched Control,10.849771689497716,False
62340,377,-3,Matched Control,13.48082191780822,False
62340,378,-2,Matched Control,9.392389649923897,False
62340,379,-1,Matched Control,10.17123287671233,False
62340,380,0,Matched Control,10.865753424657536,True
62340,381,1,Matched Control,11.199086757990868,True
62340,382,2,Matched Control,9.155251141552512,True
62340,383,3,Matched Control,8.90806697108067,True
62340,384,4,Matched Control,9.242313546423135,True
62340,385,5,Matched Control,9.357077625570778,True
62340,386,6,Matched Control,9.080821917808219,True
62340,372,-8,Treated,16.383561643835616,False
62340,373,-7,Treated,16.383561643835616,False
62340,374,-6,Treated,15.082191780821917,False
62340,375,-5,Treated,5.589041095890411,False
62340,376,-4,Treated,15.027397260273972,False
62340,377,-3,Treated,12.164383561643836,False
62340,378,-2,Treated,6.972602739726027,False
62340,379,-1,Treated,6.616438356164384,False
62340,380,0,Treated,16.78082191780822,True
62340,381,1,Treated,33.68493150684932,True
62340,382,2,Treated,27.19178082191781,True
62340,383,3,Treated,23.71232876712329,True
62340,384,4,Treated,7.164383561643835,True
62340,385,5,Treated,34.63013698630137,True
62340,386,6,Treated,7.136986301369863,True
63116,190,-8,Matched Control,29.3359126984127,False
63116,191,-7,Matched Control,11.642460317460317,False
63116,192,-6,Matched Control,27.25049603174603,False
63116,193,-5,Matched Control,13.879133597883598,False
63116,194,-4,Matched Control,10.005952380952381,False
63116,195,-3,Matched Control,15.89996693121693,False
63116,196,-2,Matched Control,17.862863756613756,False
63116,197,-1,Matched Control,25.436276455026455,False
63116,198,0,Matched Control,11.606481481481481,True
63116,199,1,Matched Control,11.437566137566138,True
63116,200,2,Matched Control,9.03042328042328,True
63116,201,3,Matched Control,7.9706018518518515,True
63116,202,4,Matched Control,9.243452380952382,True
63116,190,-8,Treated,47.5,False
63116,191,-7,Treated,14.880952380952381,False
63116,192,-6,Treated,9.023809523809524,False
63116,193,-5,Treated,31.69047619047619,False
63116,194,-4,Treated,24.976190476190474,False
63116,195,-3,Treated,31.5,False
63116,196,-2,Treated,7.654761904761905,False
63116,197,-1,Treated,8.178571428571429,False
63116,198,0,Treated,49.595238095238095,True
63116,199,1,Treated,55.285714285714285,True
63116,200,2,Treated,59.07142857142857,True
63116,201,3,Treated,21.69047619047619,True
63116,202,4,Treated,22.75,True
63270,302,-8,Matched Control,10.135870780236978,False
63270,303,-7,Matched Control,7.631064162754304,False
63270,304,-6,Matched Control,9.707573217080258,False
63270,305,-5,Matched Control,14.66472166331321,False
63270,306,-4,Matched Control,12.674228705566733,False
63270,307,-3,Matched Control,14.671668902302704,False
63270,308,-2,Matched Control,13.332366420746704,False
63270,309,-1,Matched Control,13.714514866979657,False
63270,310,0,Matched Control,12.198725687458081,True
63270,311,1,Matched Control,11.250547730829421,True
63270,312,2,Matched Control,12.452699530516432,True
63270,313,3,Matched Control,10.966102168566957,True
63270,314,4,Matched Control,7.554298010283925,True
63270,315,5,Matched Control,4.223971607422312,True
63270,302,-8,Treated,15.32394366197183,False
63270,303,-7,Treated,7.014084507042254,False
63270,304,-6,Treated,3.464788732394366,False
63270,305,-5,Treated,12.084507042253522,False
63270,306,-4,Treated,38.45070422535211,False
63270,307,-3,Treated,11.52112676056338,False
63270,308,-2,Treated,23.676056338028168,False
63270,309,-1,Treated,12.084507042253522,False
63270,310,0,Treated,16.619718309859156,True
63270,311,1,Treated,13.971830985915492,True
63270,312,2,Treated,11.394366197183098,True
63270,313,3,Treated,15.19718309859155,True
63270,314,4,Treated,17.08450704225352,True
63270,315,5,Treated,8.43661971830986,True
64488,33,-8,Matched Control,17.155605158730157,False
64488,34,-7,Matched Control,6.814463880790412,False
64488,35,-6,Matched Control,9.329805037957213,False
64488,36,-5,Matched Control,8.181608357628766,False
64488,37,-4,Matched Control,10.377108134920634,False
64488,38,-3,Matched Control,5.711390840489201,False
64488,39,-2,Matched Control,9.90642479213908,False
64488,40,-1,Matched Control,10.972939068100358,False
64488,41,0,Matched Control,19.816300366300368,True
64488,42,1,Matched Control,10.86510989010989,True
64488,43,2,Matched Control,8.813009768009767,True
64488,44,3,Matched Control,7.24443833943834,True
64488,45,4,Matched Control,7.79051282051282,True
64488,46,5,Matched Control,11.534957264957265,True
64488,47,6,Matched Control,11.24059829059829,True
64488,33,-8,Treated,32.964285714285715,False
64488,34,-7,Treated,4.816326530612245,False
64488,35,-6,Treated,5.217391304347826,False
64488,36,-5,Treated,14.285714285714286,False
64488,37,-4,Treated,5.5625,False
64488,38,-3,Treated,4.770491803278689,False
64488,39,-2,Treated,38.07936507936508,False
64488,40,-1,Treated,12.774193548387096,False
64488,41,0,Treated,25.03076923076923,True
64488,42,1,Treated,29.923076923076923,True
64488,43,2,Treated,33.90769230769231,True
64488,44,3,Treated,25.26153846153846,True
64488,45,4,Treated,23.76923076923077,True
64488,46,5,Treated,15.261538461538462,True
64488,47,6,Treated,14.753846153846155,True
64967,42,-8,Matched Control,5.898484848484848,False
64967,43,-7,Matched Control,2.7671641791044777,False
64967,44,-6,Matched Control,11.219696969696969,False
64967,45,-5,Matched Control,2.245454545454545,False
64967,46,-4,Matched Control,2.73125,False
64967,47,-3,Matched Control,3.3301587301587303,False
64967,48,-2,Matched Control,10.842424242424244,False
64967,49,-1,Matched Control,2.173846153846154,False
64967,50,0,Matched Control,2.6,True
64967,51,1,Matched Control,2.923529411764706,True
64967,52,2,Matched Control,2.6941176470588233,True
64967,53,3,Matched Control,2.230882352941176,True
64967,54,4,Matched Control,4.897058823529412,True
64967,55,5,Matched Control,2.411764705882353,True
64967,42,-8,Treated,10.803030303030303,False
64967,43,-7,Treated,2.9402985074626864,False
64967,44,-6,Treated,16.318181818181817,False
64967,45,-5,Treated,2.106060606060606,False
64967,46,-4,Treated,2.34375,False
64967,47,-3,Treated,3.6031746031746033,False
64967,48,-2,Treated,13.393939393939394,False
64967,49,-1,Treated,3.9384615384615387,False
64967,50,0,Treated,13.014705882352942,True
64967,51,1,Treated,15.5,True
64967,52,2,Treated,12.25,True
64967,53,3,Treated,6.147058823529412,True
64967,54,4,Treated,15.235294117647058,True
64967,55,5,Treated,11.323529411764707,True
65025,115,-8,Matched Control,12.707808499743983,False
65025,116,-7,Matched Control,7.470238095238095,False
65025,117,-6,Matched Control,9.65359623015873,False
65025,118,-5,Matched Control,10.211706349206349,False
65025,119,-4,Matched Control,13.32296626984127,False
65025,120,-3,Matched Control,11.453707837301588,False
65025,121,-2,Matched Control,8.969357638888889,False
65025,122,-1,Matched Control,7.9791986687147975,False
65025,123,0,Matched Control,7.425384424603174,True
65025,124,1,Matched Control,7.524305555555555,True
65025,125,2,Matched Control,7.9171875,True
65025,126,3,Matched Control,7.382291666666667,True
65025,127,4,Matched Control,8.152281746031745,True
65025,128,5,Matched Control,7.470386904761905,True
65025,129,6,Matched Control,7.615141369047619,True
65025,130,7,Matched Control,7.328608630952381,True
65025,131,8,Matched Control,6.86860119047619,True
65025,132,9,Matched Control,6.967162698412698,True
65025,133,10,Matched Control,6.82609126984127,True
65025,134,11,Matched Control,6.89265873015873,True
65025,135,12,Matched Control,7.227108134920635,True
65025,136,13,Matched Control,7.536855158730159,True
65025,137,14,Matched Control,6.1032738095238095,True
65025,115,-8,Treated,3.3225806451612905,False
65025,116,-7,Treated,1.71875,False
65025,117,-6,Treated,4.25,False
65025,118,-5,Treated,20.75,False
65025,119,-4,Treated,24.3125,False
65025,120,-3,Treated,3.875,False
65025,121,-2,Treated,9.21875,False
65025,122,-1,Treated,5.225806451612903,False
65025,123,0,Treated,5.3125,True
65025,124,1,Treated,5.4375,True
65025,125,2,Treated,4.96875,True
65025,126,3,Treated,11.09375,True
65025,127,4,Treated,5.75,True
65025,128,5,Treated,5.21875,True
65025,129,6,Treated,7.03125,True
65025,130,7,Treated,6.25,True
65025,131,8,Treated,7.0625,True
65025,132,9,Treated,5.84375,True
65025,133,10,Treated,4.53125,True
65025,134,11,Treated,14.0625,True
65025,135,12,Treated,4.59375,True
65025,136,13,Treated,4.0,True
65025,137,14,Treated,11.71875,True
66376,155,-8,Matched Control,15.438709677419356,False
66376,156,-7,Matched Control,15.964516129032257,False
66376,157,-6,Matched Control,12.770967741935483,False
66376,158,-5,Matched Control,17.396774193548385,False
66376,159,-4,Matched Control,13.116129032258065,False
66376,160,-3,Matched Control,17.729032258064517,False
66376,161,-2,Matched Control,33.34516129032258,False
66376,162,-1,Matched Control,18.603225806451615,False
66376,163,0,Matched Control,19.664516129032258,True
66376,164,1,Matched Control,20.083870967741937,True
66376,165,2,Matched Control,14.890322580645162,True
66376,166,3,Matched Control,21.39032258064516,True
66376,167,4,Matched Control,19.625806451612902,True
66376,168,5,Matched Control,17.648387096774194,True
66376,169,6,Matched Control,14.480645161290322,True
66376,170,7,Matched Control,13.212903225806452,True
66376,171,8,Matched Control,17.187096774193545,True
66376,172,9,Matched Control,13.583870967741934,True
66376,173,10,Matched Control,14.283870967741937,True
66376,174,11,Matched Control,14.86774193548387,True
66376,175,12,Matched Control,16.283870967741937,True
66376,176,13,Matched Control,16.796774193548387,True
66376,155,-8,Treated,11.35483870967742,False
66376,156,-7,Treated,14.870967741935484,False
66376,157,-6,Treated,12.258064516129032,False
66376,158,-5,Treated,48.645161290322584,False
66376,159,-4,Treated,13.774193548387096,False
66376,160,-3,Treated,13.516129032258064,False
66376,161,-2,Treated,45.32258064516129,False
66376,162,-1,Treated,15.903225806451612,False
66376,163,0,Treated,109.09677419354838,True
66376,164,1,Treated,37.74193548387097,True
66376,165,2,Treated,74.29032258064517,True
66376,166,3,Treated,39.83870967741935,True
66376,167,4,Treated,157.67741935483872,True
66376,168,5,Treated,25.258064516129032,True
66376,169,6,Treated,72.64516129032258,True
66376,170,7,Treated,45.064516129032256,True
66376,171,8,Treated,128.61290322580646,True
66376,172,9,Treated,79.48387096774194,True
66376,173,10,Treated,44.225806451612904,True
66376,174,11,Treated,16.161290322580644,True
66376,175,12,Treated,34.193548387096776,True
66376,176,13,Treated,42.70967741935484,True
66666,155,-8,Matched Control,13.251612903225807,False
66666,156,-7,Matched Control,11.73225806451613,False
66666,157,-6,Matched Control,11.325806451612904,False
66666,158,-5,Matched Control,15.938709677419356,False
66666,159,-4,Matched Control,13.55483870967742,False
66666,160,-3,Matched Control,16.364516129032257,False
66666,161,-2,Matched Control,27.835483870967742,False
66666,162,-1,Matched Control,15.85483870967742,False
66666,163,0,Matched Control,14.838709677419354,True
66666,164,1,Matched Control,15.206451612903225,True
66666,165,2,Matched Control,13.25483870967742,True
66666,166,3,Matched Control,15.54516129032258,True
66666,167,4,Matched Control,16.58709677419355,True
66666,168,5,Matched Control,13.474193548387097,True
66666,169,6,Matched Control,13.419354838709678,True
66666,170,7,Matched Control,11.490322580645161,True
66666,171,8,Matched Control,14.296774193548387,True
66666,172,9,Matched Control,10.709677419354838,True
66666,173,10,Matched Control,11.561290322580644,True
66666,174,11,Matched Control,10.703225806451613,True
66666,175,12,Matched Control,12.961290322580645,True
66666,176,13,Matched Control,12.306451612903226,True
66666,155,-8,Treated,7.387096774193548,False
66666,156,-7,Treated,10.774193548387096,False
66666,157,-6,Treated,8.096774193548388,False
66666,158,-5,Treated,36.61290322580645,False
66666,159,-4,Treated,7.483870967741935,False
66666,160,-3,Treated,7.032258064516129,False
66666,161,-2,Treated,35.903225806451616,False
66666,162,-1,Treated,10.838709677419354,False
66666,163,0,Treated,77.35483870967742,True
66666,164,1,Treated,24.806451612903224,True
66666,165,2,Treated,43.096774193548384,True
66666,166,3,Treated,27.35483870967742,True
66666,167,4,Treated,93.96774193548387,True
66666,168,5,Treated,16.258064516129032,True
66666,169,6,Treated,42.03225806451613,True
66666,170,7,Treated,26.516129032258064,True
66666,171,8,Treated,72.70967741935483,True
66666,172,9,Treated,44.32258064516129,True
66666,173,10,Treated,23.516129032258064,True
66666,174,11,Treated,10.451612903225806,True
66666,175,12,Treated,23.032258064516128,True
66666,176,13,Treated,29.806451612903224,True
66968,179,-8,Matched Control,3.0995791245791247,False
66968,180,-7,Matched Control,2.6503727753727753,False
66968,181,-6,Matched Control,3.4685185185185183,False
66968,182,-5,Matched Control,2.4708513708513706,False
66968,183,-4,Matched Control,3.24004329004329,False
66968,184,-3,Matched Control,3.3010461760461762,False
66968,185,-2,Matched Control,3.5967051467051467,False
66968,186,-1,Matched Control,2.9480158730158728,False
66968,187,0,Matched Control,3.0563973063973067,True
66968,188,1,Matched Control,2.5494468494468494,True
66968,189,2,Matched Control,3.143241943241943,True
66968,190,3,Matched Control,3.3798941798941797,True
66968,191,4,Matched Control,3.18999518999519,True
66968,192,5,Matched Control,3.0426527176527176,True
66968,193,6,Matched Control,3.4494949494949494,True
66968,194,7,Matched Control,3.2507816257816256,True
66968,195,8,Matched Control,2.974771524771525,True
66968,196,9,Matched Control,3.5641414141414143,True
66968,197,10,Matched Control,3.7026094276094277,True
66968,198,11,Matched Control,3.08975468975469,True
66968,199,12,Matched Control,2.932178932178932,True
66968,200,13,Matched Control,2.7641774891774893,True
66968,179,-8,Treated,4.96969696969697,False
66968,180,-7,Treated,3.5454545454545454,False
66968,181,-6,Treated,3.9393939393939394,False
66968,182,-5,Treated,3.909090909090909,False
66968,183,-4,Treated,3.757575757575758,False
66968,184,-3,Treated,3.787878787878788,False
66968,185,-2,Treated,3.696969696969697,False
66968,186,-1,Treated,3.878787878787879,False
66968,187,0,Treated,5.7272727272727275,True
66968,188,1,Treated,4.636363636363637,True
66968,189,2,Treated,7.393939393939394,True
66968,190,3,Treated,6.181818181818182,True
66968,191,4,Treated,6.9393939393939394,True
66968,192,5,Treated,4.636363636363637,True
66968,193,6,Treated,6.909090909090909,True
66968,194,7,Treated,6.242424242424242,True
66968,195,8,Treated,4.9393939393939394,True
66968,196,9,Treated,7.2727272727272725,True
66968,197,10,Treated,5.96969696969697,True
66968,198,11,Treated,5.909090909090909,True
66968,199,12,Treated,5.393939393939394,True
66968,200,13,Treated,5.03030303030303,True
68071,144,-8,Matched Control,4.871859903381643,False
68071,145,-7,Matched Control,4.07218501984127,False
68071,146,-6,Matched Control,3.819327731092437,False
68071,147,-5,Matched Control,4.18577847805789,False
68071,148,-4,Matched Control,3.2964285714285713,False
68071,149,-3,Matched Control,2.895357142857143,False
68071,150,-2,Matched Control,2.7539285714285717,False
68071,151,-1,Matched Control,2.8454761904761905,False
68071,152,0,Matched Control,4.0339285714285715,True
68071,153,1,Matched Control,3.509404761904762,True
68071,154,2,Matched Control,4.105357142857143,True
68071,155,3,Matched Control,3.711071428571428,True
68071,156,4,Matched Control,4.1085714285714285,True
68071,157,5,Matched Control,3.749285714285714,True
68071,158,6,Matched Control,4.0325,True
68071,144,-8,Treated,1.9130434782608696,False
68071,145,-7,Treated,1.390625,False
68071,146,-6,Treated,2.3676470588235294,False
68071,147,-5,Treated,16.720588235294116,False
68071,148,-4,Treated,3.3529411764705883,False
68071,149,-3,Treated,1.2428571428571429,False
68071,150,-2,Treated,1.2714285714285714,False
68071,151,-1,Treated,1.1714285714285715,False
68071,152,0,Treated,14.057142857142857,True
68071,153,1,Treated,10.714285714285714,True
68071,154,2,Treated,15.928571428571429,True
68071,155,3,Treated,8.82857142857143,True
68071,156,4,Treated,8.342857142857143,True
68071,157,5,Treated,8.871428571428572,True
68071,158,6,Treated,8.3,True
68260,116,-8,Matched Control,3.56465367965368,False
68260,117,-7,Matched Control,4.093988830099941,False
68260,118,-6,Matched Control,3.7268181818181816,False
68260,119,-5,Matched Control,4.18234861845973,False
68260,120,-4,Matched Control,4.535620490620491,False
68260,121,-3,Matched Control,4.3161471861471865,False
68260,122,-2,Matched Control,4.229556143445032,False
68260,123,-1,Matched Control,3.7912337662337663,False
68260,124,0,Matched Control,3.5765728715728713,True
68260,125,1,Matched Control,3.7902886002886005,True
68260,126,2,Matched Control,3.728015873015873,True
68260,127,3,Matched Control,4.007741702741702,True
68260,128,4,Matched Control,4.03530303030303,True
68260,129,5,Matched Control,4.102813852813853,True
68260,130,6,Matched Control,4.14546176046176,True
68260,131,7,Matched Control,3.8937373737373737,True
68260,132,8,Matched Control,3.8778860028860027,True
68260,116,-8,Treated,3.909090909090909,False
68260,117,-7,Treated,4.481481481481482,False
68260,118,-6,Treated,3.8727272727272726,False
68260,119,-5,Treated,3.4074074074074074,False
68260,120,-4,Treated,4.709090909090909,False
68260,121,-3,Treated,5.490909090909091,False
68260,122,-2,Treated,6.092592592592593,False
68260,123,-1,Treated,5.6909090909090905,False
68260,124,0,Treated,8.745454545454546,True
68260,125,1,Treated,11.327272727272728,True
68260,126,2,Treated,10.2,True
68260,127,3,Treated,9.50909090909091,True
68260,128,4,Treated,10.072727272727272,True
68260,129,5,Treated,9.836363636363636,True
68260,130,6,Treated,11.0,True
68260,131,7,Treated,9.581818181818182,True
68260,132,8,Treated,8.018181818181818,True
69283,267,-8,Matched Control,4.514379876244283,False
69283,268,-7,Matched Control,4.362597524885661,False
69283,269,-6,Matched Control,5.609981167608286,False
69283,270,-5,Matched Control,3.83379069141781,False
69283,271,-4,Matched Control,4.462093085821899,False
69283,272,-3,Matched Control,4.389057035243476,False
69283,273,-2,Matched Control,4.111306160882432,False
69283,274,-1,Matched Control,3.4746973365617433,False
69283,275,0,Matched Control,4.62807371536185,True
69283,276,1,Matched Control,3.914016680118375,True
69283,277,2,Matched Control,2.87847726661286,True
69283,278,3,Matched Control,2.694888350820554,True
69283,279,4,Matched Control,2.8042776432606944,True
69283,280,5,Matched Control,3.945056497175141,True
69283,281,6,Matched Control,2.894585687382298,True
69283,267,-8,Treated,8.389830508474576,False
69283,268,-7,Treated,4.271186440677966,False
69283,269,-6,Treated,4.762711864406779,False
69283,270,-5,Treated,4.694915254237288,False
69283,271,-4,Treated,8.135593220338983,False
69283,272,-3,Treated,4.4576271186440675,False
69283,273,-2,Treated,6.677966101694915,False
69283,274,-1,Treated,4.372881355932203,False
69283,275,0,Treated,8.932203389830509,True
69283,276,1,Treated,6.491525423728813,True
69283,277,2,Treated,8.423728813559322,True
69283,278,3,Treated,5.559322033898305,True
69283,279,4,Treated,4.576271186440678,True
69283,280,5,Treated,6.491525423728813,True
69283,281,6,Treated,8.423728813559322,True
69388,267,-8,Matched Control,4.328124212648023,False
69388,268,-7,Matched Control,4.2961514235323754,False
69388,269,-6,Matched Control,3.887156714537667,False
69388,270,-5,Matched Control,5.899414210128496,False
69388,271,-4,Matched Control,4.010953640715545,False
69388,272,-3,Matched Control,6.210128495842782,False
69388,273,-2,Matched Control,4.649357520786093,False
69388,274,-1,Matched Control,3.953495842781557,False
69388,275,0,Matched Control,6.217983119173596,True
69388,276,1,Matched Control,5.265797430083144,True
69388,277,2,Matched Control,4.094116906021668,True
69388,278,3,Matched Control,3.935336356764928,True
69388,279,4,Matched Control,4.601618795666415,True
69388,280,5,Matched Control,5.291181657848324,True
69388,281,6,Matched Control,4.11055681531872,True
69388,267,-8,Treated,8.158730158730158,False
69388,268,-7,Treated,6.2063492063492065,False
69388,269,-6,Treated,4.857142857142857,False
69388,270,-5,Treated,6.349206349206349,False
69388,271,-4,Treated,11.222222222222221,False
69388,272,-3,Treated,6.698412698412699,False
69388,273,-2,Treated,9.206349206349206,False
69388,274,-1,Treated,5.9523809523809526,False
69388,275,0,Treated,11.746031746031745,True
69388,276,1,Treated,8.492063492063492,True
69388,277,2,Treated,12.047619047619047,True
69388,278,3,Treated,6.079365079365079,True
69388,279,4,Treated,5.714285714285714,True
69388,280,5,Treated,8.492063492063492,True
69388,281,6,Treated,12.047619047619047,True
69493,267,-8,Matched Control,4.181518345042935,False
69493,268,-7,Matched Control,4.256622430392921,False
69493,269,-6,Matched Control,4.425468384074941,False
69493,270,-5,Matched Control,6.430776736924278,False
69493,271,-4,Matched Control,4.13043845953682,False
69493,272,-3,Matched Control,6.364988290398127,False
69493,273,-2,Matched Control,4.527660681759042,False
69493,274,-1,Matched Control,4.439623991673172,False
69493,275,0,Matched Control,5.951275045537341,True
69493,276,1,Matched Control,4.62888368462139,True
69493,277,2,Matched Control,3.8102979443143377,True
69493,278,3,Matched Control,3.276710902940411,True
69493,279,4,Matched Control,3.9356427270361696,True
69493,280,5,Matched Control,4.6403005464480875,True
69493,281,6,Matched Control,3.816152745251106,True
69493,267,-8,Treated,10.819672131147541,False
69493,268,-7,Treated,6.524590163934426,False
69493,269,-6,Treated,5.819672131147541,False
69493,270,-5,Treated,7.147540983606557,False
69493,271,-4,Treated,13.934426229508198,False
69493,272,-3,Treated,7.360655737704918,False
69493,273,-2,Treated,12.40983606557377,False
69493,274,-1,Treated,6.901639344262295,False
69493,275,0,Treated,12.836065573770492,True
69493,276,1,Treated,10.065573770491802,True
69493,277,2,Treated,13.60655737704918,True
69493,278,3,Treated,6.704918032786885,True
69493,279,4,Treated,6.967213114754099,True
69493,280,5,Treated,10.065573770491802,True
69493,281,6,Treated,13.60655737704918,True
69998,267,-8,Matched Control,2.8829779673063256,False
69998,268,-7,Matched Control,2.9501539919450366,False
69998,269,-6,Matched Control,2.9556562425965414,False
69998,270,-5,Matched Control,4.491524520255864,False
69998,271,-4,Matched Control,2.81089196872779,False
69998,272,-3,Matched Control,4.658978914949064,False
69998,273,-2,Matched Control,3.1587301587301586,False
69998,274,-1,Matched Control,2.87879057095475,False
69998,275,0,Matched Control,4.247624970386164,True
69998,276,1,Matched Control,3.731130063965885,True
69998,277,2,Matched Control,2.918520492774224,True
69998,278,3,Matched Control,3.036490168206586,True
69998,279,4,Matched Control,3.2863302534944325,True
69998,280,5,Matched Control,3.7404584221748403,True
69998,281,6,Matched Control,2.9234126984126987,True
69998,267,-8,Treated,7.955223880597015,False
69998,268,-7,Treated,4.432835820895522,False
69998,269,-6,Treated,4.462686567164179,False
69998,270,-5,Treated,5.0,False
69998,271,-4,Treated,10.761194029850746,False
69998,272,-3,Treated,4.7611940298507465,False
69998,273,-2,Treated,8.552238805970148,False
69998,274,-1,Treated,4.955223880597015,False
69998,275,0,Treated,9.537313432835822,True
69998,276,1,Treated,7.522388059701493,True
69998,277,2,Treated,10.701492537313433,True
69998,278,3,Treated,5.343283582089552,True
69998,279,4,Treated,4.6716417910447765,True
69998,280,5,Treated,7.522388059701493,True
69998,281,6,Treated,10.701492537313433,True
70070,267,-8,Matched Control,4.023998178506376,False
70070,268,-7,Matched Control,4.282949518605257,False
70070,269,-6,Matched Control,5.308970856102004,False
70070,270,-5,Matched Control,3.6389799635701277,False
70070,271,-4,Matched Control,4.0821883944834765,False
70070,272,-3,Matched Control,3.7328194119177724,False
70070,273,-2,Matched Control,3.644008587041374,False
70070,274,-1,Matched Control,3.6350507416081186,False
70070,275,0,Matched Control,4.870686963309915,True
70070,276,1,Matched Control,5.767902680197762,True
70070,277,2,Matched Control,4.229371584699454,True
70070,278,3,Matched Control,4.384927140255009,True
70070,279,4,Matched Control,4.126281550871715,True
70070,280,5,Matched Control,5.801762945615405,True
70070,281,6,Matched Control,4.249570647931304,True
70070,267,-8,Treated,7.508196721311475,False
70070,268,-7,Treated,4.688524590163935,False
70070,269,-6,Treated,4.147540983606557,False
70070,270,-5,Treated,4.508196721311475,False
70070,271,-4,Treated,7.344262295081967,False
70070,272,-3,Treated,3.5901639344262297,False
70070,273,-2,Treated,5.901639344262295,False
70070,274,-1,Treated,4.327868852459017,False
70070,275,0,Treated,7.524590163934426,True
70070,276,1,Treated,5.852459016393443,True
70070,277,2,Treated,6.590163934426229,True
70070,278,3,Treated,3.6885245901639343,True
70070,279,4,Treated,3.819672131147541,True
70070,280,5,Treated,5.852459016393443,True
70070,281,6,Treated,6.590163934426229,True
70997,50,-8,Matched Control,6.339800995024875,False
70997,51,-7,Matched Control,6.8136363636363635,False
70997,52,-6,Matched Control,6.232575757575758,False
70997,53,-5,Matched Control,5.357070707070707,False
70997,54,-4,Matched Control,11.587064676616915,False
70997,55,-3,Matched Control,5.2027777777777775,False
70997,56,-2,Matched Control,4.333333333333333,False
70997,57,-1,Matched Control,13.068905472636816,False
70997,58,0,Matched Control,2.9616915422885572,True
70997,59,1,Matched Control,8.67960199004975,True
70997,60,2,Matched Control,24.516666666666666,True
70997,61,3,Matched Control,3.2609452736318407,True
70997,62,4,Matched Control,4.037562189054726,True
70997,63,5,Matched Control,6.119402985074627,True
70997,64,6,Matched Control,34.5547263681592,True
70997,65,7,Matched Control,3.5883084577114426,True
70997,66,8,Matched Control,6.596766169154229,True
70997,67,9,Matched Control,4.285572139303483,True
70997,68,10,Matched Control,39.154477611940294,True
70997,69,11,Matched Control,5.311442786069652,True
70997,70,12,Matched Control,6.220398009950249,True
70997,71,13,Matched Control,9.16268656716418,True
70997,50,-8,Treated,13.26865671641791,False
70997,51,-7,Treated,43.36363636363637,False
70997,52,-6,Treated,12.818181818181818,False
70997,53,-5,Treated,41.696969696969695,False
70997,54,-4,Treated,9.970149253731343,False
70997,55,-3,Treated,31.136363636363637,False
70997,56,-2,Treated,29.075757575757574,False
70997,57,-1,Treated,12.149253731343284,False
70997,58,0,Treated,32.67164179104478,True
70997,59,1,Treated,42.28358208955224,True
70997,60,2,Treated,55.17910447761194,True
70997,61,3,Treated,50.91044776119403,True
70997,62,4,Treated,42.417910447761194,True
70997,63,5,Treated,38.850746268656714,True
70997,64,6,Treated,43.059701492537314,True
70997,65,7,Treated,39.32835820895522,True
70997,66,8,Treated,41.343283582089555,True
70997,67,9,Treated,53.37313432835821,True
70997,68,10,Treated,40.059701492537314,True
70997,69,11,Treated,44.17910447761194,True
70997,70,12,Treated,64.7910447761194,True
70997,71,13,Treated,51.53731343283582,True
71176,51,-8,Matched Control,1.6886243386243385,False
71176,52,-7,Matched Control,0.9439153439153439,False
71176,53,-6,Matched Control,1.0473544973544973,False
71176,54,-5,Matched Control,0.80546875,False
71176,55,-4,Matched Control,1.1074074074074074,False
71176,56,-3,Matched Control,0.6698412698412699,False
71176,57,-2,Matched Control,0.51171875,False
71176,58,-1,Matched Control,0.70703125,False
71176,59,0,Matched Control,1.1377604166666666,True
71176,60,1,Matched Control,0.6549479166666666,True
71176,61,2,Matched Control,0.6625372023809524,True
71176,62,3,Matched Control,0.8866071428571429,True
71176,63,4,Matched Control,0.4297619047619048,True
71176,64,5,Matched Control,0.6835193452380952,True
71176,65,6,Matched Control,0.5203497023809524,True
71176,66,7,Matched Control,0.5753720238095238,True
71176,67,8,Matched Control,0.808407738095238,True
71176,68,9,Matched Control,1.2912946428571428,True
71176,69,10,Matched Control,0.5941964285714286,True
71176,70,11,Matched Control,0.6829241071428571,True
71176,71,12,Matched Control,0.5353050595238096,True
71176,72,13,Matched Control,0.6054315476190476,True
71176,73,14,Matched Control,0.6813244047619048,True
71176,74,15,Matched Control,0.4370907738095238,True
71176,51,-8,Treated,32.6031746031746,False
71176,52,-7,Treated,9.571428571428571,False
71176,53,-6,Treated,32.904761904761905,False
71176,54,-5,Treated,7.71875,False
71176,55,-4,Treated,23.92063492063492,False
71176,56,-3,Treated,22.92063492063492,False
71176,57,-2,Treated,8.921875,False
71176,58,-1,Treated,27.1875,False
71176,59,0,Treated,28.0625,True
71176,60,1,Treated,39.34375,True
71176,61,2,Treated,37.359375,True
71176,62,3,Treated,26.5625,True
71176,63,4,Treated,26.59375,True
71176,64,5,Treated,29.140625,True
71176,65,6,Treated,29.109375,True
71176,66,7,Treated,25.796875,True
71176,67,8,Treated,30.171875,True
71176,68,9,Treated,23.0,True
71176,69,10,Treated,35.234375,True
71176,70,11,Treated,40.921875,True
71176,71,12,Treated,36.8125,True
71176,72,13,Treated,32.21875,True
71176,73,14,Treated,29.59375,True
71176,74,15,Treated,11.71875,True
71208,84,-8,Matched Control,4.596487119437939,False
71208,85,-7,Matched Control,6.288018433179724,False
71208,86,-6,Matched Control,8.575198412698414,False
71208,87,-5,Matched Control,7.258949096880132,False
71208,88,-4,Matched Control,4.812539682539683,False
71208,89,-3,Matched Control,5.327513227513228,False
71208,90,-2,Matched Control,4.375985221674877,False
71208,91,-1,Matched Control,5.753337236533958,False
71208,92,0,Matched Control,3.58963133640553,True
71208,93,1,Matched Control,2.9318932411674345,True
71208,94,2,Matched Control,3.609216589861751,True
71208,95,3,Matched Control,2.9501152073732717,True
71208,96,4,Matched Control,2.4670122887864823,True
71208,97,5,Matched Control,2.9484447004608296,True
71208,98,6,Matched Control,2.358678955453149,True
71208,84,-8,Treated,24.901639344262296,False
71208,85,-7,Treated,25.306451612903224,False
71208,86,-6,Treated,25.883333333333333,False
71208,87,-5,Treated,32.827586206896555,False
71208,88,-4,Treated,23.433333333333334,False
71208,89,-3,Treated,39.18518518518518,False
71208,90,-2,Treated,24.79310344827586,False
71208,91,-1,Treated,16.475409836065573,False
71208,92,0,Treated,43.225806451612904,True
71208,93,1,Treated,34.5,True
71208,94,2,Treated,49.17741935483871,True
71208,95,3,Treated,31.241935483870968,True
71208,96,4,Treated,70.24193548387096,True
71208,97,5,Treated,33.66129032258065,True
71208,98,6,Treated,68.91935483870968,True
72006,33,-8,Matched Control,8.153362573099415,False
72006,34,-7,Matched Control,4.717722222222222,False
72006,35,-6,Matched Control,6.130260047281324,False
72006,36,-5,Matched Control,3.998388888888889,False
72006,37,-4,Matched Control,6.09503367003367,False
72006,38,-3,Matched Control,3.6934303350970015,False
72006,39,-2,Matched Control,6.483760683760684,False
72006,40,-1,Matched Control,4.167100694444445,False
72006,41,0,Matched Control,7.499129353233831,True
72006,42,1,Matched Control,4.058996683250415,True
72006,43,2,Matched Control,3.307006633499171,True
72006,44,3,Matched Control,2.4099917081260362,True
72006,45,4,Matched Control,3.187479270315091,True
72006,46,5,Matched Control,3.2099917081260365,True
72006,47,6,Matched Control,5.2172056384742955,True
72006,33,-8,Treated,19.140350877192983,False
72006,34,-7,Treated,17.6,False
72006,35,-6,Treated,19.02127659574468,False
72006,36,-5,Treated,13.12,False
72006,37,-4,Treated,14.984848484848484,False
72006,38,-3,Treated,9.920634920634921,False
72006,39,-2,Treated,16.8,False
72006,40,-1,Treated,6.78125,False
72006,41,0,Treated,12.104477611940299,True
72006,42,1,Treated,14.029850746268657,True
72006,43,2,Treated,16.492537313432837,True
72006,44,3,Treated,10.611940298507463,True
72006,45,4,Treated,10.582089552238806,True
72006,46,5,Treated,7.7611940298507465,True
72006,47,6,Treated,10.149253731343284,True
72039,77,-8,Matched Control,4.394794188861986,False
72039,78,-7,Matched Control,5.295581113801452,False
72039,79,-6,Matched Control,6.273073593073593,False
72039,80,-5,Matched Control,6.053869047619047,False
72039,81,-4,Matched Control,4.634900793650794,False
72039,82,-3,Matched Control,3.762436224489796,False
72039,83,-2,Matched Control,3.8469733656174334,False
72039,84,-1,Matched Control,3.342638888888889,False
72039,85,0,Matched Control,3.694345238095238,True
72039,86,1,Matched Control,3.9941666666666666,True
72039,87,2,Matched Control,5.255396825396826,True
72039,88,3,Matched Control,4.2501984126984125,True
72039,89,4,Matched Control,4.411190476190476,True
72039,90,5,Matched Control,4.40406746031746,True
72039,91,6,Matched Control,3.970595238095238,True
72039,77,-8,Treated,7.0,False
72039,78,-7,Treated,8.11864406779661,False
72039,79,-6,Treated,8.127272727272727,False
72039,80,-5,Treated,28.660714285714285,False
72039,81,-4,Treated,9.866666666666667,False
72039,82,-3,Treated,2.5714285714285716,False
72039,83,-2,Treated,9.64406779661017,False
72039,84,-1,Treated,8.8,False
72039,85,0,Treated,9.783333333333333,True
72039,86,1,Treated,11.016666666666667,True
72039,87,2,Treated,10.8,True
72039,88,3,Treated,11.016666666666667,True
72039,89,4,Treated,10.95,True
72039,90,5,Treated,10.916666666666666,True
72039,91,6,Treated,10.433333333333334,True
72348,33,-8,Matched Control,8.001903292181069,False
72348,34,-7,Matched Control,4.833564814814815,False
72348,35,-6,Matched Control,6.2471604938271605,False
72348,36,-5,Matched Control,4.10644208037825,False
72348,37,-4,Matched Control,6.146516754850088,False
72348,38,-3,Matched Control,3.697777777777778,False
72348,39,-2,Matched Control,6.463037634408602,False
72348,40,-1,Matched Control,4.19672131147541,False
72348,41,0,Matched Control,7.461979166666667,True
72348,42,1,Matched Control,4.0999565972222225,True
72348,43,2,Matched Control,3.3621961805555554,True
72348,44,3,Matched Control,2.4357204861111112,True
72348,45,4,Matched Control,3.1606770833333333,True
72348,46,5,Matched Control,3.1393229166666665,True
72348,47,6,Matched Control,5.225,True
72348,33,-8,Treated,21.333333333333332,False
72348,34,-7,Treated,18.3125,False
72348,35,-6,Treated,20.177777777777777,False
72348,36,-5,Treated,15.46808510638298,False
72348,37,-4,Treated,13.428571428571429,False
72348,38,-3,Treated,10.65,False
72348,39,-2,Treated,16.951612903225808,False
72348,40,-1,Treated,6.901639344262295,False
72348,41,0,Treated,13.515625,True
72348,42,1,Treated,15.0625,True
72348,43,2,Treated,15.5625,True
72348,44,3,Treated,11.625,True
72348,45,4,Treated,11.6875,True
72348,46,5,Treated,7.71875,True
72348,47,6,Treated,10.40625,True
72372,65,-8,Matched Control,7.647852891156463,False
72372,66,-7,Matched Control,8.587322472848788,False
72372,67,-6,Matched Control,12.895238095238096,False
72372,68,-5,Matched Control,9.14235347985348,False
72372,69,-4,Matched Control,5.792565139263253,False
72372,70,-3,Matched Control,5.091688712522046,False
72372,71,-2,Matched Control,4.705548469387756,False
72372,72,-1,Matched Control,10.044749149659864,False
72372,73,0,Matched Control,5.38389724310777,True
72372,74,1,Matched Control,4.409085213032582,True
72372,75,2,Matched Control,4.168859649122807,True
72372,76,3,Matched Control,4.483771929824561,True
72372,77,4,Matched Control,4.230701754385965,True
72372,78,5,Matched Control,3.8765873015873016,True
72372,79,6,Matched Control,4.2234335839599,True
72372,80,7,Matched Control,4.631683375104428,True
72372,81,8,Matched Control,5.08577694235589,True
72372,65,-8,Treated,2.5535714285714284,False
72372,66,-7,Treated,2.8771929824561404,False
72372,67,-6,Treated,5.280701754385965,False
72372,68,-5,Treated,25.326923076923077,False
72372,69,-4,Treated,3.6037735849056602,False
72372,70,-3,Treated,6.148148148148148,False
72372,71,-2,Treated,2.625,False
72372,72,-1,Treated,2.8214285714285716,False
72372,73,0,Treated,8.368421052631579,True
72372,74,1,Treated,10.24561403508772,True
72372,75,2,Treated,9.421052631578947,True
72372,76,3,Treated,8.68421052631579,True
72372,77,4,Treated,8.0,True
72372,78,5,Treated,10.070175438596491,True
72372,79,6,Treated,8.947368421052632,True
72372,80,7,Treated,26.736842105263158,True
72372,81,8,Treated,8.385964912280702,True
74580,350,-8,Matched Control,11.663693270735525,False
74580,351,-7,Matched Control,10.883255086071987,False
74580,352,-6,Matched Control,10.001564945226917,False
74580,353,-5,Matched Control,14.644600938967136,False
74580,354,-4,Matched Control,17.360406885758998,False
74580,355,-3,Matched Control,19.13568075117371,False
74580,356,-2,Matched Control,14.918935837245698,False
74580,357,-1,Matched Control,15.063223787167448,False
74580,358,0,Matched Control,19.565140845070424,True
74580,359,1,Matched Control,19.625,True
74580,360,2,Matched Control,17.151408450704224,True
74580,361,3,Matched Control,20.383802816901408,True
74580,362,4,Matched Control,12.104381846635368,True
74580,363,5,Matched Control,12.940062597809076,True
74580,364,6,Matched Control,14.209859154929577,True
74580,365,7,Matched Control,13.182003129890454,True
74580,366,8,Matched Control,10.628794992175273,True
74580,350,-8,Treated,9.309859154929578,False
74580,351,-7,Treated,7.070422535211268,False
74580,352,-6,Treated,7.28169014084507,False
74580,353,-5,Treated,8.408450704225352,False
74580,354,-4,Treated,7.084507042253521,False
74580,355,-3,Treated,25.718309859154928,False
74580,356,-2,Treated,15.028169014084508,False
74580,357,-1,Treated,6.535211267605634,False
74580,358,0,Treated,40.95774647887324,True
74580,359,1,Treated,32.66197183098591,True
74580,360,2,Treated,90.97183098591549,True
74580,361,3,Treated,93.1830985915493,True
74580,362,4,Treated,32.098591549295776,True
74580,363,5,Treated,23.845070422535212,True
74580,364,6,Treated,38.33802816901409,True
74580,365,7,Treated,9.971830985915492,True
74580,366,8,Treated,46.28169014084507,True
74904,350,-8,Matched Control,5.096150097465887,False
74904,351,-7,Matched Control,5.248196881091618,False
74904,352,-6,Matched Control,5.0453216374269,False
74904,353,-5,Matched Control,6.3364522417154,False
74904,354,-4,Matched Control,6.123489278752436,False
74904,355,-3,Matched Control,7.940302144249513,False
74904,356,-2,Matched Control,5.84556530214425,False
74904,357,-1,Matched Control,6.014327485380117,False
74904,358,0,Matched Control,9.543859649122806,True
74904,359,1,Matched Control,9.751879699248121,True
74904,360,2,Matched Control,8.904761904761905,True
74904,361,3,Matched Control,10.263157894736842,True
74904,362,4,Matched Control,4.900194931773879,True
74904,363,5,Matched Control,4.570711500974659,True
74904,364,6,Matched Control,5.055360623781676,True
74904,365,7,Matched Control,4.514132553606237,True
74904,366,8,Matched Control,3.919736842105263,True
74904,350,-8,Treated,4.543859649122807,False
74904,351,-7,Treated,4.350877192982456,False
74904,352,-6,Treated,3.912280701754386,False
74904,353,-5,Treated,4.333333333333333,False
74904,354,-4,Treated,4.2105263157894735,False
74904,355,-3,Treated,11.789473684210526,False
74904,356,-2,Treated,5.333333333333333,False
74904,357,-1,Treated,3.56140350877193,False
74904,358,0,Treated,23.859649122807017,True
74904,359,1,Treated,17.157894736842106,True
74904,360,2,Treated,51.70175438596491,True
74904,361,3,Treated,49.50877192982456,True
74904,362,4,Treated,16.982456140350877,True
74904,363,5,Treated,9.75438596491228,True
74904,364,6,Treated,20.94736842105263,True
74904,365,7,Treated,4.491228070175438,True
74904,366,8,Treated,21.649122807017545,True
77112,373,-8,Matched Control,3.7528011204481793,False
77112,374,-7,Matched Control,4.119140989729225,False
77112,375,-6,Matched Control,3.303693977591036,False
77112,376,-5,Matched Control,5.780759803921568,False
77112,377,-4,Matched Control,5.040271942110177,False
77112,378,-3,Matched Control,3.8663807189542485,False
77112,379,-2,Matched Control,3.2775268440709615,False
77112,380,-1,Matched Control,3.700793650793651,False
77112,381,0,Matched Control,3.7648984593837533,True
77112,382,1,Matched Control,3.832137021475257,True
77112,383,2,Matched Control,4.217991363211952,True
77112,384,3,Matched Control,4.734558823529412,True
77112,385,4,Matched Control,3.8970296451914095,True
77112,386,5,Matched Control,4.392005135387488,True
77112,373,-8,Treated,2.8823529411764706,False
77112,374,-7,Treated,0.4117647058823529,False
77112,375,-6,Treated,0.5,False
77112,376,-5,Treated,14.485294117647058,False
77112,377,-4,Treated,10.544117647058824,False
77112,378,-3,Treated,1.2058823529411764,False
77112,379,-2,Treated,0.8235294117647058,False
77112,380,-1,Treated,0.4117647058823529,False
77112,381,0,Treated,4.838235294117647,True
77112,382,1,Treated,0.5147058823529411,True
77112,383,2,Treated,9.529411764705882,True
77112,384,3,Treated,0.6470588235294118,True
77112,385,4,Treated,7.514705882352941,True
77112,386,5,Treated,0.5147058823529411,True
77250,360,-8,Matched Control,12.039076278659612,False
77250,361,-7,Matched Control,14.270447530864196,False
77250,362,-6,Matched Control,8.648993418505613,False
77250,363,-5,Matched Control,9.023112659698025,False
77250,364,-4,Matched Control,10.43511420828494,False
77250,365,-3,Matched Control,9.48645954316686,False
77250,366,-2,Matched Control,8.401974678760393,False
77250,367,-1,Matched Control,8.321919879062737,False
77250,368,0,Matched Control,8.112915721844294,True
77250,369,1,Matched Control,8.156075207860923,True
77250,370,2,Matched Control,8.595096371882086,True
77250,371,3,Matched Control,8.045171957671958,True
77250,372,4,Matched Control,7.950160619803476,True
77250,373,5,Matched Control,8.054516250944822,True
77250,374,6,Matched Control,7.668981481481482,True
77250,375,7,Matched Control,7.375368480725624,True
77250,376,8,Matched Control,8.162840136054422,True
77250,377,9,Matched Control,9.325188964474679,True
77250,378,10,Matched Control,6.428684807256236,True
77250,360,-8,Treated,14.441176470588236,False
77250,361,-7,Treated,16.235294117647058,False
77250,362,-6,Treated,14.21951219512195,False
77250,363,-5,Treated,13.024390243902438,False
77250,364,-4,Treated,15.926829268292684,False
77250,365,-3,Treated,14.78048780487805,False
77250,366,-2,Treated,12.333333333333334,False
77250,367,-1,Treated,11.333333333333334,False
77250,368,0,Treated,12.333333333333334,True
77250,369,1,Treated,14.976190476190476,True
77250,370,2,Treated,15.452380952380953,True
77250,371,3,Treated,14.0,True
77250,372,4,Treated,11.976190476190476,True
77250,373,5,Treated,11.976190476190476,True
77250,374,6,Treated,12.285714285714286,True
77250,375,7,Treated,11.738095238095237,True
77250,376,8,Treated,12.880952380952381,True
77250,377,9,Treated,14.976190476190476,True
77250,378,10,Treated,9.333333333333334,True
77325,222,-8,Matched Control,9.822061191626409,False
77325,223,-7,Matched Control,10.020450885668277,False
77325,224,-6,Matched Control,8.567310789049918,False
77325,225,-5,Matched Control,7.902898550724637,False
77325,226,-4,Matched Control,6.3209339774557165,False
77325,227,-3,Matched Control,5.764412238325282,False
77325,228,-2,Matched Control,6.338969404186796,False
77325,229,-1,Matched Control,5.502737520128824,False
77325,230,0,Matched Control,5.8784219001610305,True
77325,231,1,Matched Control,5.474557165861514,True
77325,232,2,Matched Control,5.8784219001610305,True
77325,233,3,Matched Control,5.474557165861514,True
77325,234,4,Matched Control,4.372463768115942,True
77325,235,5,Matched Control,4.626731078904992,True
77325,222,-8,Treated,13.347826086956522,False
77325,223,-7,Treated,13.942028985507246,False
77325,224,-6,Treated,11.753623188405797,False
77325,225,-5,Treated,14.202898550724637,False
77325,226,-4,Treated,9.18840579710145,False
77325,227,-3,Treated,10.072463768115941,False
77325,228,-2,Treated,10.159420289855072,False
77325,229,-1,Treated,9.695652173913043,False
77325,230,0,Treated,12.289855072463768,True
77325,231,1,Treated,12.44927536231884,True
77325,232,2,Treated,12.289855072463768,True
77325,233,3,Treated,12.44927536231884,True
77325,234,4,Treated,9.927536231884059,True
77325,235,5,Treated,11.0,True
77595,360,-8,Matched Control,15.891071428571427,False
77595,361,-7,Matched Control,19.727678571428573,False
77595,362,-6,Matched Control,11.281657848324516,False
77595,363,-5,Matched Control,13.568844797178132,False
77595,364,-4,Matched Control,13.702433862433862,False
77595,365,-3,Matched Control,13.344082892416226,False
77595,366,-2,Matched Control,11.038440303657696,False
77595,367,-1,Matched Control,11.665243271221533,False
77595,368,0,Matched Control,10.551854727398206,True
77595,369,1,Matched Control,9.735533126293996,True
77595,370,2,Matched Control,9.889717046238784,True
77595,371,3,Matched Control,10.09805900621118,True
77595,372,4,Matched Control,10.2692977915804,True
77595,373,5,Matched Control,10.310446859903381,True
77595,374,6,Matched Control,9.339734299516909,True
77595,375,7,Matched Control,8.252234299516909,True
77595,376,8,Matched Control,9.275276052449966,True
77595,377,9,Matched Control,11.397066942719118,True
77595,378,10,Matched Control,7.545703933747411,True
77595,360,-8,Treated,14.2,False
77595,361,-7,Treated,18.4,False
77595,362,-6,Treated,17.6,False
77595,363,-5,Treated,16.933333333333334,False
77595,364,-4,Treated,16.244444444444444,False
77595,365,-3,Treated,16.622222222222224,False
77595,366,-2,Treated,13.130434782608695,False
77595,367,-1,Treated,13.847826086956522,False
77595,368,0,Treated,13.826086956521738,True
77595,369,1,Treated,17.543478260869566,True
77595,370,2,Treated,16.695652173913043,True
77595,371,3,Treated,17.02173913043478,True
77595,372,4,Treated,15.717391304347826,True
77595,373,5,Treated,15.717391304347826,True
77595,374,6,Treated,14.130434782608695,True
77595,375,7,Treated,13.434782608695652,True
77595,376,8,Treated,14.91304347826087,True
77595,377,9,Treated,18.58695652173913,True
77595,378,10,Treated,11.304347826086957,True
77660,222,-8,Matched Control,8.777133655394525,False
77660,223,-7,Matched Control,8.62512077294686,False
77660,224,-6,Matched Control,7.458615136876006,False
77660,225,-5,Matched Control,7.220933977455717,False
77660,226,-4,Matched Control,6.422866344605475,False
77660,227,-3,Matched Control,5.977616747181965,False
77660,228,-2,Matched Control,6.730072463768116,False
77660,229,-1,Matched Control,5.984339774557165,False
77660,230,0,Matched Control,6.390901771336554,True
77660,231,1,Matched Control,6.037721417069243,True
77660,232,2,Matched Control,6.416666666666667,True
77660,233,3,Matched Control,6.0736312399355885,True
77660,234,4,Matched Control,5.0055555555555555,True
77660,235,5,Matched Control,5.223590982286635,True
77660,222,-8,Treated,13.882352941176471,False
77660,223,-7,Treated,13.764705882352942,False
77660,224,-6,Treated,12.867647058823529,False
77660,225,-5,Treated,13.382352941176471,False
77660,226,-4,Treated,10.594202898550725,False
77660,227,-3,Treated,9.782608695652174,False
77660,228,-2,Treated,10.594202898550725,False
77660,229,-1,Treated,11.304347826086957,False
77660,230,0,Treated,14.652173913043478,True
77660,231,1,Treated,13.942028985507246,True
77660,232,2,Treated,14.652173913043478,True
77660,233,3,Treated,13.942028985507246,True
77660,234,4,Treated,9.73913043478261,True
77660,235,5,Treated,9.971014492753623,True
78067,360,-8,Matched Control,13.112654320987653,False
78067,361,-7,Matched Control,14.797839506172838,False
78067,362,-6,Matched Control,10.138176638176638,False
78067,363,-5,Matched Control,10.764102564102565,False
78067,364,-4,Matched Control,11.669515669515668,False
78067,365,-3,Matched Control,10.538461538461538,False
78067,366,-2,Matched Control,9.189743589743589,False
78067,367,-1,Matched Control,9.373789173789174,False
78067,368,0,Matched Control,8.527065527065528,True
78067,369,1,Matched Control,8.514245014245015,True
78067,370,2,Matched Control,9.1982905982906,True
78067,371,3,Matched Control,8.651851851851852,True
78067,372,4,Matched Control,8.682621082621083,True
78067,373,5,Matched Control,8.803133903133904,True
78067,374,6,Matched Control,8.387464387464387,True
78067,375,7,Matched Control,7.842165242165242,True
78067,376,8,Matched Control,8.728490028490029,True
78067,377,9,Matched Control,9.493447293447295,True
78067,378,10,Matched Control,6.937606837606838,True
78067,360,-8,Treated,13.833333333333334,False
78067,361,-7,Treated,14.75,False
78067,362,-6,Treated,11.923076923076923,False
78067,363,-5,Treated,11.538461538461538,False
78067,364,-4,Treated,12.333333333333334,False
78067,365,-3,Treated,11.564102564102564,False
78067,366,-2,Treated,8.846153846153847,False
78067,367,-1,Treated,8.435897435897436,False
78067,368,0,Treated,10.487179487179487,True
78067,369,1,Treated,11.128205128205128,True
78067,370,2,Treated,11.307692307692308,True
78067,371,3,Treated,11.23076923076923,True
78067,372,4,Treated,9.025641025641026,True
78067,373,5,Treated,9.025641025641026,True
78067,374,6,Treated,9.76923076923077,True
78067,375,7,Treated,10.153846153846153,True
78067,376,8,Treated,11.076923076923077,True
78067,377,9,Treated,11.76923076923077,True
78067,378,10,Treated,8.615384615384615,True
78371,267,-8,Matched Control,9.203329613095239,False
78371,268,-7,Matched Control,8.37673611111111,False
78371,269,-6,Matched Control,7.9806671626984125,False
78371,270,-5,Matched Control,9.942695932539683,False
78371,271,-4,Matched Control,8.361966765873015,False
78371,272,-3,Matched Control,9.29166046626984,False
78371,273,-2,Matched Control,8.166449652777779,False
78371,274,-1,Matched Control,6.873573908730159,False
78371,275,0,Matched Control,9.385131448412698,True
78371,276,1,Matched Control,8.28820064484127,True
78371,277,2,Matched Control,7.55538814484127,True
78371,278,3,Matched Control,8.031212797619048,True
78371,279,4,Matched Control,8.208630952380952,True
78371,280,5,Matched Control,8.365606398809524,True
78371,281,6,Matched Control,7.640283978174603,True
78371,267,-8,Treated,16.359375,False
78371,268,-7,Treated,19.1875,False
78371,269,-6,Treated,16.4375,False
78371,270,-5,Treated,19.0,False
78371,271,-4,Treated,13.109375,False
78371,272,-3,Treated,12.46875,False
78371,273,-2,Treated,12.578125,False
78371,274,-1,Treated,13.046875,False
78371,275,0,Treated,20.109375,True
78371,276,1,Treated,12.71875,True
78371,277,2,Treated,14.0,True
78371,278,3,Treated,9.859375,True
78371,279,4,Treated,9.9375,True
78371,280,5,Treated,12.71875,True
78371,281,6,Treated,14.0,True
78456,267,-8,Matched Control,16.026574074074073,False
78456,268,-7,Matched Control,15.881203703703704,False
78456,269,-6,Matched Control,15.709398148148148,False
78456,270,-5,Matched Control,17.581977513227514,False
78456,271,-4,Matched Control,15.83888888888889,False
78456,272,-3,Matched Control,16.619133597883597,False
78456,273,-2,Matched Control,13.652678571428572,False
78456,274,-1,Matched Control,13.416468253968254,False
78456,275,0,Matched Control,15.945125661375663,True
78456,276,1,Matched Control,10.651640211640212,True
78456,277,2,Matched Control,12.44702380952381,True
78456,278,3,Matched Control,13.688657407407408,True
78456,279,4,Matched Control,13.921018518518517,True
78456,280,5,Matched Control,10.675343915343916,True
78456,281,6,Matched Control,12.489801587301589,True
78456,267,-8,Treated,17.266666666666666,False
78456,268,-7,Treated,22.566666666666666,False
78456,269,-6,Treated,22.25,False
78456,270,-5,Treated,22.083333333333332,False
78456,271,-4,Treated,14.883333333333333,False
78456,272,-3,Treated,15.133333333333333,False
78456,273,-2,Treated,16.65,False
78456,274,-1,Treated,16.833333333333332,False
78456,275,0,Treated,22.433333333333334,True
78456,276,1,Treated,13.95,True
78456,277,2,Treated,15.483333333333333,True
78456,278,3,Treated,13.95,True
78456,279,4,Treated,13.45,True
78456,280,5,Treated,13.95,True
78456,281,6,Treated,15.483333333333333,True
78537,267,-8,Matched Control,40.753582300500106,False
78537,268,-7,Matched Control,39.99757012393999,False
78537,269,-6,Matched Control,40.38911176342683,False
78537,270,-5,Matched Control,44.293014785823004,False
78537,271,-4,Matched Control,42.07672863666014,False
78537,272,-3,Matched Control,40.833365949119376,False
78537,273,-2,Matched Control,39.538524679278105,False
78537,274,-1,Matched Control,37.08679060665362,False
78537,275,0,Matched Control,41.88097412480974,True
78537,276,1,Matched Control,37.33880191345944,True
78537,277,2,Matched Control,32.788307240704505,True
78537,278,3,Matched Control,35.31555772994129,True
78537,279,4,Matched Control,36.9441672102631,True
78537,280,5,Matched Control,37.551782996303544,True
78537,281,6,Matched Control,32.98100130463144,True
78537,267,-8,Treated,24.136986301369863,False
78537,268,-7,Treated,30.534246575342465,False
78537,269,-6,Treated,27.21917808219178,False
78537,270,-5,Treated,32.54794520547945,False
78537,271,-4,Treated,22.383561643835616,False
78537,272,-3,Treated,20.19178082191781,False
78537,273,-2,Treated,20.068493150684933,False
78537,274,-1,Treated,22.616438356164384,False
78537,275,0,Treated,26.15068493150685,True
78537,276,1,Treated,20.10958904109589,True
78537,277,2,Treated,19.328767123287673,True
78537,278,3,Treated,14.616438356164384,True
78537,279,4,Treated,16.397260273972602,True
78537,280,5,Treated,20.10958904109589,True
78537,281,6,Treated,19.328767123287673,True
79637,212,-8,Matched Control,9.726958020050125,False
79637,213,-7,Matched Control,9.029197994987468,False
79637,214,-6,Matched Control,8.867883249791145,False
79637,215,-5,Matched Control,9.292089598997492,False
79637,216,-4,Matched Control,9.611163324979113,False
79637,217,-3,Matched Control,8.998522347535506,False
79637,218,-2,Matched Control,9.814416248955723,False
79637,220,0,Matched Control,8.827474937343359,True
79637,221,1,Matched Control,9.146606098579783,True
79637,222,2,Matched Control,8.23203320802005,True
79637,223,3,Matched Control,7.314854845446951,True
79637,224,4,Matched Control,6.620269423558898,True
79637,225,5,Matched Control,7.601378446115288,True
79637,212,-8,Treated,12.289473684210526,False
79637,213,-7,Treated,19.592105263157894,False
79637,214,-6,Treated,17.42105263157895,False
79637,215,-5,Treated,13.328947368421053,False
79637,216,-4,Treated,9.894736842105264,False
79637,217,-3,Treated,10.894736842105264,False
79637,218,-2,Treated,14.736842105263158,False
79637,220,0,Treated,13.131578947368421,True
79637,221,1,Treated,21.43421052631579,True
79637,222,2,Treated,21.06578947368421,True
79637,223,3,Treated,18.25,True
79637,224,4,Treated,18.44736842105263,True
79637,225,5,Treated,17.960526315789473,True
79779,212,-8,Matched Control,9.613911245249273,False
79779,213,-7,Matched Control,8.821825396825398,False
79779,214,-6,Matched Control,8.635339816677845,False
79779,215,-5,Matched Control,9.195757880617036,False
79779,216,-4,Matched Control,9.42075229152694,False
79779,217,-3,Matched Control,9.013911245249274,False
79779,218,-2,Matched Control,9.789023027051197,False
79779,220,0,Matched Control,8.74560697518444,True
79779,221,1,Matched Control,9.036860049183993,True
79779,222,2,Matched Control,8.16527498323273,True
79779,223,3,Matched Control,7.370830538788285,True
79779,224,4,Matched Control,6.511133467471495,True
79779,225,5,Matched Control,7.496898054996647,True
79779,212,-8,Treated,8.0,False
79779,213,-7,Treated,15.267605633802816,False
79779,214,-6,Treated,11.690140845070422,False
79779,215,-5,Treated,6.943661971830986,False
79779,216,-4,Treated,6.154929577464789,False
79779,217,-3,Treated,6.056338028169014,False
79779,218,-2,Treated,8.943661971830986,False
79779,220,0,Treated,9.507042253521126,True
79779,221,1,Treated,15.253521126760564,True
79779,222,2,Treated,13.873239436619718,True
79779,223,3,Treated,10.380281690140846,True
79779,224,4,Treated,10.661971830985916,True
79779,225,5,Treated,10.32394366197183,True
86925,50,-8,Matched Control,1.7378899835796389,False
86925,51,-7,Matched Control,1.9189014202172097,False
86925,52,-6,Matched Control,1.108688387635756,False
86925,53,-5,Matched Control,1.099363711001642,False
86925,54,-4,Matched Control,0.9879515599343186,False
86925,55,-3,Matched Control,1.197263993316625,False
86925,56,-2,Matched Control,0.8528404344193817,False
86925,57,-1,Matched Control,0.7345648604269294,False
86925,58,0,Matched Control,0.8846264367816091,True
86925,59,1,Matched Control,1.4258415435139573,True
86925,60,2,Matched Control,0.7958128078817734,True
86925,61,3,Matched Control,1.0408045977011495,True
86925,62,4,Matched Control,1.3952586206896551,True
86925,63,5,Matched Control,0.7691091954022988,True
86925,64,6,Matched Control,1.041522988505747,True
86925,65,7,Matched Control,0.8966954022988506,True
86925,66,8,Matched Control,0.9327586206896552,True
86925,67,9,Matched Control,1.245545977011494,True
86925,68,10,Matched Control,1.9554597701149425,True
86925,69,11,Matched Control,1.1343390804597702,True
86925,70,12,Matched Control,1.242816091954023,True
86925,71,13,Matched Control,0.8311781609195402,True
86925,50,-8,Treated,3.4482758620689653,False
86925,51,-7,Treated,9.12280701754386,False
86925,52,-6,Treated,3.245614035087719,False
86925,53,-5,Treated,6.362068965517241,False
86925,54,-4,Treated,2.5344827586206895,False
86925,55,-3,Treated,6.649122807017544,False
86925,56,-2,Treated,6.982456140350878,False
86925,57,-1,Treated,3.2241379310344827,False
86925,58,0,Treated,6.741379310344827,True
86925,59,1,Treated,10.241379310344827,True
86925,60,2,Treated,16.017241379310345,True
86925,61,3,Treated,13.827586206896552,True
86925,62,4,Treated,11.620689655172415,True
86925,63,5,Treated,8.706896551724139,True
86925,64,6,Treated,12.96551724137931,True
86925,65,7,Treated,9.741379310344827,True
86925,66,8,Treated,10.258620689655173,True
86925,67,9,Treated,12.862068965517242,True
86925,68,10,Treated,9.655172413793103,True
86925,69,11,Treated,11.551724137931034,True
86925,70,12,Treated,13.775862068965518,True
86925,71,13,Treated,13.793103448275861,True
86955,72,-8,Matched Control,4.89672619047619,False
86955,73,-7,Matched Control,4.444444444444445,False
86955,74,-6,Matched Control,3.711678981937603,False
86955,75,-5,Matched Control,3.626531606794765,False
86955,76,-4,Matched Control,3.713227513227513,False
86955,77,-3,Matched Control,3.358326371484266,False
86955,78,-2,Matched Control,3.460421888053467,False
86955,79,-1,Matched Control,3.9218395691609977,False
86955,80,0,Matched Control,4.237027914614122,True
86955,81,1,Matched Control,3.6195060207991245,True
86955,82,2,Matched Control,3.4892378215654074,True
86955,83,3,Matched Control,3.562363163656267,True
86955,84,4,Matched Control,3.779652435686918,True
86955,85,5,Matched Control,3.5887246852764094,True
86955,86,6,Matched Control,3.9882525998905307,True
86955,87,7,Matched Control,4.434195402298851,True
86955,88,8,Matched Control,4.049466338259442,True
86955,89,9,Matched Control,4.215633552271483,True
86955,90,10,Matched Control,4.12807881773399,True
86955,72,-8,Treated,11.125,False
86955,73,-7,Treated,11.24561403508772,False
86955,74,-6,Treated,5.189655172413793,False
86955,75,-5,Treated,5.894736842105263,False
86955,76,-4,Treated,11.035087719298245,False
86955,77,-3,Treated,9.526315789473685,False
86955,78,-2,Treated,7.526315789473684,False
86955,79,-1,Treated,10.089285714285714,False
86955,80,0,Treated,14.741379310344827,True
86955,81,1,Treated,11.017241379310345,True
86955,82,2,Treated,8.724137931034482,True
86955,83,3,Treated,10.39655172413793,True
86955,84,4,Treated,8.379310344827585,True
86955,85,5,Treated,7.862068965517241,True
86955,86,6,Treated,9.810344827586206,True
86955,87,7,Treated,12.89655172413793,True
86955,88,8,Treated,9.637931034482758,True
86955,89,9,Treated,13.120689655172415,True
86955,90,10,Treated,9.120689655172415,True
87128,50,-8,Matched Control,2.606037414965986,False
87128,51,-7,Matched Control,2.4194805194805196,False
87128,52,-6,Matched Control,2.2133333333333334,False
87128,53,-5,Matched Control,2.2355411255411255,False
87128,54,-4,Matched Control,1.9952380952380953,False
87128,55,-3,Matched Control,2.4958441558441558,False
87128,56,-2,Matched Control,2.472640692640693,False
87128,57,-1,Matched Control,2.555739795918367,False
87128,58,0,Matched Control,2.245408163265306,True
87128,59,1,Matched Control,2.318622448979592,True
87128,60,2,Matched Control,2.331079931972789,True
87128,61,3,Matched Control,2.3173044217687075,True
87128,62,4,Matched Control,2.647874149659864,True
87128,63,5,Matched Control,1.669345238095238,True
87128,64,6,Matched Control,2.3735119047619047,True
87128,65,7,Matched Control,2.0149234693877554,True
87128,66,8,Matched Control,2.384651360544218,True
87128,67,9,Matched Control,2.1204931972789116,True
87128,68,10,Matched Control,2.344855442176871,True
87128,69,11,Matched Control,2.4358418367346943,True
87128,70,12,Matched Control,2.516836734693878,True
87128,71,13,Matched Control,2.119175170068027,True
87128,72,14,Matched Control,2.094855442176871,True
87128,73,15,Matched Control,2.493197278911565,True
87128,50,-8,Treated,5.428571428571429,False
87128,51,-7,Treated,13.309090909090909,False
87128,52,-6,Treated,4.3090909090909095,False
87128,53,-5,Treated,9.254545454545454,False
87128,54,-4,Treated,4.410714285714286,False
87128,55,-3,Treated,12.145454545454545,False
87128,56,-2,Treated,11.927272727272728,False
87128,57,-1,Treated,5.928571428571429,False
87128,58,0,Treated,13.410714285714286,True
87128,59,1,Treated,14.446428571428571,True
87128,60,2,Treated,18.928571428571427,True
87128,61,3,Treated,17.607142857142858,True
87128,62,4,Treated,15.089285714285714,True
87128,63,5,Treated,11.625,True
87128,64,6,Treated,16.303571428571427,True
87128,65,7,Treated,13.982142857142858,True
87128,66,8,Treated,12.482142857142858,True
87128,67,9,Treated,12.535714285714286,True
87128,68,10,Treated,9.517857142857142,True
87128,69,11,Treated,15.732142857142858,True
87128,70,12,Treated,18.035714285714285,True
87128,71,13,Treated,19.160714285714285,True
87128,72,14,Treated,17.160714285714285,True
87128,73,15,Treated,15.035714285714286,True
87158,72,-8,Matched Control,3.5419753086419754,False
87158,73,-7,Matched Control,2.2784054834054834,False
87158,74,-6,Matched Control,1.8166170634920635,False
87158,75,-5,Matched Control,1.716737528344671,False
87158,76,-4,Matched Control,1.9852536848072562,False
87158,77,-3,Matched Control,1.7378543083900229,False
87158,78,-2,Matched Control,1.761082251082251,False
87158,79,-1,Matched Control,2.1592739564961785,False
87158,80,0,Matched Control,2.2087089002267573,True
87158,81,1,Matched Control,1.968140589569161,True
87158,82,2,Matched Control,1.695861678004535,True
87158,83,3,Matched Control,1.850205498866213,True
87158,84,4,Matched Control,1.889420351473923,True
87158,85,5,Matched Control,1.8132298752834468,True
87158,86,6,Matched Control,2.1988024376417235,True
87158,87,7,Matched Control,2.62218679138322,True
87158,88,8,Matched Control,2.1424461451247163,True
87158,89,9,Matched Control,2.505109126984127,True
87158,90,10,Matched Control,2.6198341836734693,True
87158,72,-8,Treated,16.77777777777778,False
87158,73,-7,Treated,15.309090909090909,False
87158,74,-6,Treated,7.553571428571429,False
87158,75,-5,Treated,9.732142857142858,False
87158,76,-4,Treated,12.160714285714286,False
87158,77,-3,Treated,14.196428571428571,False
87158,78,-2,Treated,13.8,False
87158,79,-1,Treated,15.981481481481481,False
87158,80,0,Treated,17.535714285714285,True
87158,81,1,Treated,14.660714285714286,True
87158,82,2,Treated,15.017857142857142,True
87158,83,3,Treated,14.017857142857142,True
87158,84,4,Treated,12.410714285714286,True
87158,85,5,Treated,14.232142857142858,True
87158,86,6,Treated,15.125,True
87158,87,7,Treated,18.946428571428573,True
87158,88,8,Treated,12.928571428571429,True
87158,89,9,Treated,17.428571428571427,True
87158,90,10,Treated,11.803571428571429,True
87177,84,-8,Matched Control,3.948781676413255,False
87177,85,-7,Matched Control,4.476799397920088,False
87177,86,-6,Matched Control,4.774149659863945,False
87177,87,-5,Matched Control,5.671147186147186,False
87177,88,-4,Matched Control,4.679790249433106,False
87177,89,-3,Matched Control,5.065515094926859,False
87177,90,-2,Matched Control,4.66740152851264,False
87177,91,-1,Matched Control,4.434830130882762,False
87177,92,0,Matched Control,3.9074028461959496,True
87177,93,1,Matched Control,3.0721606458675423,True
87177,94,2,Matched Control,3.5646688560481663,True
87177,95,3,Matched Control,2.8911672140120417,True
87177,96,4,Matched Control,2.5043445539135196,True
87177,97,5,Matched Control,2.6676724137931034,True
87177,98,6,Matched Control,2.1201559934318555,True
87177,84,-8,Treated,11.298245614035087,False
87177,85,-7,Treated,12.844827586206897,False
87177,86,-6,Treated,12.964285714285714,False
87177,87,-5,Treated,16.945454545454545,False
87177,88,-4,Treated,12.089285714285714,False
87177,89,-3,Treated,15.627450980392156,False
87177,90,-2,Treated,10.333333333333334,False
87177,91,-1,Treated,7.456140350877193,False
87177,92,0,Treated,20.051724137931036,True
87177,93,1,Treated,15.137931034482758,True
87177,94,2,Treated,17.982758620689655,True
87177,95,3,Treated,13.137931034482758,True
87177,96,4,Treated,20.379310344827587,True
87177,97,5,Treated,13.775862068965518,True
87177,98,6,Treated,21.46551724137931,True
87194,102,-8,Matched Control,3.686600221483942,False
87194,103,-7,Matched Control,2.7995644599303136,False
87194,104,-6,Matched Control,3.248154761904762,False
87194,105,-5,Matched Control,3.4936791383219954,False
87194,106,-4,Matched Control,3.1947120708748615,False
87194,107,-3,Matched Control,2.8655592469545956,False
87194,108,-2,Matched Control,3.1183797909407667,False
87194,109,-1,Matched Control,3.0036564625850337,False
87194,110,0,Matched Control,2.8692137320044298,True
87194,111,1,Matched Control,2.816860465116279,True
87194,112,2,Matched Control,2.8099390919158362,True
87194,113,3,Matched Control,3.0642580287929126,True
87194,114,4,Matched Control,2.934496124031008,True
87194,115,5,Matched Control,3.3893687707641194,True
87194,116,6,Matched Control,2.1553986710963455,True
87194,117,7,Matched Control,2.6419435215946843,True
87194,118,8,Matched Control,2.7636489479512734,True
87194,119,9,Matched Control,2.9913898117386486,True
87194,120,10,Matched Control,2.732419712070875,True
87194,121,11,Matched Control,2.859828349944629,True
87194,102,-8,Treated,14.790697674418604,False
87194,103,-7,Treated,13.317073170731707,False
87194,104,-6,Treated,15.025,False
87194,105,-5,Treated,13.523809523809524,False
87194,106,-4,Treated,15.046511627906977,False
87194,107,-3,Treated,12.232558139534884,False
87194,108,-2,Treated,11.804878048780488,False
87194,109,-1,Treated,15.595238095238095,False
87194,110,0,Treated,14.674418604651162,True
87194,111,1,Treated,13.13953488372093,True
87194,112,2,Treated,9.813953488372093,True
87194,113,3,Treated,21.41860465116279,True
87194,114,4,Treated,11.581395348837209,True
87194,115,5,Treated,13.720930232558139,True
87194,116,6,Treated,10.953488372093023,True
87194,117,7,Treated,9.348837209302326,True
87194,118,8,Treated,9.69767441860465,True
87194,119,9,Treated,11.86046511627907,True
87194,120,10,Treated,8.116279069767442,True
87194,121,11,Treated,13.255813953488373,True
87206,117,-8,Matched Control,8.616844833171363,False
87206,118,-7,Matched Control,4.636261904761905,False
87206,119,-6,Matched Control,4.3431984126984124,False
87206,120,-5,Matched Control,7.695238095238095,False
87206,121,-4,Matched Control,4.682410106899902,False
87206,122,-3,Matched Control,5.631539351851852,False
87206,123,-2,Matched Control,4.54534126984127,False
87206,124,-1,Matched Control,8.388380952380952,False
87206,125,0,Matched Control,4.889246031746032,True
87206,126,1,Matched Control,4.973206349206349,True
87206,127,2,Matched Control,5.121420634920635,True
87206,128,3,Matched Control,5.2546349206349205,True
87206,129,4,Matched Control,5.05368253968254,True
87206,130,5,Matched Control,7.264269841269842,True
87206,131,6,Matched Control,4.9402301587301585,True
87206,132,7,Matched Control,5.29947619047619,True
87206,117,-8,Treated,9.204081632653061,False
87206,118,-7,Treated,9.12,False
87206,119,-6,Treated,11.06,False
87206,120,-5,Treated,7.94,False
87206,121,-4,Treated,13.10204081632653,False
87206,122,-3,Treated,5.3125,False
87206,123,-2,Treated,8.08,False
87206,124,-1,Treated,16.6,False
87206,125,0,Treated,13.14,True
87206,126,1,Treated,13.3,True
87206,127,2,Treated,13.24,True
87206,128,3,Treated,11.04,True
87206,129,4,Treated,13.78,True
87206,130,5,Treated,11.72,True
87206,131,6,Treated,14.14,True
87206,132,7,Treated,11.92,True
87491,179,-8,Matched Control,5.361324041811847,False
87491,180,-7,Matched Control,4.58223964382501,False
87491,181,-6,Matched Control,5.174980642663569,False
87491,182,-5,Matched Control,4.233381726674409,False
87491,183,-4,Matched Control,4.8670054200542,False
87491,184,-3,Matched Control,6.5438830816879605,False
87491,185,-2,Matched Control,4.630081300813008,False
87491,186,-1,Matched Control,5.2965931087882305,False
87491,187,0,Matched Control,5.379819976771196,True
87491,188,1,Matched Control,4.125290360046457,True
87491,189,2,Matched Control,4.786604723190089,True
87491,190,3,Matched Control,5.049090205187766,True
87491,191,4,Matched Control,5.682384823848238,True
87491,192,5,Matched Control,4.893418505613628,True
87491,193,6,Matched Control,5.364992257065428,True
87491,194,7,Matched Control,4.9418699186991875,True
87491,195,8,Matched Control,4.488995354239257,True
87491,196,9,Matched Control,5.5408536585365855,True
87491,197,10,Matched Control,5.448073945025165,True
87491,198,11,Matched Control,4.958101045296167,True
87491,199,12,Matched Control,5.066676345334882,True
87491,200,13,Matched Control,4.396506000774293,True
87491,179,-8,Treated,13.048780487804878,False
87491,180,-7,Treated,9.609756097560975,False
87491,181,-6,Treated,10.926829268292684,False
87491,182,-5,Treated,10.146341463414634,False
87491,183,-4,Treated,9.463414634146341,False
87491,184,-3,Treated,9.951219512195122,False
87491,185,-2,Treated,8.560975609756097,False
87491,186,-1,Treated,10.902439024390244,False
87491,187,0,Treated,14.853658536585366,True
87491,188,1,Treated,9.048780487804878,True
87491,189,2,Treated,13.731707317073171,True
87491,190,3,Treated,14.634146341463415,True
87491,191,4,Treated,15.390243902439025,True
87491,192,5,Treated,11.341463414634147,True
87491,193,6,Treated,11.829268292682928,True
87491,194,7,Treated,14.121951219512194,True
87491,195,8,Treated,11.463414634146341,True
87491,196,9,Treated,12.0,True
87491,197,10,Treated,14.170731707317072,True
87491,198,11,Treated,12.365853658536585,True
87491,199,12,Treated,13.073170731707316,True
87491,200,13,Treated,10.658536585365853,True
87536,67,-8,Matched Control,14.956967787114845,False
87536,68,-7,Matched Control,10.92147197420635,False
87536,69,-6,Matched Control,6.5599328449328445,False
87536,70,-5,Matched Control,5.941215728715729,False
87536,71,-4,Matched Control,5.54672035480859,False
87536,72,-3,Matched Control,13.25297915185975,False
87536,73,-2,Matched Control,6.0406220821662,False
87536,74,-1,Matched Control,5.0867954911433175,False
87536,75,0,Matched Control,4.431619507706464,True
87536,76,1,Matched Control,5.056101909362779,True
87536,77,2,Matched Control,4.701995629169542,True
87536,78,3,Matched Control,4.516982976765585,True
87536,79,4,Matched Control,4.739118932597194,True
87536,80,5,Matched Control,5.305216241085806,True
87536,81,6,Matched Control,5.7699447895100064,True
87536,67,-8,Treated,375.3235294117647,False
87536,68,-7,Treated,2119.09375,False
87536,69,-6,Treated,130.76923076923077,False
87536,70,-5,Treated,183.6818181818182,False
87536,71,-4,Treated,86.91176470588235,False
87536,72,-3,Treated,90.6268656716418,False
87536,73,-2,Treated,173.38235294117646,False
87536,74,-1,Treated,88.2463768115942,False
87536,75,0,Treated,213.17391304347825,True
87536,76,1,Treated,137.1304347826087,True
87536,77,2,Treated,91.1304347826087,True
87536,78,3,Treated,100.55072463768116,True
87536,79,4,Treated,194.66666666666666,True
87536,80,5,Treated,124.53623188405797,True
87536,81,6,Treated,161.66666666666666,True
88070,179,-8,Matched Control,3.276676587301587,False
88070,180,-7,Matched Control,2.8887996031746033,False
88070,181,-6,Matched Control,3.0331845238095236,False
88070,182,-5,Matched Control,2.5780753968253967,False
88070,183,-4,Matched Control,2.6400992063492064,False
88070,184,-3,Matched Control,3.4320734126984127,False
88070,185,-2,Matched Control,2.8985119047619046,False
88070,186,-1,Matched Control,3.2662301587301585,False
88070,187,0,Matched Control,3.395287698412698,True
88070,188,1,Matched Control,2.628253968253968,True
88070,189,2,Matched Control,3.2416468253968254,True
88070,190,3,Matched Control,3.5306448412698415,True
88070,191,4,Matched Control,3.6145734126984124,True
88070,192,5,Matched Control,3.3145734126984125,True
88070,193,6,Matched Control,3.397361111111111,True
88070,194,7,Matched Control,3.443293650793651,True
88070,195,8,Matched Control,2.9559325396825398,True
88070,196,9,Matched Control,3.7748115079365077,True
88070,197,10,Matched Control,3.644047619047619,True
88070,198,11,Matched Control,3.111904761904762,True
88070,199,12,Matched Control,3.208869047619048,True
88070,200,13,Matched Control,2.8794940476190476,True
88070,179,-8,Treated,7.125,False
88070,180,-7,Treated,6.8,False
88070,181,-6,Treated,6.475,False
88070,182,-5,Treated,6.75,False
88070,183,-4,Treated,5.7,False
88070,184,-3,Treated,6.5,False
88070,185,-2,Treated,6.225,False
88070,186,-1,Treated,7.05,False
88070,187,0,Treated,8.675,True
88070,188,1,Treated,6.4,True
88070,189,2,Treated,8.7,True
88070,190,3,Treated,9.4,True
88070,191,4,Treated,10.075,True
88070,192,5,Treated,8.025,True
88070,193,6,Treated,8.625,True
88070,194,7,Treated,8.7,True
88070,195,8,Treated,7.55,True
88070,196,9,Treated,8.75,True
88070,197,10,Treated,10.075,True
88070,198,11,Treated,7.625,True
88070,199,12,Treated,8.25,True
88070,200,13,Treated,7.5,True
88174,155,-8,Matched Control,36.37319703243617,False
88174,156,-7,Matched Control,25.705771221532093,False
88174,157,-6,Matched Control,21.46032608695652,False
88174,158,-5,Matched Control,21.47312801932367,False
88174,159,-4,Matched Control,35.67007418909593,False
88174,160,-3,Matched Control,39.7639320220842,False
88174,161,-2,Matched Control,39.64453933747412,False
88174,162,-1,Matched Control,23.469073498964804,False
88174,163,0,Matched Control,20.401095583160803,True
88174,164,1,Matched Control,21.13276397515528,True
88174,165,2,Matched Control,24.432971014492754,True
88174,166,3,Matched Control,22.152260179434094,True
88174,167,4,Matched Control,25.0218685300207,True
88174,168,5,Matched Control,20.184739475500347,True
88174,169,6,Matched Control,69.10602139406487,True
88174,170,7,Matched Control,30.375,True
88174,171,8,Matched Control,25.748490338164252,True
88174,172,9,Matched Control,17.879097653554176,True
88174,155,-8,Treated,29.08695652173913,False
88174,156,-7,Treated,28.02173913043478,False
88174,157,-6,Treated,20.41304347826087,False
88174,158,-5,Treated,76.47826086956522,False
88174,159,-4,Treated,21.652173913043477,False
88174,160,-3,Treated,24.76086956521739,False
88174,161,-2,Treated,69.0,False
88174,162,-1,Treated,22.543478260869566,False
88174,163,0,Treated,155.2826086956522,True
88174,164,1,Treated,51.95652173913044,True
88174,165,2,Treated,106.78260869565217,True
88174,166,3,Treated,62.26086956521739,True
88174,167,4,Treated,281.82608695652175,True
88174,168,5,Treated,39.30434782608695,True
88174,169,6,Treated,112.97826086956522,True
88174,170,7,Treated,71.69565217391305,True
88174,171,8,Treated,280.4782608695652,True
88174,172,9,Treated,149.6086956521739,True
88865,37,-8,Matched Control,19.879426655719758,False
88865,38,-7,Matched Control,27.17939342403628,False
88865,39,-6,Matched Control,28.061897800055696,False
88865,40,-5,Matched Control,26.44275613275613,False
88865,41,-4,Matched Control,37.6280240831965,False
88865,42,-3,Matched Control,24.494081248318537,False
88865,43,-2,Matched Control,21.386554232804233,False
88865,44,-1,Matched Control,34.3600462962963,False
88865,45,0,Matched Control,17.258789682539682,True
88865,46,1,Matched Control,19.165839947089946,True
88865,47,2,Matched Control,22.521421957671958,True
88865,48,3,Matched Control,27.05436507936508,True
88865,49,4,Matched Control,18.240006613756616,True
88865,50,5,Matched Control,19.957089947089948,True
88865,51,6,Matched Control,17.699510582010582,True
88865,52,7,Matched Control,14.45709656084656,True
88865,53,8,Matched Control,15.399966931216932,True
88865,54,9,Matched Control,21.9161044973545,True
88865,55,10,Matched Control,14.873353174603174,True
88865,56,11,Matched Control,15.162810846560847,True
88865,57,12,Matched Control,18.893154761904764,True
88865,58,13,Matched Control,13.562394179894179,True
88865,59,14,Matched Control,14.769735449735448,True
88865,37,-8,Treated,4.051724137931035,False
88865,38,-7,Treated,3.3035714285714284,False
88865,39,-6,Treated,40.473684210526315,False
88865,40,-5,Treated,9.018181818181818,False
88865,41,-4,Treated,18.982758620689655,False
88865,42,-3,Treated,23.1864406779661,False
88865,43,-2,Treated,30.55,False
88865,44,-1,Treated,19.65,False
88865,45,0,Treated,21.566666666666666,True
88865,46,1,Treated,20.25,True
88865,47,2,Treated,26.566666666666666,True
88865,48,3,Treated,19.6,True
88865,49,4,Treated,22.0,True
88865,50,5,Treated,25.783333333333335,True
88865,51,6,Treated,28.216666666666665,True
88865,52,7,Treated,24.016666666666666,True
88865,53,8,Treated,17.333333333333332,True
88865,54,9,Treated,18.583333333333332,True
88865,55,10,Treated,17.633333333333333,True
88865,56,11,Treated,17.983333333333334,True
88865,57,12,Treated,18.183333333333334,True
88865,58,13,Treated,16.616666666666667,True
88865,59,14,Treated,20.466666666666665,True
88901,75,-8,Matched Control,3.7237227182539683,False
88901,76,-7,Matched Control,4.392362637362638,False
88901,77,-6,Matched Control,3.831074481074481,False
88901,78,-5,Matched Control,5.03037851037851,False
88901,79,-4,Matched Control,5.100291005291004,False
88901,80,-3,Matched Control,5.242096018735364,False
88901,81,-2,Matched Control,3.8651455026455026,False
88901,82,-1,Matched Control,3.1070168808264045,False
88901,83,0,Matched Control,3.0124999999999997,True
88901,84,1,Matched Control,2.6732804232804233,True
88901,85,2,Matched Control,2.8635221260221257,True
88901,86,3,Matched Control,3.1863275613275612,True
88901,87,4,Matched Control,3.7396164021164022,True
88901,88,5,Matched Control,3.0687049062049065,True
88901,89,6,Matched Control,3.3227392977392975,True
88901,90,7,Matched Control,3.1537758537758536,True
88901,91,8,Matched Control,2.944035594035594,True
88901,75,-8,Treated,11.890625,False
88901,76,-7,Treated,6.015384615384615,False
88901,77,-6,Treated,5.2,False
88901,78,-5,Treated,4.384615384615385,False
88901,79,-4,Treated,6.683333333333334,False
88901,80,-3,Treated,6.229508196721311,False
88901,81,-2,Treated,4.984848484848484,False
88901,82,-1,Treated,2.7301587301587302,False
88901,83,0,Treated,11.015151515151516,True
88901,84,1,Treated,10.772727272727273,True
88901,85,2,Treated,11.803030303030303,True
88901,86,3,Treated,14.409090909090908,True
88901,87,4,Treated,17.318181818181817,True
88901,88,5,Treated,13.712121212121213,True
88901,89,6,Treated,18.257575757575758,True
88901,90,7,Treated,15.909090909090908,True
88901,91,8,Treated,24.954545454545453,True
88921,104,-8,Matched Control,1.5870307382212145,False
88921,105,-7,Matched Control,1.7759829059829062,False
88921,106,-6,Matched Control,1.475450937950938,False
88921,107,-5,Matched Control,1.230501443001443,False
88921,108,-4,Matched Control,1.3353484623015872,False
88921,109,-3,Matched Control,1.1436691086691086,False
88921,110,-2,Matched Control,1.1443542568542568,False
88921,111,-1,Matched Control,1.1036324786324787,False
88921,112,0,Matched Control,1.050180375180375,True
88921,113,1,Matched Control,1.1281505531505531,True
88921,114,2,Matched Control,1.031631794131794,True
88921,115,3,Matched Control,1.5491161616161615,True
88921,116,4,Matched Control,0.8716510341510341,True
88921,117,5,Matched Control,0.832046657046657,True
88921,118,6,Matched Control,1.1932178932178932,True
88921,119,7,Matched Control,1.3155723905723906,True
88921,120,8,Matched Control,1.215981240981241,True
88921,121,9,Matched Control,1.1058321308321306,True
88921,104,-8,Treated,13.126984126984127,False
88921,105,-7,Treated,13.738461538461538,False
88921,106,-6,Treated,12.287878787878787,False
88921,107,-5,Treated,27.924242424242426,False
88921,108,-4,Treated,11.21875,False
88921,109,-3,Treated,16.6,False
88921,110,-2,Treated,11.818181818181818,False
88921,111,-1,Treated,13.63076923076923,False
88921,112,0,Treated,14.712121212121213,True
88921,113,1,Treated,23.318181818181817,True
88921,114,2,Treated,20.545454545454547,True
88921,115,3,Treated,22.045454545454547,True
88921,116,4,Treated,14.06060606060606,True
88921,117,5,Treated,32.77272727272727,True
88921,118,6,Treated,29.303030303030305,True
88921,119,7,Treated,23.96969696969697,True
88921,120,8,Treated,17.181818181818183,True
88921,121,9,Treated,9.93939393939394,True
89413,33,-8,Matched Control,23.71195856873823,False
89413,34,-7,Matched Control,7.452136752136752,False
89413,35,-6,Matched Control,11.424773242630385,False
89413,36,-5,Matched Control,11.309775641025642,False
89413,37,-4,Matched Control,11.593382352941177,False
89413,38,-3,Matched Control,7.657082732082732,False
89413,39,-2,Matched Control,17.838031045751634,False
89413,40,-1,Matched Control,8.617412935323383,False
89413,41,0,Matched Control,10.385391156462585,True
89413,42,1,Matched Control,8.119126984126984,True
89413,43,2,Matched Control,6.762137188208617,True
89413,44,3,Matched Control,4.593191609977325,True
89413,45,4,Matched Control,6.615170068027211,True
89413,46,5,Matched Control,9.076303854875285,True
89413,33,-8,Treated,29.64406779661017,False
89413,34,-7,Treated,2.480769230769231,False
89413,35,-6,Treated,3.5714285714285716,False
89413,36,-5,Treated,11.76923076923077,False
89413,37,-4,Treated,3.6176470588235294,False
89413,38,-3,Treated,2.893939393939394,False
89413,39,-2,Treated,33.85294117647059,False
89413,40,-1,Treated,9.149253731343284,False
89413,41,0,Treated,21.228571428571428,True
89413,42,1,Treated,24.557142857142857,True
89413,43,2,Treated,26.114285714285714,True
89413,44,3,Treated,20.742857142857144,True
89413,45,4,Treated,20.928571428571427,True
89413,46,5,Treated,19.6,True
89428,40,-8,Matched Control,8.613154761904761,False
89428,41,-7,Matched Control,15.954617031997984,False
89428,42,-6,Matched Control,10.280003720238096,False
89428,43,-5,Matched Control,9.262899877899878,False
89428,44,-4,Matched Control,17.136568986568985,False
89428,45,-3,Matched Control,7.130803571428571,False
89428,46,-2,Matched Control,9.81287122375832,False
89428,47,-1,Matched Control,12.69996799795187,False
89428,48,0,Matched Control,6.039761904761905,True
89428,49,1,Matched Control,7.956648351648351,True
89428,50,2,Matched Control,8.158687423687423,True
89428,51,3,Matched Control,8.204816849816849,True
89428,52,4,Matched Control,5.919871794871796,True
89428,53,5,Matched Control,5.883510378510379,True
89428,54,6,Matched Control,8.703296703296703,True
89428,55,7,Matched Control,5.657307692307692,True
89428,56,8,Matched Control,6.255976800976801,True
89428,57,9,Matched Control,6.9445482295482295,True
89428,58,10,Matched Control,5.028321123321123,True
89428,59,11,Matched Control,7.822405372405372,True
89428,40,-8,Treated,9.15,False
89428,41,-7,Treated,20.22222222222222,False
89428,42,-6,Treated,23.28125,False
89428,43,-5,Treated,24.446153846153845,False
89428,44,-4,Treated,19.46153846153846,False
89428,45,-3,Treated,19.390625,False
89428,46,-2,Treated,19.629032258064516,False
89428,47,-1,Treated,22.338709677419356,False
89428,48,0,Treated,18.630769230769232,True
89428,49,1,Treated,21.661538461538463,True
89428,50,2,Treated,22.446153846153845,True
89428,51,3,Treated,22.29230769230769,True
89428,52,4,Treated,21.184615384615384,True
89428,53,5,Treated,17.584615384615386,True
89428,54,6,Treated,20.49230769230769,True
89428,55,7,Treated,17.076923076923077,True
89428,56,8,Treated,15.046153846153846,True
89428,57,9,Treated,17.29230769230769,True
89428,58,10,Treated,17.753846153846155,True
89428,59,11,Treated,15.907692307692308,True
89505,159,-8,Matched Control,9.695959595959597,False
89505,160,-7,Matched Control,11.292929292929294,False
89505,161,-6,Matched Control,14.773232323232323,False
89505,162,-5,Matched Control,14.80050505050505,False
89505,163,-4,Matched Control,13.359090909090908,False
89505,164,-3,Matched Control,14.445959595959597,False
89505,165,-2,Matched Control,14.109595959595959,False
89505,166,-1,Matched Control,14.021717171717171,False
89505,167,0,Matched Control,17.02929292929293,True
89505,168,1,Matched Control,13.663131313131315,True
89505,169,2,Matched Control,13.526767676767678,True
89505,170,3,Matched Control,13.695454545454545,True
89505,171,4,Matched Control,12.4489898989899,True
89505,172,5,Matched Control,11.156060606060606,True
89505,173,6,Matched Control,12.925252525252525,True
89505,174,7,Matched Control,12.79090909090909,True
89505,175,8,Matched Control,13.867171717171717,True
89505,176,9,Matched Control,12.659090909090908,True
89505,177,10,Matched Control,13.601010101010102,True
89505,178,11,Matched Control,14.804040404040403,True
89505,179,12,Matched Control,18.16919191919192,True
89505,180,13,Matched Control,19.47159090909091,True
89505,181,14,Matched Control,18.62878787878788,True
89505,182,15,Matched Control,16.225378787878785,True
89505,183,16,Matched Control,19.56060606060606,True
89505,184,17,Matched Control,19.74179292929293,True
89505,185,18,Matched Control,13.77020202020202,True
89505,159,-8,Treated,1.6818181818181819,False
89505,160,-7,Treated,6.5,False
89505,161,-6,Treated,9.954545454545455,False
89505,162,-5,Treated,4.681818181818182,False
89505,163,-4,Treated,4.2727272727272725,False
89505,164,-3,Treated,15.318181818181818,False
89505,165,-2,Treated,12.363636363636363,False
89505,166,-1,Treated,15.045454545454545,False
89505,167,0,Treated,21.136363636363637,True
89505,168,1,Treated,15.772727272727273,True
89505,169,2,Treated,18.045454545454547,True
89505,170,3,Treated,17.59090909090909,True
89505,171,4,Treated,22.727272727272727,True
89505,172,5,Treated,24.227272727272727,True
89505,173,6,Treated,17.636363636363637,True
89505,174,7,Treated,17.59090909090909,True
89505,175,8,Treated,17.136363636363637,True
89505,176,9,Treated,19.227272727272727,True
89505,177,10,Treated,21.0,True
89505,178,11,Treated,22.5,True
89505,179,12,Treated,23.954545454545453,True
89505,180,13,Treated,19.09090909090909,True
89505,181,14,Treated,21.681818181818183,True
89505,182,15,Treated,18.954545454545453,True
89505,183,16,Treated,17.772727272727273,True
89505,184,17,Treated,21.636363636363637,True
89505,185,18,Treated,14.045454545454545,True
92525,226,-8,Matched Control,7.362021857923497,False
92525,227,-7,Matched Control,7.8433970856102,False
92525,228,-6,Matched Control,8.310245901639345,False
92525,229,-5,Matched Control,11.319672131147541,False
92525,230,-4,Matched Control,7.247586520947176,False
92525,231,-3,Matched Control,5.8348360655737705,False
92525,232,-2,Matched Control,7.247586520947176,False
92525,233,-1,Matched Control,5.8348360655737705,False
92525,234,0,Matched Control,5.760063752276867,True
92525,235,1,Matched Control,5.309335154826958,True
92525,236,2,Matched Control,5.963934426229509,True
92525,237,3,Matched Control,5.480692167577414,True
92525,238,4,Matched Control,5.875728597449909,True
92525,239,5,Matched Control,5.557559198542806,True
92525,240,6,Matched Control,5.37632058287796,True
92525,226,-8,Treated,7.950819672131147,False
92525,227,-7,Treated,12.524590163934427,False
92525,228,-6,Treated,8.918032786885245,False
92525,229,-5,Treated,12.918032786885245,False
92525,230,-4,Treated,7.180327868852459,False
92525,231,-3,Treated,7.655737704918033,False
92525,232,-2,Treated,7.180327868852459,False
92525,233,-1,Treated,7.655737704918033,False
92525,234,0,Treated,9.278688524590164,True
92525,235,1,Treated,7.622950819672131,True
92525,236,2,Treated,10.950819672131148,True
92525,237,3,Treated,10.19672131147541,True
92525,238,4,Treated,10.475409836065573,True
92525,239,5,Treated,9.78688524590164,True
92525,240,6,Treated,10.114754098360656,True
92850,99,-8,Matched Control,1.5260374149659863,False
92850,100,-7,Matched Control,1.6993796109993293,False
92850,101,-6,Matched Control,1.9278467908902692,False
92850,102,-5,Matched Control,2.8410034013605445,False
92850,103,-4,Matched Control,2.581815044858523,False
92850,104,-3,Matched Control,3.06265756302521,False
92850,105,-2,Matched Control,3.2896768707482993,False
92850,106,-1,Matched Control,2.948692152917505,False
92850,107,0,Matched Control,3.1173373574782026,True
92850,108,1,Matched Control,2.9230885311871226,True
92850,109,2,Matched Control,2.791046277665996,True
92850,110,3,Matched Control,2.483232729711603,True
92850,111,4,Matched Control,2.0473675385647216,True
92850,112,5,Matched Control,1.940593561368209,True
92850,113,6,Matched Control,3.786653252850436,True
92850,99,-8,Treated,14.914285714285715,False
92850,100,-7,Treated,12.971830985915492,False
92850,101,-6,Treated,45.10144927536232,False
92850,102,-5,Treated,14.6,False
92850,103,-4,Treated,34.42028985507246,False
92850,104,-3,Treated,12.823529411764707,False
92850,105,-2,Treated,33.3,False
92850,106,-1,Treated,15.732394366197184,False
92850,107,0,Treated,26.295774647887324,True
92850,108,1,Treated,19.267605633802816,True
92850,109,2,Treated,22.140845070422536,True
92850,110,3,Treated,21.3943661971831,True
92850,111,4,Treated,23.816901408450704,True
92850,112,5,Treated,18.816901408450704,True
92850,113,6,Treated,25.197183098591548,True
93174,102,-8,Matched Control,1.9377248677248675,False
93174,103,-7,Matched Control,2.2361018826135104,False
93174,104,-6,Matched Control,1.4727891156462585,False
93174,105,-5,Matched Control,1.8872294372294371,False
93174,106,-4,Matched Control,1.3840211640211642,False
93174,107,-3,Matched Control,1.4368253968253968,False
93174,108,-2,Matched Control,1.3081065759637187,False
93174,109,-1,Matched Control,1.4202380952380953,False
93174,110,0,Matched Control,1.352116402116402,True
93174,111,1,Matched Control,1.293015873015873,True
93174,112,2,Matched Control,1.0215343915343915,True
93174,113,3,Matched Control,2.0805820105820105,True
93174,114,4,Matched Control,1.1642857142857141,True
93174,115,5,Matched Control,1.5921164021164023,True
93174,116,6,Matched Control,1.1256084656084655,True
93174,117,7,Matched Control,1.0233333333333332,True
93174,118,8,Matched Control,1.0465079365079364,True
93174,119,9,Matched Control,1.138042328042328,True
93174,120,10,Matched Control,1.1642328042328043,True
93174,102,-8,Treated,16.2,False
93174,103,-7,Treated,36.372093023255815,False
93174,104,-6,Treated,14.571428571428571,False
93174,105,-5,Treated,42.25,False
93174,106,-4,Treated,16.155555555555555,False
93174,107,-3,Treated,29.511111111111113,False
93174,108,-2,Treated,21.095238095238095,False
93174,109,-1,Treated,25.181818181818183,False
93174,110,0,Treated,23.533333333333335,True
93174,111,1,Treated,27.666666666666668,True
93174,112,2,Treated,21.022222222222222,True
93174,113,3,Treated,29.622222222222224,True
93174,114,4,Treated,22.31111111111111,True
93174,115,5,Treated,34.31111111111111,True
93174,116,6,Treated,16.511111111111113,True
93174,117,7,Treated,21.57777777777778,True
93174,118,8,Treated,21.08888888888889,True
93174,119,9,Treated,29.8,True
93174,120,10,Treated,34.4,True
93217,142,-8,Matched Control,25.04614197530864,False
93217,143,-7,Matched Control,19.112654320987655,False
93217,144,-6,Matched Control,19.299216524216526,False
93217,145,-5,Matched Control,17.260539215686276,False
93217,146,-4,Matched Control,20.257602339181286,False
93217,147,-3,Matched Control,24.450219298245614,False
93217,148,-2,Matched Control,13.948198198198199,False
93217,149,-1,Matched Control,13.544305555555557,False
93217,150,0,Matched Control,12.174305555555556,True
93217,151,1,Matched Control,11.635833333333334,True
93217,152,2,Matched Control,14.074583333333333,True
93217,153,3,Matched Control,11.116805555555555,True
93217,154,4,Matched Control,11.965694444444445,True
93217,155,5,Matched Control,12.359375,True
93217,156,6,Matched Control,18.299027777777777,True
93217,157,7,Matched Control,12.568541666666667,True
93217,158,8,Matched Control,13.367777777777778,True
93217,159,9,Matched Control,11.646180555555556,True
93217,142,-8,Treated,23.36111111111111,False
93217,143,-7,Treated,18.27777777777778,False
93217,144,-6,Treated,20.794871794871796,False
93217,145,-5,Treated,18.41176470588235,False
93217,146,-4,Treated,27.789473684210527,False
93217,147,-3,Treated,41.18421052631579,False
93217,148,-2,Treated,14.18918918918919,False
93217,149,-1,Treated,16.794871794871796,False
93217,150,0,Treated,24.925,True
93217,151,1,Treated,17.725,True
93217,152,2,Treated,19.125,True
93217,153,3,Treated,26.1,True
93217,154,4,Treated,18.6,True
93217,155,5,Treated,21.5,True
93217,156,6,Treated,33.55,True
93217,157,7,Treated,20.25,True
93217,158,8,Treated,20.325,True
93217,159,9,Treated,30.375,True
93392,32,-8,Matched Control,7.015660760428202,False
93392,33,-7,Matched Control,6.744897959183673,False
93392,34,-6,Matched Control,10.181298331298331,False
93392,35,-5,Matched Control,9.105731922398588,False
93392,36,-4,Matched Control,5.579477004477004,False
93392,37,-3,Matched Control,6.483055555555556,False
93392,38,-2,Matched Control,5.884647817460318,False
93392,39,-1,Matched Control,5.411936507936508,False
93392,40,0,Matched Control,9.520113600995954,True
93392,41,1,Matched Control,6.093432928727046,True
93392,42,2,Matched Control,5.4945066915655145,True
93392,43,3,Matched Control,4.919288826641767,True
93392,44,4,Matched Control,4.476867413632119,True
93392,45,5,Matched Control,4.159741674447557,True
93392,46,6,Matched Control,4.772517896047308,True
93392,47,7,Matched Control,4.829279489573607,True
93392,32,-8,Treated,10.627906976744185,False
93392,33,-7,Treated,10.19047619047619,False
93392,34,-6,Treated,12.333333333333334,False
93392,35,-5,Treated,12.055555555555555,False
93392,36,-4,Treated,9.974358974358974,False
93392,37,-3,Treated,12.86,False
93392,38,-2,Treated,8.8125,False
93392,39,-1,Treated,5.44,False
93392,40,0,Treated,8.588235294117647,True
93392,41,1,Treated,9.862745098039216,True
93392,42,2,Treated,13.196078431372548,True
93392,43,3,Treated,10.450980392156863,True
93392,44,4,Treated,8.784313725490197,True
93392,45,5,Treated,10.647058823529411,True
93392,46,6,Treated,10.235294117647058,True
93392,47,7,Treated,8.352941176470589,True
93416,53,-8,Matched Control,1.0312121212121212,False
93416,54,-7,Matched Control,0.849702380952381,False
93416,55,-6,Matched Control,1.2532467532467533,False
93416,56,-5,Matched Control,0.7003896103896105,False
93416,57,-4,Matched Control,0.5229591836734694,False
93416,58,-3,Matched Control,0.7052295918367347,False
93416,59,-2,Matched Control,0.6654761904761904,False
93416,60,-1,Matched Control,0.6968398268398268,False
93416,61,0,Matched Control,0.7093962585034014,True
93416,62,1,Matched Control,0.9683673469387755,True
93416,63,2,Matched Control,0.39111394557823126,True
93416,64,3,Matched Control,0.5966411564625851,True
93416,65,4,Matched Control,0.5176020408163265,True
93416,66,5,Matched Control,0.5219812925170068,True
93416,67,6,Matched Control,0.6093112244897959,True
93416,68,7,Matched Control,0.8630527210884354,True
93416,69,8,Matched Control,0.5510204081632654,True
93416,53,-8,Treated,6.763636363636364,False
93416,54,-7,Treated,7.642857142857143,False
93416,55,-6,Treated,8.563636363636364,False
93416,56,-5,Treated,6.381818181818182,False
93416,57,-4,Treated,5.625,False
93416,58,-3,Treated,4.803571428571429,False
93416,59,-2,Treated,4.5,False
93416,60,-1,Treated,6.254545454545455,False
93416,61,0,Treated,6.7894736842105265,True
93416,62,1,Treated,11.491228070175438,True
93416,63,2,Treated,7.333333333333333,True
93416,64,3,Treated,7.842105263157895,True
93416,65,4,Treated,7.771929824561403,True
93416,66,5,Treated,8.175438596491228,True
93416,67,6,Treated,10.052631578947368,True
93416,68,7,Treated,7.771929824561403,True
93416,69,8,Treated,6.017543859649122,True
93443,93,-8,Matched Control,7.371527777777778,False
93443,94,-7,Matched Control,4.15625,False
93443,95,-6,Matched Control,3.534090909090909,False
93443,96,-5,Matched Control,28.979166666666668,False
93443,97,-4,Matched Control,14.322916666666666,False
93443,98,-3,Matched Control,13.770833333333334,False
93443,99,-2,Matched Control,14.604166666666666,False
93443,100,-1,Matched Control,13.971153846153847,False
93443,101,0,Matched Control,17.807692307692307,True
93443,102,1,Matched Control,18.64423076923077,True
93443,103,2,Matched Control,14.903846153846153,True
93443,104,3,Matched Control,14.5,True
93443,105,4,Matched Control,10.201923076923077,True
93443,106,5,Matched Control,7.221153846153846,True
93443,107,6,Matched Control,7.375,True
93443,108,7,Matched Control,8.326923076923077,True
93443,109,8,Matched Control,8.557692307692308,True
93443,110,9,Matched Control,7.8076923076923075,True
93443,111,10,Matched Control,10.932692307692308,True
93443,112,11,Matched Control,8.303571428571429,True
93443,113,12,Matched Control,10.491071428571429,True
93443,114,13,Matched Control,9.1875,True
93443,115,14,Matched Control,8.544642857142858,True
93443,116,15,Matched Control,5.008333333333334,True
93443,117,16,Matched Control,6.558333333333334,True
93443,118,17,Matched Control,6.358333333333333,True
93443,119,18,Matched Control,6.841666666666667,True
93443,120,19,Matched Control,9.558333333333334,True
93443,121,20,Matched Control,8.016666666666667,True
93443,93,-8,Treated,5.318181818181818,False
93443,94,-7,Treated,6.454545454545454,False
93443,95,-6,Treated,4.619047619047619,False
93443,96,-5,Treated,5.636363636363637,False
93443,97,-4,Treated,6.0,False
93443,98,-3,Treated,6.363636363636363,False
93443,99,-2,Treated,8.238095238095237,False
93443,100,-1,Treated,15.136363636363637,False
93443,101,0,Treated,10.909090909090908,True
93443,102,1,Treated,14.636363636363637,True
93443,103,2,Treated,13.590909090909092,True
93443,104,3,Treated,12.045454545454545,True
93443,105,4,Treated,8.772727272727273,True
93443,106,5,Treated,8.590909090909092,True
93443,107,6,Treated,6.545454545454546,True
93443,108,7,Treated,9.409090909090908,True
93443,109,8,Treated,8.5,True
93443,110,9,Treated,8.727272727272727,True
93443,111,10,Treated,9.090909090909092,True
93443,112,11,Treated,6.2272727272727275,True
93443,113,12,Treated,9.045454545454545,True
93443,114,13,Treated,9.772727272727273,True
93443,115,14,Treated,11.636363636363637,True
93443,116,15,Treated,7.0,True
93443,117,16,Treated,7.045454545454546,True
93443,118,17,Treated,9.5,True
93443,119,18,Treated,17.136363636363637,True
93443,120,19,Treated,11.045454545454545,True
93443,121,20,Treated,8.363636363636363,True
